solid OpenSCAD_Model
  facet normal 0.7705128300270173 0.6374244886759189 0
    outer loop
      vertex 26.10300064086914 21.524761199951172 10
      vertex 24.7120361328125 23.206146240234375 0
      vertex 24.7120361328125 23.206146240234375 10
    endloop
  endfacet
  facet normal 0.7705128300270173 0.6374244886759189 0
    outer loop
      vertex 24.7120361328125 23.206146240234375 0
      vertex 26.10300064086914 21.524761199951172 10
      vertex 26.10300064086914 21.524761199951172 0
    endloop
  endfacet
  facet normal 0.6845472762835448 0.728968467447516 0
    outer loop
      vertex 24.7120361328125 23.206146240234375 0
      vertex 21.608673095703125 26.120399475097656 10
      vertex 24.7120361328125 23.206146240234375 10
    endloop
  endfacet
  facet normal 0.6845472762835448 0.728968467447516 0
    outer loop
      vertex 21.608673095703125 26.120399475097656 10
      vertex 24.7120361328125 23.206146240234375 0
      vertex 21.608673095703125 26.120399475097656 0
    endloop
  endfacet
  facet normal 0.12533347178446327 -0.9921146712202442 0
    outer loop
      vertex 2.128598213195801 -33.833106994628906 0
      vertex 6.352226257324219 -33.299537658691406 10
      vertex 2.128598213195801 -33.833106994628906 10
    endloop
  endfacet
  facet normal 0.12533347178446327 -0.9921146712202442 0
    outer loop
      vertex 6.352226257324219 -33.299537658691406 10
      vertex 2.128598213195801 -33.833106994628906 0
      vertex 6.352226257324219 -33.299537658691406 0
    endloop
  endfacet
  facet normal 0.6845472762835448 -0.728968467447516 0
    outer loop
      vertex 21.608673095703125 -26.120399475097656 0
      vertex 24.7120361328125 -23.206146240234375 10
      vertex 21.608673095703125 -26.120399475097656 10
    endloop
  endfacet
  facet normal 0.6845472762835448 -0.728968467447516 0
    outer loop
      vertex 24.7120361328125 -23.206146240234375 10
      vertex 21.608673095703125 -26.120399475097656 0
      vertex 24.7120361328125 -23.206146240234375 0
    endloop
  endfacet
  facet normal -0.2486902416753999 0.9685830701057246 0
    outer loop
      vertex -6.352226257324219 33.299537658691406 0
      vertex -10.475675582885742 32.240814208984375 10
      vertex -6.352226257324219 33.299537658691406 10
    endloop
  endfacet
  facet normal -0.2486902416753999 0.9685830701057246 0
    outer loop
      vertex -10.475675582885742 32.240814208984375 10
      vertex -6.352226257324219 33.299537658691406 0
      vertex -10.475675582885742 32.240814208984375 0
    endloop
  endfacet
  facet normal 0.2486902416753999 -0.9685830701057246 0
    outer loop
      vertex 6.352226257324219 -33.299537658691406 0
      vertex 10.475675582885742 -32.240814208984375 10
      vertex 6.352226257324219 -33.299537658691406 10
    endloop
  endfacet
  facet normal 0.2486902416753999 -0.9685830701057246 0
    outer loop
      vertex 10.475675582885742 -32.240814208984375 10
      vertex 6.352226257324219 -33.299537658691406 0
      vertex 10.475675582885742 -32.240814208984375 0
    endloop
  endfacet
  facet normal 1 0 0
    outer loop
      vertex 26.10300064086914 -21.524761199951172 10
      vertex 26.10300064086914 21.524761199951172 0
      vertex 26.10300064086914 21.524761199951172 10
    endloop
  endfacet
  facet normal 1 0 0
    outer loop
      vertex 26.10300064086914 21.524761199951172 0
      vertex 26.10300064086914 -21.524761199951172 10
      vertex 26.10300064086914 -21.524761199951172 0
    endloop
  endfacet
  facet normal -0.9980266799222599 0.06279129050553882 0
    outer loop
      vertex -33.900001525878906 0 0
      vertex -33.632686614990234 4.248796463012695 10
      vertex -33.632686614990234 4.248796463012695 0
    endloop
  endfacet
  facet normal -0.9980266799222599 0.06279129050553882 0
    outer loop
      vertex -33.632686614990234 4.248796463012695 10
      vertex -33.900001525878906 0 0
      vertex -33.900001525878906 0 10
    endloop
  endfacet
  facet normal 0.36812417867630925 0.929776633968553 0
    outer loop
      vertex 14.433917045593262 30.67363739013672 0
      vertex 10.475675582885742 32.240814208984375 10
      vertex 14.433917045593262 30.67363739013672 10
    endloop
  endfacet
  facet normal 0.36812417867630925 0.929776633968553 0
    outer loop
      vertex 10.475675582885742 32.240814208984375 10
      vertex 14.433917045593262 30.67363739013672 0
      vertex 10.475675582885742 32.240814208984375 0
    endloop
  endfacet
  facet normal 0.36812417867630925 -0.929776633968553 0
    outer loop
      vertex 10.475675582885742 -32.240814208984375 0
      vertex 14.433917045593262 -30.67363739013672 10
      vertex 10.475675582885742 -32.240814208984375 10
    endloop
  endfacet
  facet normal 0.36812417867630925 -0.929776633968553 0
    outer loop
      vertex 14.433917045593262 -30.67363739013672 10
      vertex 10.475675582885742 -32.240814208984375 0
      vertex 14.433917045593262 -30.67363739013672 0
    endloop
  endfacet
  facet normal 0.12533347178446327 0.9921146712202442 0
    outer loop
      vertex 6.352226257324219 33.299537658691406 0
      vertex 2.128598213195801 33.833106994628906 10
      vertex 6.352226257324219 33.299537658691406 10
    endloop
  endfacet
  facet normal 0.12533347178446327 0.9921146712202442 0
    outer loop
      vertex 2.128598213195801 33.833106994628906 10
      vertex 6.352226257324219 33.299537658691406 0
      vertex 2.128598213195801 33.833106994628906 0
    endloop
  endfacet
  facet normal 0.48175398523544183 0.8763065089965781 0
    outer loop
      vertex 18.164527893066406 28.62271499633789 0
      vertex 14.433917045593262 30.67363739013672 10
      vertex 18.164527893066406 28.62271499633789 10
    endloop
  endfacet
  facet normal 0.48175398523544183 0.8763065089965781 0
    outer loop
      vertex 14.433917045593262 30.67363739013672 10
      vertex 18.164527893066406 28.62271499633789 0
      vertex 14.433917045593262 30.67363739013672 0
    endloop
  endfacet
  facet normal 0.5877848769934394 0.8090172670455231 0
    outer loop
      vertex 21.608673095703125 26.120399475097656 0
      vertex 18.164527893066406 28.62271499633789 10
      vertex 21.608673095703125 26.120399475097656 10
    endloop
  endfacet
  facet normal 0.5877848769934394 0.8090172670455231 0
    outer loop
      vertex 18.164527893066406 28.62271499633789 10
      vertex 21.608673095703125 26.120399475097656 0
      vertex 18.164527893066406 28.62271499633789 0
    endloop
  endfacet
  facet normal 0.7705128300270173 -0.6374244886759189 0
    outer loop
      vertex 24.7120361328125 -23.206146240234375 10
      vertex 26.10300064086914 -21.524761199951172 0
      vertex 26.10300064086914 -21.524761199951172 10
    endloop
  endfacet
  facet normal 0.7705128300270173 -0.6374244886759189 0
    outer loop
      vertex 26.10300064086914 -21.524761199951172 0
      vertex 24.7120361328125 -23.206146240234375 10
      vertex 24.7120361328125 -23.206146240234375 0
    endloop
  endfacet
  facet normal -0.9980266799222599 -0.06279129050553882 0
    outer loop
      vertex -33.632686614990234 -4.248796463012695 0
      vertex -33.900001525878906 0 10
      vertex -33.900001525878906 0 0
    endloop
  endfacet
  facet normal -0.9980266799222599 -0.06279129050553882 0
    outer loop
      vertex -33.900001525878906 0 10
      vertex -33.632686614990234 -4.248796463012695 0
      vertex -33.632686614990234 -4.248796463012695 10
    endloop
  endfacet
  facet normal -0.36812417867630925 0.929776633968553 0
    outer loop
      vertex -10.475675582885742 32.240814208984375 0
      vertex -14.433917045593262 30.67363739013672 10
      vertex -10.475675582885742 32.240814208984375 10
    endloop
  endfacet
  facet normal -0.36812417867630925 0.929776633968553 0
    outer loop
      vertex -14.433917045593262 30.67363739013672 10
      vertex -10.475675582885742 32.240814208984375 0
      vertex -14.433917045593262 30.67363739013672 0
    endloop
  endfacet
  facet normal 0.48175398523544183 -0.8763065089965781 0
    outer loop
      vertex 14.433917045593262 -30.67363739013672 0
      vertex 18.164527893066406 -28.62271499633789 10
      vertex 14.433917045593262 -30.67363739013672 10
    endloop
  endfacet
  facet normal 0.48175398523544183 -0.8763065089965781 0
    outer loop
      vertex 18.164527893066406 -28.62271499633789 10
      vertex 14.433917045593262 -30.67363739013672 0
      vertex 18.164527893066406 -28.62271499633789 0
    endloop
  endfacet
  facet normal -0.5877848769934394 0.8090172670455231 0
    outer loop
      vertex -18.164527893066406 28.62271499633789 0
      vertex -21.608673095703125 26.120399475097656 10
      vertex -18.164527893066406 28.62271499633789 10
    endloop
  endfacet
  facet normal -0.5877848769934394 0.8090172670455231 0
    outer loop
      vertex -21.608673095703125 26.120399475097656 10
      vertex -18.164527893066406 28.62271499633789 0
      vertex -21.608673095703125 26.120399475097656 0
    endloop
  endfacet
  facet normal 0 -1 0
    outer loop
      vertex -2.128598213195801 -33.833106994628906 0
      vertex 2.128598213195801 -33.833106994628906 10
      vertex -2.128598213195801 -33.833106994628906 10
    endloop
  endfacet
  facet normal 0 -1 0
    outer loop
      vertex 2.128598213195801 -33.833106994628906 10
      vertex -2.128598213195801 -33.833106994628906 0
      vertex 2.128598213195801 -33.833106994628906 0
    endloop
  endfacet
  facet normal -0.6845472762835448 0.728968467447516 0
    outer loop
      vertex -21.608673095703125 26.120399475097656 0
      vertex -24.7120361328125 23.206146240234375 10
      vertex -21.608673095703125 26.120399475097656 10
    endloop
  endfacet
  facet normal -0.6845472762835448 0.728968467447516 0
    outer loop
      vertex -24.7120361328125 23.206146240234375 10
      vertex -21.608673095703125 26.120399475097656 0
      vertex -24.7120361328125 23.206146240234375 0
    endloop
  endfacet
  facet normal -0.9510565258067433 -0.30901696510128274 0
    outer loop
      vertex -31.51942253112793 -12.479421615600586 0
      vertex -32.83496856689453 -8.430586814880371 10
      vertex -32.83496856689453 -8.430586814880371 0
    endloop
  endfacet
  facet normal -0.9510565258067433 -0.30901696510128274 0
    outer loop
      vertex -32.83496856689453 -8.430586814880371 10
      vertex -31.51942253112793 -12.479421615600586 0
      vertex -31.51942253112793 -12.479421615600586 10
    endloop
  endfacet
  facet normal -0.48175398523544183 -0.8763065089965781 0
    outer loop
      vertex -18.164527893066406 -28.62271499633789 0
      vertex -14.433917045593262 -30.67363739013672 10
      vertex -18.164527893066406 -28.62271499633789 10
    endloop
  endfacet
  facet normal -0.48175398523544183 -0.8763065089965781 0
    outer loop
      vertex -14.433917045593262 -30.67363739013672 10
      vertex -18.164527893066406 -28.62271499633789 0
      vertex -14.433917045593262 -30.67363739013672 0
    endloop
  endfacet
  facet normal -0.7705134752181733 0.6374237087740096 0
    outer loop
      vertex -27.425674438476562 19.925918579101562 0
      vertex -24.7120361328125 23.206146240234375 10
      vertex -24.7120361328125 23.206146240234375 0
    endloop
  endfacet
  facet normal -0.7705134752181733 0.6374237087740096 0
    outer loop
      vertex -24.7120361328125 23.206146240234375 10
      vertex -27.425674438476562 19.925918579101562 0
      vertex -27.425674438476562 19.925918579101562 10
    endloop
  endfacet
  facet normal -0.8443278337089403 0.5358269396217104 0
    outer loop
      vertex -29.70679473876953 16.331449508666992 0
      vertex -27.425674438476562 19.925918579101562 10
      vertex -27.425674438476562 19.925918579101562 0
    endloop
  endfacet
  facet normal -0.8443278337089403 0.5358269396217104 0
    outer loop
      vertex -27.425674438476562 19.925918579101562 10
      vertex -29.70679473876953 16.331449508666992 0
      vertex -29.70679473876953 16.331449508666992 10
    endloop
  endfacet
  facet normal -0.12533347178446327 -0.9921146712202442 0
    outer loop
      vertex -6.352226257324219 -33.299537658691406 0
      vertex -2.128598213195801 -33.833106994628906 10
      vertex -6.352226257324219 -33.299537658691406 10
    endloop
  endfacet
  facet normal -0.12533347178446327 -0.9921146712202442 0
    outer loop
      vertex -2.128598213195801 -33.833106994628906 10
      vertex -6.352226257324219 -33.299537658691406 0
      vertex -2.128598213195801 -33.833106994628906 0
    endloop
  endfacet
  facet normal 0.5877848769934394 -0.8090172670455231 0
    outer loop
      vertex 18.164527893066406 -28.62271499633789 0
      vertex 21.608673095703125 -26.120399475097656 10
      vertex 18.164527893066406 -28.62271499633789 10
    endloop
  endfacet
  facet normal 0.5877848769934394 -0.8090172670455231 0
    outer loop
      vertex 21.608673095703125 -26.120399475097656 10
      vertex 18.164527893066406 -28.62271499633789 0
      vertex 21.608673095703125 -26.120399475097656 0
    endloop
  endfacet
  facet normal -0.982287299371348 0.18738105959179524 0
    outer loop
      vertex -33.632686614990234 4.248796463012695 0
      vertex -32.83496856689453 8.430586814880371 10
      vertex -32.83496856689453 8.430586814880371 0
    endloop
  endfacet
  facet normal -0.982287299371348 0.18738105959179524 0
    outer loop
      vertex -32.83496856689453 8.430586814880371 10
      vertex -33.632686614990234 4.248796463012695 0
      vertex -33.632686614990234 4.248796463012695 10
    endloop
  endfacet
  facet normal -0.7705134752181733 -0.6374237087740096 0
    outer loop
      vertex -24.7120361328125 -23.206146240234375 0
      vertex -27.425674438476562 -19.925918579101562 10
      vertex -27.425674438476562 -19.925918579101562 0
    endloop
  endfacet
  facet normal -0.7705134752181733 -0.6374237087740096 0
    outer loop
      vertex -27.425674438476562 -19.925918579101562 10
      vertex -24.7120361328125 -23.206146240234375 0
      vertex -24.7120361328125 -23.206146240234375 10
    endloop
  endfacet
  facet normal -0.8443278337089403 -0.5358269396217104 0
    outer loop
      vertex -27.425674438476562 -19.925918579101562 0
      vertex -29.70679473876953 -16.331449508666992 10
      vertex -29.70679473876953 -16.331449508666992 0
    endloop
  endfacet
  facet normal -0.8443278337089403 -0.5358269396217104 0
    outer loop
      vertex -29.70679473876953 -16.331449508666992 10
      vertex -27.425674438476562 -19.925918579101562 0
      vertex -27.425674438476562 -19.925918579101562 10
    endloop
  endfacet
  facet normal -0.6845472762835448 -0.728968467447516 0
    outer loop
      vertex -24.7120361328125 -23.206146240234375 0
      vertex -21.608673095703125 -26.120399475097656 10
      vertex -24.7120361328125 -23.206146240234375 10
    endloop
  endfacet
  facet normal -0.6845472762835448 -0.728968467447516 0
    outer loop
      vertex -21.608673095703125 -26.120399475097656 10
      vertex -24.7120361328125 -23.206146240234375 0
      vertex -21.608673095703125 -26.120399475097656 0
    endloop
  endfacet
  facet normal -0.9048269569347659 0.42577949457926156 0
    outer loop
      vertex -31.51942253112793 12.479421615600586 0
      vertex -29.70679473876953 16.331449508666992 10
      vertex -29.70679473876953 16.331449508666992 0
    endloop
  endfacet
  facet normal -0.9048269569347659 0.42577949457926156 0
    outer loop
      vertex -29.70679473876953 16.331449508666992 10
      vertex -31.51942253112793 12.479421615600586 0
      vertex -31.51942253112793 12.479421615600586 10
    endloop
  endfacet
  facet normal -0.982287299371348 -0.18738105959179524 0
    outer loop
      vertex -32.83496856689453 -8.430586814880371 0
      vertex -33.632686614990234 -4.248796463012695 10
      vertex -33.632686614990234 -4.248796463012695 0
    endloop
  endfacet
  facet normal -0.982287299371348 -0.18738105959179524 0
    outer loop
      vertex -33.632686614990234 -4.248796463012695 10
      vertex -32.83496856689453 -8.430586814880371 0
      vertex -32.83496856689453 -8.430586814880371 10
    endloop
  endfacet
  facet normal 0 0 1
    outer loop
      vertex -24.05155372619629 6.444594383239746 10
      vertex -19 -15 10
      vertex -23.964677810668945 6.875455856323242 10
    endloop
  endfacet
  facet normal 0 0 1
    outer loop
      vertex -24.191747665405273 6.028019428253174 10
      vertex -19 -15 10
      vertex -24.05155372619629 6.444594383239746 10
    endloop
  endfacet
  facet normal 0 0 1
    outer loop
      vertex -24.383045196533203 5.632298946380615 10
      vertex -19 -15 10
      vertex -24.191747665405273 6.028019428253174 10
    endloop
  endfacet
  facet normal 0 0 1
    outer loop
      vertex -24.622432708740234 5.263674736022949 10
      vertex -19 -15 10
      vertex -24.383045196533203 5.632298946380615 10
    endloop
  endfacet
  facet normal 0 0 1
    outer loop
      vertex -24.9061336517334 4.927960395812988 10
      vertex -19 -15 10
      vertex -24.622432708740234 5.263674736022949 10
    endloop
  endfacet
  facet normal 0 0 1
    outer loop
      vertex -25.229671478271484 4.630450248718262 10
      vertex -19 -15 10
      vertex -24.9061336517334 4.927960395812988 10
    endloop
  endfacet
  facet normal 0 0 1
    outer loop
      vertex -19 -15 10
      vertex -24.7120361328125 -23.206146240234375 10
      vertex -21.608673095703125 -26.120399475097656 10
    endloop
  endfacet
  facet normal 0 0 1
    outer loop
      vertex -25.587947845458984 4.375837326049805 10
      vertex -19 -15 10
      vertex -25.229671478271484 4.630450248718262 10
    endloop
  endfacet
  facet normal 0 0 1
    outer loop
      vertex -25.975311279296875 4.168135643005371 10
      vertex -19 -15 10
      vertex -25.587947845458984 4.375837326049805 10
    endloop
  endfacet
  facet normal 0 0 1
    outer loop
      vertex -26.385650634765625 4.010621070861816 10
      vertex -19 -15 10
      vertex -25.975311279296875 4.168135643005371 10
    endloop
  endfacet
  facet normal 0 0 1
    outer loop
      vertex -19 -15 10
      vertex -26.385650634765625 4.010621070861816 10
      vertex -32.83496856689453 -8.430586814880371 10
    endloop
  endfacet
  facet normal 0 0 1
    outer loop
      vertex -32.83496856689453 -8.430586814880371 10
      vertex -26.385650634765625 4.010621070861816 10
      vertex -26.812498092651367 3.9057772159576416 10
    endloop
  endfacet
  facet normal 0 0 1
    outer loop
      vertex -33.632686614990234 -4.248796463012695 10
      vertex -26.812498092651367 3.9057772159576416 10
      vertex -27.249116897583008 3.8552582263946533 10
    endloop
  endfacet
  facet normal 0 0 1
    outer loop
      vertex -19 -15 10
      vertex -27.425674438476562 -19.925918579101562 10
      vertex -24.7120361328125 -23.206146240234375 10
    endloop
  endfacet
  facet normal 0 0 1
    outer loop
      vertex -33.632686614990234 -4.248796463012695 10
      vertex -27.249116897583008 3.8552582263946533 10
      vertex -27.688627243041992 3.859861135482788 10
    endloop
  endfacet
  facet normal 0 0 1
    outer loop
      vertex -33.900001525878906 0 10
      vertex -27.688627243041992 3.859861135482788 10
      vertex -28.124094009399414 3.9195117950439453 10
    endloop
  endfacet
  facet normal 0 0 1
    outer loop
      vertex -33.900001525878906 0 10
      vertex -28.124094009399414 3.9195117950439453 10
      vertex -28.54865074157715 4.033271312713623 10
    endloop
  endfacet
  facet normal 0 0 1
    outer loop
      vertex -33.900001525878906 0 10
      vertex -28.54865074157715 4.033271312713623 10
      vertex -28.955602645874023 4.19934606552124 10
    endloop
  endfacet
  facet normal 0 0 1
    outer loop
      vertex -33.900001525878906 0 10
      vertex -28.955602645874023 4.19934606552124 10
      vertex -29.338529586791992 4.415114402770996 10
    endloop
  endfacet
  facet normal 0 0 1
    outer loop
      vertex -33.900001525878906 0 10
      vertex -29.338529586791992 4.415114402770996 10
      vertex -29.691394805908203 4.677175045013428 10
    endloop
  endfacet
  facet normal 0 0 1
    outer loop
      vertex -19 -15 10
      vertex -29.70679473876953 -16.331449508666992 10
      vertex -27.425674438476562 -19.925918579101562 10
    endloop
  endfacet
  facet normal 0 0 1
    outer loop
      vertex -33.632686614990234 4.248796463012695 10
      vertex -29.691394805908203 4.677175045013428 10
      vertex -30.00863265991211 4.981395721435547 10
    endloop
  endfacet
  facet normal 0 0 1
    outer loop
      vertex -33.632686614990234 4.248796463012695 10
      vertex -30.00863265991211 4.981395721435547 10
      vertex -30.285240173339844 5.322977542877197 10
    endloop
  endfacet
  facet normal 0 0 1
    outer loop
      vertex -33.632686614990234 4.248796463012695 10
      vertex -30.285240173339844 5.322977542877197 10
      vertex -30.516855239868164 5.696533679962158 10
    endloop
  endfacet
  facet normal 0 0 1
    outer loop
      vertex -33.632686614990234 4.248796463012695 10
      vertex -30.516855239868164 5.696533679962158 10
      vertex -30.699825286865234 6.096173286437988 10
    endloop
  endfacet
  facet normal 0 0 1
    outer loop
      vertex -33.632686614990234 4.248796463012695 10
      vertex -30.699825286865234 6.096173286437988 10
      vertex -30.831262588500977 6.515594482421875 10
    endloop
  endfacet
  facet normal 0 0 1
    outer loop
      vertex -32.83496856689453 8.430586814880371 10
      vertex -30.831262588500977 6.515594482421875 10
      vertex -30.90909767150879 6.948181629180908 10
    endloop
  endfacet
  facet normal 0 0 1
    outer loop
      vertex -32.83496856689453 8.430586814880371 10
      vertex -30.90909767150879 6.948181629180908 10
      vertex -30.932100296020508 7.387112617492676 10
    endloop
  endfacet
  facet normal 0 0 1
    outer loop
      vertex -30.89990997314453 7.825466156005859 10
      vertex -32.83496856689453 8.430586814880371 10
      vertex -30.932100296020508 7.387112617492676 10
    endloop
  endfacet
  facet normal 0 0 1
    outer loop
      vertex -19 -15 10
      vertex -31.51942253112793 -12.479421615600586 10
      vertex -29.70679473876953 -16.331449508666992 10
    endloop
  endfacet
  facet normal 0 0 1
    outer loop
      vertex -30.831262588500977 6.515594482421875 10
      vertex -32.83496856689453 8.430586814880371 10
      vertex -33.632686614990234 4.248796463012695 10
    endloop
  endfacet
  facet normal 0 0 1
    outer loop
      vertex -19 -15 10
      vertex -32.83496856689453 -8.430586814880371 10
      vertex -31.51942253112793 -12.479421615600586 10
    endloop
  endfacet
  facet normal 0 0 1
    outer loop
      vertex -29.691394805908203 4.677175045013428 10
      vertex -33.632686614990234 4.248796463012695 10
      vertex -33.900001525878906 0 10
    endloop
  endfacet
  facet normal 0 0 1
    outer loop
      vertex -26.812498092651367 3.9057772159576416 10
      vertex -33.632686614990234 -4.248796463012695 10
      vertex -32.83496856689453 -8.430586814880371 10
    endloop
  endfacet
  facet normal 0 0 1
    outer loop
      vertex -27.688627243041992 3.859861135482788 10
      vertex -33.900001525878906 0 10
      vertex -33.632686614990234 -4.248796463012695 10
    endloop
  endfacet
  facet normal 0 0 1
    outer loop
      vertex -6.622920036315918 -20.02594566345215 10
      vertex -7.433536529541016 -20.09075927734375 10
      vertex -7.432539939880371 -20.256919860839844 10
    endloop
  endfacet
  facet normal 0 0 1
    outer loop
      vertex -7.173637390136719 -19.180322647094727 10
      vertex -7.436526298522949 -19.906166076660156 10
      vertex -7.433536529541016 -20.09075927734375 10
    endloop
  endfacet
  facet normal 0 0 1
    outer loop
      vertex -7.173637390136719 -19.180322647094727 10
      vertex -7.441510200500488 -19.703140258789062 10
      vertex -7.436526298522949 -19.906166076660156 10
    endloop
  endfacet
  facet normal 0 0 1
    outer loop
      vertex -7.173637390136719 -19.180322647094727 10
      vertex -7.448487281799316 -19.481679916381836 10
      vertex -7.441510200500488 -19.703140258789062 10
    endloop
  endfacet
  facet normal 0 0 1
    outer loop
      vertex -7.468421936035156 -18.98345947265625 10
      vertex -7.314634323120117 -18.94774627685547 10
      vertex -7.4569597244262695 -18.70669937133789 10
    endloop
  endfacet
  facet normal 0 0 1
    outer loop
      vertex -7.173637390136719 -19.180322647094727 10
      vertex -7.457457542419434 -19.24178695678711 10
      vertex -7.448487281799316 -19.481679916381836 10
    endloop
  endfacet
  facet normal 0 0 1
    outer loop
      vertex -7.314634323120117 -18.94774627685547 10
      vertex -7.468421936035156 -18.98345947265625 10
      vertex -7.457457542419434 -19.24178695678711 10
    endloop
  endfacet
  facet normal 0 0 1
    outer loop
      vertex -7.468421936035156 -18.98345947265625 10
      vertex -7.4569597244262695 -18.70669937133789 10
      vertex -7.481379508972168 -18.70669937133789 10
    endloop
  endfacet
  facet normal 0 0 1
    outer loop
      vertex 2.913759231567383 -22.72256088256836 10
      vertex -3.668919563293457 -22.72256088256836 10
      vertex -2.128598213195801 -33.833106994628906 10
    endloop
  endfacet
  facet normal 0 0 1
    outer loop
      vertex -6.352226257324219 -33.299537658691406 10
      vertex -3.668919563293457 -22.72256088256836 10
      vertex -4.714599609375 -22.72256088256836 10
    endloop
  endfacet
  facet normal 0 0 1
    outer loop
      vertex -3.668919563293457 -22.72256088256836 10
      vertex -6.352226257324219 -33.299537658691406 10
      vertex -2.128598213195801 -33.833106994628906 10
    endloop
  endfacet
  facet normal 0 0 1
    outer loop
      vertex -7.432539939880371 -22.72256088256836 10
      vertex -4.714599609375 -22.72256088256836 10
      vertex -6.488559722900391 -20.21617889404297 10
    endloop
  endfacet
  facet normal 0 0 1
    outer loop
      vertex -7.432539939880371 -20.256919860839844 10
      vertex -6.488559722900391 -20.21617889404297 10
      vertex -6.622920036315918 -20.02594566345215 10
    endloop
  endfacet
  facet normal 0 0 1
    outer loop
      vertex -7.433536529541016 -20.09075927734375 10
      vertex -6.622920036315918 -20.02594566345215 10
      vertex -6.758608818054199 -19.82724380493164 10
    endloop
  endfacet
  facet normal 0 0 1
    outer loop
      vertex -7.433536529541016 -20.09075927734375 10
      vertex -6.758608818054199 -19.82724380493164 10
      vertex -6.895624160766602 -19.620071411132812 10
    endloop
  endfacet
  facet normal 0 0 1
    outer loop
      vertex -7.433536529541016 -20.09075927734375 10
      vertex -6.895624160766602 -19.620071411132812 10
      vertex -7.033967018127441 -19.404430389404297 10
    endloop
  endfacet
  facet normal 0 0 1
    outer loop
      vertex -7.433536529541016 -20.09075927734375 10
      vertex -7.033967018127441 -19.404430389404297 10
      vertex -7.173637390136719 -19.180322647094727 10
    endloop
  endfacet
  facet normal 0 0 1
    outer loop
      vertex -7.457457542419434 -19.24178695678711 10
      vertex -7.173637390136719 -19.180322647094727 10
      vertex -7.314634323120117 -18.94774627685547 10
    endloop
  endfacet
  facet normal 0 0 1
    outer loop
      vertex -6.488559722900391 -20.21617889404297 10
      vertex -7.432539939880371 -20.256919860839844 10
      vertex -7.432539939880371 -22.72256088256836 10
    endloop
  endfacet
  facet normal 0 0 1
    outer loop
      vertex -4.714599609375 -22.72256088256836 10
      vertex -7.432539939880371 -22.72256088256836 10
      vertex -6.352226257324219 -33.299537658691406 10
    endloop
  endfacet
  facet normal 0 0 1
    outer loop
      vertex -10.475675582885742 -32.240814208984375 10
      vertex -7.432539939880371 -22.72256088256836 10
      vertex -8.4293794631958 -22.72256088256836 10
    endloop
  endfacet
  facet normal 0 0 1
    outer loop
      vertex -9.650379180908203 -22.55575942993164 10
      vertex -8.4293794631958 -22.72256088256836 10
      vertex -9.650379180908203 -19.80931854248047 10
    endloop
  endfacet
  facet normal 0 0 1
    outer loop
      vertex -9.686619758605957 -22.56863021850586 10
      vertex -8.4293794631958 -22.72256088256836 10
      vertex -9.650379180908203 -22.55575942993164 10
    endloop
  endfacet
  facet normal 0 0 1
    outer loop
      vertex -9.725602149963379 -22.581668853759766 10
      vertex -8.4293794631958 -22.72256088256836 10
      vertex -9.686619758605957 -22.56863021850586 10
    endloop
  endfacet
  facet normal 0 0 1
    outer loop
      vertex -9.767328262329102 -22.59487533569336 10
      vertex -8.4293794631958 -22.72256088256836 10
      vertex -9.725602149963379 -22.581668853759766 10
    endloop
  endfacet
  facet normal 0 0 1
    outer loop
      vertex -9.811797142028809 -22.608245849609375 10
      vertex -8.4293794631958 -22.72256088256836 10
      vertex -9.767328262329102 -22.59487533569336 10
    endloop
  endfacet
  facet normal 0 0 1
    outer loop
      vertex -9.859007835388184 -22.621784210205078 10
      vertex -8.4293794631958 -22.72256088256836 10
      vertex -9.811797142028809 -22.608245849609375 10
    endloop
  endfacet
  facet normal 0 0 1
    outer loop
      vertex -9.90896224975586 -22.635488510131836 10
      vertex -8.4293794631958 -22.72256088256836 10
      vertex -9.859007835388184 -22.621784210205078 10
    endloop
  endfacet
  facet normal 0 0 1
    outer loop
      vertex -9.96165943145752 -22.64936065673828 10
      vertex -8.4293794631958 -22.72256088256836 10
      vertex -9.90896224975586 -22.635488510131836 10
    endloop
  endfacet
  facet normal 0 0 1
    outer loop
      vertex -10.016624450683594 -22.663089752197266 10
      vertex -8.4293794631958 -22.72256088256836 10
      vertex -9.96165943145752 -22.64936065673828 10
    endloop
  endfacet
  facet normal 0 0 1
    outer loop
      vertex -10.073416709899902 -22.676406860351562 10
      vertex -8.4293794631958 -22.72256088256836 10
      vertex -10.016624450683594 -22.663089752197266 10
    endloop
  endfacet
  facet normal 0 0 1
    outer loop
      vertex -10.132035255432129 -22.689308166503906 10
      vertex -8.4293794631958 -22.72256088256836 10
      vertex -10.073416709899902 -22.676406860351562 10
    endloop
  endfacet
  facet normal 0 0 1
    outer loop
      vertex -10.19248104095459 -22.701797485351562 10
      vertex -8.4293794631958 -22.72256088256836 10
      vertex -10.132035255432129 -22.689308166503906 10
    endloop
  endfacet
  facet normal 0 0 1
    outer loop
      vertex -10.254753112792969 -22.713871002197266 10
      vertex -8.4293794631958 -22.72256088256836 10
      vertex -10.19248104095459 -22.701797485351562 10
    endloop
  endfacet
  facet normal 0 0 1
    outer loop
      vertex -8.4293794631958 -22.72256088256836 10
      vertex -10.254753112792969 -22.713871002197266 10
      vertex -10.475675582885742 -32.240814208984375 10
    endloop
  endfacet
  facet normal 0 0 1
    outer loop
      vertex -10.475675582885742 -32.240814208984375 10
      vertex -10.254753112792969 -22.713871002197266 10
      vertex -10.318853378295898 -22.72553253173828 10
    endloop
  endfacet
  facet normal 0 0 1
    outer loop
      vertex -10.475675582885742 -32.240814208984375 10
      vertex -10.318853378295898 -22.72553253173828 10
      vertex -10.384779930114746 -22.736778259277344 10
    endloop
  endfacet
  facet normal 0 0 1
    outer loop
      vertex -10.475675582885742 -32.240814208984375 10
      vertex -10.384779930114746 -22.736778259277344 10
      vertex -10.451910972595215 -22.747543334960938 10
    endloop
  endfacet
  facet normal 0 0 1
    outer loop
      vertex -7.432539939880371 -22.72256088256836 10
      vertex -10.475675582885742 -32.240814208984375 10
      vertex -6.352226257324219 -33.299537658691406 10
    endloop
  endfacet
  facet normal 0 0 1
    outer loop
      vertex -10.519625663757324 -22.757722854614258 10
      vertex -10.475675582885742 -32.240814208984375 10
      vertex -10.451910972595215 -22.747543334960938 10
    endloop
  endfacet
  facet normal 0 0 1
    outer loop
      vertex -10.587922096252441 -22.767316818237305 10
      vertex -10.475675582885742 -32.240814208984375 10
      vertex -10.519625663757324 -22.757722854614258 10
    endloop
  endfacet
  facet normal 0 0 1
    outer loop
      vertex -10.6568021774292 -22.776325225830078 10
      vertex -10.475675582885742 -32.240814208984375 10
      vertex -10.587922096252441 -22.767316818237305 10
    endloop
  endfacet
  facet normal 0 0 1
    outer loop
      vertex -10.726264953613281 -22.784748077392578 10
      vertex -10.475675582885742 -32.240814208984375 10
      vertex -10.6568021774292 -22.776325225830078 10
    endloop
  endfacet
  facet normal 0 0 1
    outer loop
      vertex -10.796311378479004 -22.792587280273438 10
      vertex -10.475675582885742 -32.240814208984375 10
      vertex -10.726264953613281 -22.784748077392578 10
    endloop
  endfacet
  facet normal 0 0 1
    outer loop
      vertex -10.866939544677734 -22.79983901977539 10
      vertex -10.475675582885742 -32.240814208984375 10
      vertex -10.796311378479004 -22.792587280273438 10
    endloop
  endfacet
  facet normal 0 0 1
    outer loop
      vertex -10.937760353088379 -22.806318283081055 10
      vertex -10.475675582885742 -32.240814208984375 10
      vertex -10.866939544677734 -22.79983901977539 10
    endloop
  endfacet
  facet normal 0 0 1
    outer loop
      vertex -11.008417129516602 -22.811800003051758 10
      vertex -10.475675582885742 -32.240814208984375 10
      vertex -10.937760353088379 -22.806318283081055 10
    endloop
  endfacet
  facet normal 0 0 1
    outer loop
      vertex -11.078909873962402 -22.816286087036133 10
      vertex -10.475675582885742 -32.240814208984375 10
      vertex -11.008417129516602 -22.811800003051758 10
    endloop
  endfacet
  facet normal 0 0 1
    outer loop
      vertex -11.149238586425781 -22.819774627685547 10
      vertex -10.475675582885742 -32.240814208984375 10
      vertex -11.078909873962402 -22.816286087036133 10
    endloop
  endfacet
  facet normal 0 0 1
    outer loop
      vertex -14.433917045593262 -30.67363739013672 10
      vertex -11.149238586425781 -22.819774627685547 10
      vertex -11.219403266906738 -22.822265625 10
    endloop
  endfacet
  facet normal 0 0 1
    outer loop
      vertex -14.433917045593262 -30.67363739013672 10
      vertex -11.219403266906738 -22.822265625 10
      vertex -11.289402961730957 -22.823760986328125 10
    endloop
  endfacet
  facet normal 0 0 1
    outer loop
      vertex -14.433917045593262 -30.67363739013672 10
      vertex -11.289402961730957 -22.823760986328125 10
      vertex -11.35923957824707 -22.824260711669922 10
    endloop
  endfacet
  facet normal 0 0 1
    outer loop
      vertex -14.433917045593262 -30.67363739013672 10
      vertex -11.35923957824707 -22.824260711669922 10
      vertex -11.56470775604248 -22.820232391357422 10
    endloop
  endfacet
  facet normal 0 0 1
    outer loop
      vertex -14.433917045593262 -30.67363739013672 10
      vertex -11.56470775604248 -22.820232391357422 10
      vertex -11.76262092590332 -22.808151245117188 10
    endloop
  endfacet
  facet normal 0 0 1
    outer loop
      vertex -14.433917045593262 -30.67363739013672 10
      vertex -11.76262092590332 -22.808151245117188 10
      vertex -11.95297908782959 -22.788013458251953 10
    endloop
  endfacet
  facet normal 0 0 1
    outer loop
      vertex -14.433917045593262 -30.67363739013672 10
      vertex -11.95297908782959 -22.788013458251953 10
      vertex -12.135781288146973 -22.759822845458984 10
    endloop
  endfacet
  facet normal 0 0 1
    outer loop
      vertex -14.433917045593262 -30.67363739013672 10
      vertex -12.135781288146973 -22.759822845458984 10
      vertex -12.311029434204102 -22.723575592041016 10
    endloop
  endfacet
  facet normal 0 0 1
    outer loop
      vertex -14.433917045593262 -30.67363739013672 10
      vertex -12.311029434204102 -22.723575592041016 10
      vertex -12.478721618652344 -22.679275512695312 10
    endloop
  endfacet
  facet normal 0 0 1
    outer loop
      vertex -14.433917045593262 -30.67363739013672 10
      vertex -12.478721618652344 -22.679275512695312 10
      vertex -12.638859748840332 -22.62691879272461 10
    endloop
  endfacet
  facet normal 0 0 1
    outer loop
      vertex -15.334599494934082 -22.72256088256836 10
      vertex -12.638859748840332 -22.62691879272461 10
      vertex -12.791481971740723 -22.567256927490234 10
    endloop
  endfacet
  facet normal 0 0 1
    outer loop
      vertex -15.334599494934082 -22.72256088256836 10
      vertex -12.791481971740723 -22.567256927490234 10
      vertex -12.936631202697754 -22.50103759765625 10
    endloop
  endfacet
  facet normal 0 0 1
    outer loop
      vertex -15.334599494934082 -22.72256088256836 10
      vertex -12.936631202697754 -22.50103759765625 10
      vertex -13.074305534362793 -22.42825698852539 10
    endloop
  endfacet
  facet normal 0 0 1
    outer loop
      vertex -15.334599494934082 -22.72256088256836 10
      vertex -13.074305534362793 -22.42825698852539 10
      vertex -13.20450496673584 -22.348920822143555 10
    endloop
  endfacet
  facet normal 0 0 1
    outer loop
      vertex -15.334599494934082 -22.72256088256836 10
      vertex -13.20450496673584 -22.348920822143555 10
      vertex -13.327231407165527 -22.263025283813477 10
    endloop
  endfacet
  facet normal 0 0 1
    outer loop
      vertex -15.334599494934082 -22.72256088256836 10
      vertex -13.327231407165527 -22.263025283813477 10
      vertex -13.442481994628906 -22.170570373535156 10
    endloop
  endfacet
  facet normal 0 0 1
    outer loop
      vertex -15.334599494934082 -22.72256088256836 10
      vertex -13.442481994628906 -22.170570373535156 10
      vertex -13.550259590148926 -22.07155990600586 10
    endloop
  endfacet
  facet normal 0 0 1
    outer loop
      vertex -15.334599494934082 -22.72256088256836 10
      vertex -13.550259590148926 -22.07155990600586 10
      vertex -13.65056324005127 -21.966468811035156 10
    endloop
  endfacet
  facet normal 0 0 1
    outer loop
      vertex -15.334599494934082 -22.72256088256836 10
      vertex -13.65056324005127 -21.966468811035156 10
      vertex -13.743395805358887 -21.855819702148438 10
    endloop
  endfacet
  facet normal 0 0 1
    outer loop
      vertex -15.334599494934082 -22.72256088256836 10
      vertex -13.743395805358887 -21.855819702148438 10
      vertex -13.828756332397461 -21.739606857299805 10
    endloop
  endfacet
  facet normal 0 0 1
    outer loop
      vertex -15.334599494934082 -22.72256088256836 10
      vertex -13.828756332397461 -21.739606857299805 10
      vertex -13.906644821166992 -21.61783218383789 10
    endloop
  endfacet
  facet normal 0 0 1
    outer loop
      vertex -15.334599494934082 -22.72256088256836 10
      vertex -13.906644821166992 -21.61783218383789 10
      vertex -13.97706127166748 -21.490497589111328 10
    endloop
  endfacet
  facet normal 0 0 1
    outer loop
      vertex -15.334599494934082 -22.72256088256836 10
      vertex -13.97706127166748 -21.490497589111328 10
      vertex -14.040006637573242 -21.35759735107422 10
    endloop
  endfacet
  facet normal 0 0 1
    outer loop
      vertex -15.334599494934082 -22.72256088256836 10
      vertex -14.040006637573242 -21.35759735107422 10
      vertex -14.095479965209961 -21.219139099121094 10
    endloop
  endfacet
  facet normal 0 0 1
    outer loop
      vertex -15.334599494934082 -22.72256088256836 10
      vertex -14.095479965209961 -21.219139099121094 10
      vertex -14.143521308898926 -21.075782775878906 10
    endloop
  endfacet
  facet normal 0 0 1
    outer loop
      vertex -12.638859748840332 -22.62691879272461 10
      vertex -15.334599494934082 -22.72256088256836 10
      vertex -14.433917045593262 -30.67363739013672 10
    endloop
  endfacet
  facet normal 0 0 1
    outer loop
      vertex -15.334599494934082 -22.72256088256836 10
      vertex -14.143521308898926 -21.075782775878906 10
      vertex -14.184171676635742 -20.928192138671875 10
    endloop
  endfacet
  facet normal 0 0 1
    outer loop
      vertex -15.334599494934082 -22.72256088256836 10
      vertex -14.184171676635742 -20.928192138671875 10
      vertex -14.21743106842041 -20.776365280151367 10
    endloop
  endfacet
  facet normal 0 0 1
    outer loop
      vertex -15.334599494934082 -22.72256088256836 10
      vertex -14.21743106842041 -20.776365280151367 10
      vertex -14.24329948425293 -20.620304107666016 10
    endloop
  endfacet
  facet normal 0 0 1
    outer loop
      vertex -15.334599494934082 -22.72256088256836 10
      vertex -14.24329948425293 -20.620304107666016 10
      vertex -14.261777877807617 -20.460010528564453 10
    endloop
  endfacet
  facet normal 0 0 1
    outer loop
      vertex -15.334599494934082 -22.72256088256836 10
      vertex -14.261777877807617 -20.460010528564453 10
      vertex -14.27286434173584 -20.295482635498047 10
    endloop
  endfacet
  facet normal 0 0 1
    outer loop
      vertex -15.334599494934082 -22.72256088256836 10
      vertex -14.27286434173584 -20.295482635498047 10
      vertex -14.276559829711914 -20.126720428466797 10
    endloop
  endfacet
  facet normal 0 0 1
    outer loop
      vertex -4.750506401062012 -21.101703643798828 10
      vertex -4.616979598999023 -21.290359497070312 10
      vertex -4.629920959472656 -20.998737335205078 10
    endloop
  endfacet
  facet normal 0 0 1
    outer loop
      vertex -4.868581771850586 -20.90540885925293 10
      vertex -4.629920959472656 -20.998737335205078 10
      vertex -4.640872001647949 -20.73069953918457 10
    endloop
  endfacet
  facet normal 0 0 1
    outer loop
      vertex -4.995624542236328 -20.701473236083984 10
      vertex -4.640872001647949 -20.73069953918457 10
      vertex -4.649831771850586 -20.48624038696289 10
    endloop
  endfacet
  facet normal 0 0 1
    outer loop
      vertex -5.131636619567871 -20.48989486694336 10
      vertex -4.649831771850586 -20.48624038696289 10
      vertex -4.656800270080566 -20.265363693237305 10
    endloop
  endfacet
  facet normal 0 0 1
    outer loop
      vertex -5.276616096496582 -20.27067756652832 10
      vertex -4.656800270080566 -20.265363693237305 10
      vertex -4.661777496337891 -20.06806755065918 10
    endloop
  endfacet
  facet normal 0 0 1
    outer loop
      vertex -5.276616096496582 -20.27067756652832 10
      vertex -4.661777496337891 -20.06806755065918 10
      vertex -4.664764404296875 -19.894351959228516 10
    endloop
  endfacet
  facet normal 0 0 1
    outer loop
      vertex -4.616979598999023 -21.290359497070312 10
      vertex -4.750506401062012 -21.101703643798828 10
      vertex -4.641399383544922 -21.290359497070312 10
    endloop
  endfacet
  facet normal 0 0 1
    outer loop
      vertex -5.430563926696777 -20.043819427490234 10
      vertex -4.664764404296875 -19.894351959228516 10
      vertex -4.665759086608887 -19.744220733642578 10
    endloop
  endfacet
  facet normal 0 0 1
    outer loop
      vertex -8.4293794631958 -17.278579711914062 10
      vertex -9.84567928314209 -18.226579666137695 10
      vertex -9.650379180908203 -19.80931854248047 10
    endloop
  endfacet
  facet normal 0 0 1
    outer loop
      vertex -9.93647289276123 -18.198518753051758 10
      vertex -9.650379180908203 -19.80931854248047 10
      vertex -9.84567928314209 -18.226579666137695 10
    endloop
  endfacet
  facet normal 0 0 1
    outer loop
      vertex -10.02751636505127 -18.17245101928711 10
      vertex -9.650379180908203 -19.80931854248047 10
      vertex -9.93647289276123 -18.198518753051758 10
    endloop
  endfacet
  facet normal 0 0 1
    outer loop
      vertex -10.118809700012207 -18.148378372192383 10
      vertex -9.650379180908203 -19.80931854248047 10
      vertex -10.02751636505127 -18.17245101928711 10
    endloop
  endfacet
  facet normal 0 0 1
    outer loop
      vertex -10.210351943969727 -18.126298904418945 10
      vertex -9.650379180908203 -19.80931854248047 10
      vertex -10.118809700012207 -18.148378372192383 10
    endloop
  endfacet
  facet normal 0 0 1
    outer loop
      vertex -10.302145004272461 -18.106212615966797 10
      vertex -9.650379180908203 -19.80931854248047 10
      vertex -10.210351943969727 -18.126298904418945 10
    endloop
  endfacet
  facet normal 0 0 1
    outer loop
      vertex -10.394186973571777 -18.088119506835938 10
      vertex -9.650379180908203 -19.80931854248047 10
      vertex -10.302145004272461 -18.106212615966797 10
    endloop
  endfacet
  facet normal 0 0 1
    outer loop
      vertex -10.486479759216309 -18.072019577026367 10
      vertex -9.650379180908203 -19.80931854248047 10
      vertex -10.394186973571777 -18.088119506835938 10
    endloop
  endfacet
  facet normal 0 0 1
    outer loop
      vertex -10.579021453857422 -18.057979583740234 10
      vertex -9.650379180908203 -19.80931854248047 10
      vertex -10.486479759216309 -18.072019577026367 10
    endloop
  endfacet
  facet normal 0 0 1
    outer loop
      vertex -11.867859840393066 -19.80931854248047 10
      vertex -10.579021453857422 -18.057979583740234 10
      vertex -10.671813011169434 -18.046100616455078 10
    endloop
  endfacet
  facet normal 0 0 1
    outer loop
      vertex -11.867859840393066 -19.80931854248047 10
      vertex -10.671813011169434 -18.046100616455078 10
      vertex -10.76485538482666 -18.036380767822266 10
    endloop
  endfacet
  facet normal 0 0 1
    outer loop
      vertex -11.867859840393066 -19.80931854248047 10
      vertex -10.76485538482666 -18.036380767822266 10
      vertex -10.858146667480469 -18.028820037841797 10
    endloop
  endfacet
  facet normal 0 0 1
    outer loop
      vertex -11.867859840393066 -19.80931854248047 10
      vertex -10.858146667480469 -18.028820037841797 10
      vertex -10.951687812805176 -18.023418426513672 10
    endloop
  endfacet
  facet normal 0 0 1
    outer loop
      vertex -11.867859840393066 -19.80931854248047 10
      vertex -10.951687812805176 -18.023418426513672 10
      vertex -11.045478820800781 -18.020179748535156 10
    endloop
  endfacet
  facet normal 0 0 1
    outer loop
      vertex -11.867859840393066 -19.80931854248047 10
      vertex -11.045478820800781 -18.020179748535156 10
      vertex -11.139519691467285 -18.019100189208984 10
    endloop
  endfacet
  facet normal 0 0 1
    outer loop
      vertex -11.867859840393066 -19.80931854248047 10
      vertex -11.139519691467285 -18.019100189208984 10
      vertex -11.265076637268066 -18.02179718017578 10
    endloop
  endfacet
  facet normal 0 0 1
    outer loop
      vertex -11.867859840393066 -19.80931854248047 10
      vertex -11.265076637268066 -18.02179718017578 10
      vertex -11.388306617736816 -18.029895782470703 10
    endloop
  endfacet
  facet normal 0 0 1
    outer loop
      vertex -11.867859840393066 -19.80931854248047 10
      vertex -11.388306617736816 -18.029895782470703 10
      vertex -11.509210586547852 -18.04338836669922 10
    endloop
  endfacet
  facet normal 0 0 1
    outer loop
      vertex -11.867859840393066 -19.80931854248047 10
      vertex -11.509210586547852 -18.04338836669922 10
      vertex -11.627787590026855 -18.062278747558594 10
    endloop
  endfacet
  facet normal 0 0 1
    outer loop
      vertex -11.867859840393066 -19.80931854248047 10
      vertex -11.627787590026855 -18.062278747558594 10
      vertex -11.744037628173828 -18.08656883239746 10
    endloop
  endfacet
  facet normal 0 0 1
    outer loop
      vertex -11.867859840393066 -19.80931854248047 10
      vertex -11.744037628173828 -18.08656883239746 10
      vertex -11.857961654663086 -18.116256713867188 10
    endloop
  endfacet
  facet normal 0 0 1
    outer loop
      vertex -10.579021453857422 -18.057979583740234 10
      vertex -11.867859840393066 -19.80931854248047 10
      vertex -9.650379180908203 -19.80931854248047 10
    endloop
  endfacet
  facet normal 0 0 1
    outer loop
      vertex -12.077877044677734 -18.191696166992188 10
      vertex -11.867859840393066 -19.80931854248047 10
      vertex -11.969559669494629 -18.15134048461914 10
    endloop
  endfacet
  facet normal 0 0 1
    outer loop
      vertex -11.969559669494629 -18.15134048461914 10
      vertex -11.867859840393066 -19.80931854248047 10
      vertex -11.857961654663086 -18.116256713867188 10
    endloop
  endfacet
  facet normal 0 0 1
    outer loop
      vertex -10.64721965789795 -20.64344024658203 10
      vertex -10.687664031982422 -21.92487335205078 10
      vertex -10.64721965789795 -21.91693878173828 10
    endloop
  endfacet
  facet normal 0 0 1
    outer loop
      vertex -10.64721965789795 -20.64344024658203 10
      vertex -10.729936599731445 -21.932392120361328 10
      vertex -10.687664031982422 -21.92487335205078 10
    endloop
  endfacet
  facet normal 0 0 1
    outer loop
      vertex -10.64721965789795 -20.64344024658203 10
      vertex -10.774035453796387 -21.939495086669922 10
      vertex -10.729936599731445 -21.932392120361328 10
    endloop
  endfacet
  facet normal 0 0 1
    outer loop
      vertex -10.64721965789795 -20.64344024658203 10
      vertex -10.819960594177246 -21.94618034362793 10
      vertex -10.774035453796387 -21.939495086669922 10
    endloop
  endfacet
  facet normal 0 0 1
    outer loop
      vertex -10.64721965789795 -20.64344024658203 10
      vertex -10.86771297454834 -21.952449798583984 10
      vertex -10.819960594177246 -21.94618034362793 10
    endloop
  endfacet
  facet normal 0 0 1
    outer loop
      vertex -10.64721965789795 -20.64344024658203 10
      vertex -10.917292594909668 -21.958301544189453 10
      vertex -10.86771297454834 -21.952449798583984 10
    endloop
  endfacet
  facet normal 0 0 1
    outer loop
      vertex -10.64721965789795 -20.64344024658203 10
      vertex -10.96869945526123 -21.9637393951416 10
      vertex -10.917292594909668 -21.958301544189453 10
    endloop
  endfacet
  facet normal 0 0 1
    outer loop
      vertex -10.64721965789795 -20.64344024658203 10
      vertex -11.020753860473633 -21.96859359741211 10
      vertex -10.96869945526123 -21.9637393951416 10
    endloop
  endfacet
  facet normal 0 0 1
    outer loop
      vertex -10.64721965789795 -20.64344024658203 10
      vertex -11.072311401367188 -21.972702026367188 10
      vertex -11.020753860473633 -21.96859359741211 10
    endloop
  endfacet
  facet normal 0 0 1
    outer loop
      vertex -10.64721965789795 -20.64344024658203 10
      vertex -11.123371124267578 -21.976062774658203 10
      vertex -11.072311401367188 -21.972702026367188 10
    endloop
  endfacet
  facet normal 0 0 1
    outer loop
      vertex -10.64721965789795 -20.64344024658203 10
      vertex -11.173933982849121 -21.978679656982422 10
      vertex -11.123371124267578 -21.976062774658203 10
    endloop
  endfacet
  facet normal 0 0 1
    outer loop
      vertex -10.64721965789795 -20.64344024658203 10
      vertex -11.223999977111816 -21.980545043945312 10
      vertex -11.173933982849121 -21.978679656982422 10
    endloop
  endfacet
  facet normal 0 0 1
    outer loop
      vertex -11.867859840393066 -20.64344024658203 10
      vertex -11.223999977111816 -21.980545043945312 10
      vertex -10.64721965789795 -20.64344024658203 10
    endloop
  endfacet
  facet normal 0 0 1
    outer loop
      vertex -11.223999977111816 -21.980545043945312 10
      vertex -11.867859840393066 -20.64344024658203 10
      vertex -11.273568153381348 -21.981666564941406 10
    endloop
  endfacet
  facet normal 0 0 1
    outer loop
      vertex -11.273568153381348 -21.981666564941406 10
      vertex -11.867859840393066 -20.64344024658203 10
      vertex -11.322639465332031 -21.982040405273438 10
    endloop
  endfacet
  facet normal 0 0 1
    outer loop
      vertex -11.322639465332031 -21.982040405273438 10
      vertex -11.867859840393066 -20.64344024658203 10
      vertex -11.576802253723145 -21.972200393676758 10
    endloop
  endfacet
  facet normal 0 0 1
    outer loop
      vertex -11.576802253723145 -21.972200393676758 10
      vertex -11.867859840393066 -20.64344024658203 10
      vertex -11.813860893249512 -21.942684173583984 10
    endloop
  endfacet
  facet normal 0 0 1
    outer loop
      vertex -11.867859840393066 -20.64344024658203 10
      vertex -12.033815383911133 -21.893489837646484 10
      vertex -11.813860893249512 -21.942684173583984 10
    endloop
  endfacet
  facet normal 0 0 1
    outer loop
      vertex -12.18195915222168 -18.237201690673828 10
      vertex -11.867859840393066 -19.80931854248047 10
      vertex -12.077877044677734 -18.191696166992188 10
    endloop
  endfacet
  facet normal 0 0 1
    outer loop
      vertex -12.281807899475098 -18.287853240966797 10
      vertex -11.867859840393066 -19.80931854248047 10
      vertex -12.18195915222168 -18.237201690673828 10
    endloop
  endfacet
  facet normal 0 0 1
    outer loop
      vertex -12.377422332763672 -18.343652725219727 10
      vertex -11.867859840393066 -19.80931854248047 10
      vertex -12.281807899475098 -18.287853240966797 10
    endloop
  endfacet
  facet normal 0 0 1
    outer loop
      vertex -11.867859840393066 -19.80931854248047 10
      vertex -13.235843658447266 -20.31913948059082 10
      vertex -11.867859840393066 -20.64344024658203 10
    endloop
  endfacet
  facet normal 0 0 1
    outer loop
      vertex -12.468802452087402 -18.40460205078125 10
      vertex -11.867859840393066 -19.80931854248047 10
      vertex -12.377422332763672 -18.343652725219727 10
    endloop
  endfacet
  facet normal 0 0 1
    outer loop
      vertex -12.555948257446289 -18.47069549560547 10
      vertex -11.867859840393066 -19.80931854248047 10
      vertex -12.468802452087402 -18.40460205078125 10
    endloop
  endfacet
  facet normal 0 0 1
    outer loop
      vertex -13.2042875289917 -20.565139770507812 10
      vertex -11.867859840393066 -20.64344024658203 10
      vertex -13.235843658447266 -20.31913948059082 10
    endloop
  endfacet
  facet normal 0 0 1
    outer loop
      vertex -12.638859748840332 -18.54193878173828 10
      vertex -11.867859840393066 -19.80931854248047 10
      vertex -12.555948257446289 -18.47069549560547 10
    endloop
  endfacet
  facet normal 0 0 1
    outer loop
      vertex -12.717205047607422 -18.618206024169922 10
      vertex -11.867859840393066 -19.80931854248047 10
      vertex -12.638859748840332 -18.54193878173828 10
    endloop
  endfacet
  facet normal 0 0 1
    outer loop
      vertex -13.152470588684082 -20.791458129882812 10
      vertex -11.867859840393066 -20.64344024658203 10
      vertex -13.2042875289917 -20.565139770507812 10
    endloop
  endfacet
  facet normal 0 0 1
    outer loop
      vertex -12.79065227508545 -18.69937515258789 10
      vertex -11.867859840393066 -19.80931854248047 10
      vertex -12.717205047607422 -18.618206024169922 10
    endloop
  endfacet
  facet normal 0 0 1
    outer loop
      vertex -12.859201431274414 -18.785442352294922 10
      vertex -11.867859840393066 -19.80931854248047 10
      vertex -12.79065227508545 -18.69937515258789 10
    endloop
  endfacet
  facet normal 0 0 1
    outer loop
      vertex -13.08039379119873 -20.99810028076172 10
      vertex -11.867859840393066 -20.64344024658203 10
      vertex -13.152470588684082 -20.791458129882812 10
    endloop
  endfacet
  facet normal 0 0 1
    outer loop
      vertex -12.922853469848633 -18.87641143798828 10
      vertex -11.867859840393066 -19.80931854248047 10
      vertex -12.859201431274414 -18.785442352294922 10
    endloop
  endfacet
  facet normal 0 0 1
    outer loop
      vertex -12.981606483459473 -18.972280502319336 10
      vertex -11.867859840393066 -19.80931854248047 10
      vertex -12.922853469848633 -18.87641143798828 10
    endloop
  endfacet
  facet normal 0 0 1
    outer loop
      vertex -11.867859840393066 -20.64344024658203 10
      vertex -12.23666763305664 -21.82461929321289 10
      vertex -12.033815383911133 -21.893489837646484 10
    endloop
  endfacet
  facet normal 0 0 1
    outer loop
      vertex -13.035462379455566 -19.073049545288086 10
      vertex -11.867859840393066 -19.80931854248047 10
      vertex -12.981606483459473 -18.972280502319336 10
    endloop
  endfacet
  facet normal 0 0 1
    outer loop
      vertex -13.084419250488281 -19.17871856689453 10
      vertex -11.867859840393066 -19.80931854248047 10
      vertex -13.035462379455566 -19.073049545288086 10
    endloop
  endfacet
  facet normal 0 0 1
    outer loop
      vertex -12.988056182861328 -21.18505859375 10
      vertex -11.867859840393066 -20.64344024658203 10
      vertex -13.08039379119873 -20.99810028076172 10
    endloop
  endfacet
  facet normal 0 0 1
    outer loop
      vertex -13.12759017944336 -19.289230346679688 10
      vertex -11.867859840393066 -19.80931854248047 10
      vertex -13.084419250488281 -19.17871856689453 10
    endloop
  endfacet
  facet normal 0 0 1
    outer loop
      vertex -11.867859840393066 -20.64344024658203 10
      vertex -12.591058731079102 -21.627843856811523 10
      vertex -12.422414779663086 -21.736068725585938 10
    endloop
  endfacet
  facet normal 0 0 1
    outer loop
      vertex -13.164118766784668 -19.404560089111328 10
      vertex -11.867859840393066 -19.80931854248047 10
      vertex -13.12759017944336 -19.289230346679688 10
    endloop
  endfacet
  facet normal 0 0 1
    outer loop
      vertex -13.19400691986084 -19.524703979492188 10
      vertex -11.867859840393066 -19.80931854248047 10
      vertex -13.164118766784668 -19.404560089111328 10
    endloop
  endfacet
  facet normal 0 0 1
    outer loop
      vertex -11.867859840393066 -20.64344024658203 10
      vertex -12.742599487304688 -21.49993896484375 10
      vertex -12.591058731079102 -21.627843856811523 10
    endloop
  endfacet
  facet normal 0 0 1
    outer loop
      vertex -13.217251777648926 -19.649667739868164 10
      vertex -11.867859840393066 -19.80931854248047 10
      vertex -13.19400691986084 -19.524703979492188 10
    endloop
  endfacet
  facet normal 0 0 1
    outer loop
      vertex -13.233856201171875 -19.779449462890625 10
      vertex -11.867859840393066 -19.80931854248047 10
      vertex -13.217251777648926 -19.649667739868164 10
    endloop
  endfacet
  facet normal 0 0 1
    outer loop
      vertex -11.867859840393066 -20.64344024658203 10
      vertex -12.875457763671875 -21.352340698242188 10
      vertex -12.742599487304688 -21.49993896484375 10
    endloop
  endfacet
  facet normal 0 0 1
    outer loop
      vertex -13.243818283081055 -19.914045333862305 10
      vertex -11.867859840393066 -19.80931854248047 10
      vertex -13.233856201171875 -19.779449462890625 10
    endloop
  endfacet
  facet normal 0 0 1
    outer loop
      vertex -13.247139930725098 -20.05345916748047 10
      vertex -11.867859840393066 -19.80931854248047 10
      vertex -13.243818283081055 -19.914045333862305 10
    endloop
  endfacet
  facet normal 0 0 1
    outer loop
      vertex -11.867859840393066 -20.64344024658203 10
      vertex -12.988056182861328 -21.18505859375 10
      vertex -12.875457763671875 -21.352340698242188 10
    endloop
  endfacet
  facet normal 0 0 1
    outer loop
      vertex -13.235843658447266 -20.31913948059082 10
      vertex -11.867859840393066 -19.80931854248047 10
      vertex -13.247139930725098 -20.05345916748047 10
    endloop
  endfacet
  facet normal 0 0 1
    outer loop
      vertex -11.867859840393066 -20.64344024658203 10
      vertex -12.422414779663086 -21.736068725585938 10
      vertex -12.23666763305664 -21.82461929321289 10
    endloop
  endfacet
  facet normal 0 0 1
    outer loop
      vertex -11.149238586425781 -22.819774627685547 10
      vertex -14.433917045593262 -30.67363739013672 10
      vertex -10.475675582885742 -32.240814208984375 10
    endloop
  endfacet
  facet normal 0 0 1
    outer loop
      vertex -18.164527893066406 -28.62271499633789 10
      vertex -15.334599494934082 -22.72256088256836 10
      vertex -16.331439971923828 -22.72256088256836 10
    endloop
  endfacet
  facet normal 0 0 1
    outer loop
      vertex -15.334599494934082 -22.72256088256836 10
      vertex -18.164527893066406 -28.62271499633789 10
      vertex -14.433917045593262 -30.67363739013672 10
    endloop
  endfacet
  facet normal 0 0 1
    outer loop
      vertex 14.433917045593262 -30.67363739013672 10
      vertex 10.841060638427734 -27.175960540771484 10
      vertex 10.845664024353027 -27.615468978881836 10
    endloop
  endfacet
  facet normal 0 0 1
    outer loop
      vertex 12.325419425964355 -22.72256088256836 10
      vertex 10.781410217285156 -26.74049186706543 10
      vertex 10.841060638427734 -27.175960540771484 10
    endloop
  endfacet
  facet normal 0 0 1
    outer loop
      vertex 12.325419425964355 -22.72256088256836 10
      vertex 10.66765022277832 -26.315937042236328 10
      vertex 10.781410217285156 -26.74049186706543 10
    endloop
  endfacet
  facet normal 0 0 1
    outer loop
      vertex 12.325419425964355 -22.72256088256836 10
      vertex 10.501575469970703 -25.908985137939453 10
      vertex 10.66765022277832 -26.315937042236328 10
    endloop
  endfacet
  facet normal 0 0 1
    outer loop
      vertex 10.023746490478516 -25.173192977905273 10
      vertex 11.551959991455078 -22.72256088256836 10
      vertex 10.49817943572998 -22.72256088256836 10
    endloop
  endfacet
  facet normal 0 0 1
    outer loop
      vertex 12.325419425964355 -22.72256088256836 10
      vertex 10.285807609558105 -25.526058197021484 10
      vertex 10.501575469970703 -25.908985137939453 10
    endloop
  endfacet
  facet normal 0 0 1
    outer loop
      vertex 11.551959991455078 -22.72256088256836 10
      vertex 10.023746490478516 -25.173192977905273 10
      vertex 10.285807609558105 -25.526058197021484 10
    endloop
  endfacet
  facet normal 0 0 1
    outer loop
      vertex 7.381479263305664 -22.72256088256836 10
      vertex 10.49817943572998 -22.72256088256836 10
      vertex 9.965139389038086 -21.335119247436523 10
    endloop
  endfacet
  facet normal 0 0 1
    outer loop
      vertex 10.49817943572998 -22.72256088256836 10
      vertex 9.719526290893555 -24.855955123901367 10
      vertex 10.023746490478516 -25.173192977905273 10
    endloop
  endfacet
  facet normal 0 0 1
    outer loop
      vertex 10.49817943572998 -22.72256088256836 10
      vertex 9.377943992614746 -24.579345703125 10
      vertex 9.719526290893555 -24.855955123901367 10
    endloop
  endfacet
  facet normal 0 0 1
    outer loop
      vertex 10.49817943572998 -22.72256088256836 10
      vertex 9.004387855529785 -24.347732543945312 10
      vertex 9.377943992614746 -24.579345703125 10
    endloop
  endfacet
  facet normal 0 0 1
    outer loop
      vertex 10.49817943572998 -22.72256088256836 10
      vertex 8.604748725891113 -24.164762496948242 10
      vertex 9.004387855529785 -24.347732543945312 10
    endloop
  endfacet
  facet normal 0 0 1
    outer loop
      vertex 10.49817943572998 -22.72256088256836 10
      vertex 7.381479263305664 -22.72256088256836 10
      vertex 8.604748725891113 -24.164762496948242 10
    endloop
  endfacet
  facet normal 0 0 1
    outer loop
      vertex 7.381479263305664 -22.72256088256836 10
      vertex 9.965139389038086 -21.335119247436523 10
      vertex 7.914519309997559 -21.335119247436523 10
    endloop
  endfacet
  facet normal 0 0 1
    outer loop
      vertex 8.604748725891113 -24.164762496948242 10
      vertex 7.381479263305664 -22.72256088256836 10
      vertex 8.185327529907227 -24.033323287963867 10
    endloop
  endfacet
  facet normal 0 0 1
    outer loop
      vertex 8.185327529907227 -24.033323287963867 10
      vertex 7.381479263305664 -22.72256088256836 10
      vertex 7.752739906311035 -23.955490112304688 10
    endloop
  endfacet
  facet normal 0 0 1
    outer loop
      vertex 7.381479263305664 -22.72256088256836 10
      vertex 7.313808917999268 -23.932485580444336 10
      vertex 7.752739906311035 -23.955490112304688 10
    endloop
  endfacet
  facet normal 0 0 1
    outer loop
      vertex 7.381479263305664 -22.72256088256836 10
      vertex 6.875455856323242 -23.964677810668945 10
      vertex 7.313808917999268 -23.932485580444336 10
    endloop
  endfacet
  facet normal 0 0 1
    outer loop
      vertex 6.3195390701293945 -22.72256088256836 10
      vertex 6.875455856323242 -23.964677810668945 10
      vertex 7.381479263305664 -22.72256088256836 10
    endloop
  endfacet
  facet normal 0 0 1
    outer loop
      vertex 6.875455856323242 -23.964677810668945 10
      vertex 6.3195390701293945 -22.72256088256836 10
      vertex 6.444594383239746 -24.05155372619629 10
    endloop
  endfacet
  facet normal 0 0 1
    outer loop
      vertex 6.444594383239746 -24.05155372619629 10
      vertex 6.3195390701293945 -22.72256088256836 10
      vertex 6.028019428253174 -24.191747665405273 10
    endloop
  endfacet
  facet normal 0 0 1
    outer loop
      vertex 14.131878852844238 -20.02594566345215 10
      vertex 13.32126235961914 -20.09075927734375 10
      vertex 13.322259902954102 -20.256919860839844 10
    endloop
  endfacet
  facet normal 0 0 1
    outer loop
      vertex 13.581162452697754 -19.180322647094727 10
      vertex 13.318272590637207 -19.906166076660156 10
      vertex 13.32126235961914 -20.09075927734375 10
    endloop
  endfacet
  facet normal 0 0 1
    outer loop
      vertex 13.581162452697754 -19.180322647094727 10
      vertex 13.313288688659668 -19.703140258789062 10
      vertex 13.318272590637207 -19.906166076660156 10
    endloop
  endfacet
  facet normal 0 0 1
    outer loop
      vertex 13.581162452697754 -19.180322647094727 10
      vertex 13.30631160736084 -19.481679916381836 10
      vertex 13.313288688659668 -19.703140258789062 10
    endloop
  endfacet
  facet normal 0 0 1
    outer loop
      vertex 13.286376953125 -18.98345947265625 10
      vertex 13.440164566040039 -18.94774627685547 10
      vertex 13.297839164733887 -18.70669937133789 10
    endloop
  endfacet
  facet normal 0 0 1
    outer loop
      vertex 13.581162452697754 -19.180322647094727 10
      vertex 13.297341346740723 -19.24178695678711 10
      vertex 13.30631160736084 -19.481679916381836 10
    endloop
  endfacet
  facet normal 0 0 1
    outer loop
      vertex 13.440164566040039 -18.94774627685547 10
      vertex 13.286376953125 -18.98345947265625 10
      vertex 13.297341346740723 -19.24178695678711 10
    endloop
  endfacet
  facet normal 0 0 1
    outer loop
      vertex 13.286376953125 -18.98345947265625 10
      vertex 13.297839164733887 -18.70669937133789 10
      vertex 13.273419380187988 -18.70669937133789 10
    endloop
  endfacet
  facet normal 0 0 1
    outer loop
      vertex 23.29397201538086 21.471851348876953 10
      vertex 26.10300064086914 21.524761199951172 10
      vertex 24.7120361328125 23.206146240234375 10
    endloop
  endfacet
  facet normal 0 0 1
    outer loop
      vertex 23.374914169311523 18.896249771118164 10
      vertex 26.10300064086914 21.524761199951172 10
      vertex 23.497539520263672 19.318330764770508 10
    endloop
  endfacet
  facet normal 0 0 1
    outer loop
      vertex 26.10300064086914 21.524761199951172 10
      vertex 23.58010482788086 20.191770553588867 10
      vertex 23.566299438476562 19.75245475769043 10
    endloop
  endfacet
  facet normal 0 0 1
    outer loop
      vertex 26.10300064086914 21.524761199951172 10
      vertex 23.538742065429688 20.629352569580078 10
      vertex 23.58010482788086 20.191770553588867 10
    endloop
  endfacet
  facet normal 0 0 1
    outer loop
      vertex 26.10300064086914 21.524761199951172 10
      vertex 23.442859649658203 21.05830192565918 10
      vertex 23.538742065429688 20.629352569580078 10
    endloop
  endfacet
  facet normal 0 0 1
    outer loop
      vertex 26.10300064086914 21.524761199951172 10
      vertex 23.29397201538086 21.471851348876953 10
      vertex 23.442859649658203 21.05830192565918 10
    endloop
  endfacet
  facet normal 0 0 1
    outer loop
      vertex 24.7120361328125 23.206146240234375 10
      vertex 23.09442901611328 21.86347770690918 10
      vertex 23.29397201538086 21.471851348876953 10
    endloop
  endfacet
  facet normal 0 0 1
    outer loop
      vertex 24.7120361328125 23.206146240234375 10
      vertex 22.847373962402344 22.227006912231445 10
      vertex 23.09442901611328 21.86347770690918 10
    endloop
  endfacet
  facet normal 0 0 1
    outer loop
      vertex 24.7120361328125 23.206146240234375 10
      vertex 22.556705474853516 22.556705474853516 10
      vertex 22.847373962402344 22.227006912231445 10
    endloop
  endfacet
  facet normal 0 0 1
    outer loop
      vertex 24.7120361328125 23.206146240234375 10
      vertex 22.227006912231445 22.847373962402344 10
      vertex 22.556705474853516 22.556705474853516 10
    endloop
  endfacet
  facet normal 0 0 1
    outer loop
      vertex 24.7120361328125 23.206146240234375 10
      vertex 21.86347770690918 23.09442901611328 10
      vertex 22.227006912231445 22.847373962402344 10
    endloop
  endfacet
  facet normal 0 0 1
    outer loop
      vertex 21.608673095703125 26.120399475097656 10
      vertex 21.86347770690918 23.09442901611328 10
      vertex 24.7120361328125 23.206146240234375 10
    endloop
  endfacet
  facet normal 0 0 1
    outer loop
      vertex 21.608673095703125 26.120399475097656 10
      vertex 21.471851348876953 23.29397201538086 10
      vertex 21.86347770690918 23.09442901611328 10
    endloop
  endfacet
  facet normal 0 0 1
    outer loop
      vertex 21.608673095703125 26.120399475097656 10
      vertex 21.05830192565918 23.442859649658203 10
      vertex 21.471851348876953 23.29397201538086 10
    endloop
  endfacet
  facet normal 0 0 1
    outer loop
      vertex 21.608673095703125 26.120399475097656 10
      vertex 20.629352569580078 23.538742065429688 10
      vertex 21.05830192565918 23.442859649658203 10
    endloop
  endfacet
  facet normal 0 0 1
    outer loop
      vertex 21.608673095703125 26.120399475097656 10
      vertex 20.191770553588867 23.58010482788086 10
      vertex 20.629352569580078 23.538742065429688 10
    endloop
  endfacet
  facet normal 0 0 1
    outer loop
      vertex 21.608673095703125 26.120399475097656 10
      vertex 19.75245475769043 23.566299438476562 10
      vertex 20.191770553588867 23.58010482788086 10
    endloop
  endfacet
  facet normal 0 0 1
    outer loop
      vertex 19 27 10
      vertex 19.75245475769043 23.566299438476562 10
      vertex 21.608673095703125 26.120399475097656 10
    endloop
  endfacet
  facet normal 0 0 1
    outer loop
      vertex 19.75245475769043 23.566299438476562 10
      vertex 19 27 10
      vertex 19.318330764770508 23.497539520263672 10
    endloop
  endfacet
  facet normal 0 0 1
    outer loop
      vertex 18.164527893066406 28.62271499633789 10
      vertex 19 27 10
      vertex 21.608673095703125 26.120399475097656 10
    endloop
  endfacet
  facet normal 0 0 1
    outer loop
      vertex 14.433917045593262 30.67363739013672 10
      vertex 19 27 10
      vertex 18.164527893066406 28.62271499633789 10
    endloop
  endfacet
  facet normal 0 0 1
    outer loop
      vertex 1 27 10
      vertex 14.433917045593262 30.67363739013672 10
      vertex 10.475675582885742 32.240814208984375 10
    endloop
  endfacet
  facet normal 0 0 1
    outer loop
      vertex 1 27 10
      vertex 10.475675582885742 32.240814208984375 10
      vertex 6.352226257324219 33.299537658691406 10
    endloop
  endfacet
  facet normal 0 0 1
    outer loop
      vertex 1 27 10
      vertex 6.352226257324219 33.299537658691406 10
      vertex 2.128598213195801 33.833106994628906 10
    endloop
  endfacet
  facet normal 0 0 1
    outer loop
      vertex 14.433917045593262 30.67363739013672 10
      vertex 1 27 10
      vertex 19 27 10
    endloop
  endfacet
  facet normal 0 0 1
    outer loop
      vertex 1 27 10
      vertex -1 27 10
      vertex 1 -15 10
    endloop
  endfacet
  facet normal 0 0 1
    outer loop
      vertex 2.128598213195801 33.833106994628906 10
      vertex -1 27 10
      vertex 1 27 10
    endloop
  endfacet
  facet normal 0 0 1
    outer loop
      vertex -2.128598213195801 33.833106994628906 10
      vertex -1 27 10
      vertex 2.128598213195801 33.833106994628906 10
    endloop
  endfacet
  facet normal 0 0 1
    outer loop
      vertex -6.352226257324219 33.299537658691406 10
      vertex -1 27 10
      vertex -2.128598213195801 33.833106994628906 10
    endloop
  endfacet
  facet normal 0 0 1
    outer loop
      vertex -10.475675582885742 32.240814208984375 10
      vertex -1 27 10
      vertex -6.352226257324219 33.299537658691406 10
    endloop
  endfacet
  facet normal 0 0 1
    outer loop
      vertex -14.433917045593262 30.67363739013672 10
      vertex -1 27 10
      vertex -10.475675582885742 32.240814208984375 10
    endloop
  endfacet
  facet normal 0 0 1
    outer loop
      vertex -19 27 10
      vertex -14.433917045593262 30.67363739013672 10
      vertex -18.164527893066406 28.62271499633789 10
    endloop
  endfacet
  facet normal 0 0 1
    outer loop
      vertex -14.433917045593262 30.67363739013672 10
      vertex -19 27 10
      vertex -1 27 10
    endloop
  endfacet
  facet normal 0 0 1
    outer loop
      vertex -24.7120361328125 23.206146240234375 10
      vertex -19 27 10
      vertex -21.608673095703125 26.120399475097656 10
    endloop
  endfacet
  facet normal 0 0 1
    outer loop
      vertex -21.608673095703125 26.120399475097656 10
      vertex -19 27 10
      vertex -18.164527893066406 28.62271499633789 10
    endloop
  endfacet
  facet normal 0 0 1
    outer loop
      vertex 26.10300064086914 21.524761199951172 10
      vertex 23.566299438476562 19.75245475769043 10
      vertex 23.497539520263672 19.318330764770508 10
    endloop
  endfacet
  facet normal 0 0 1
    outer loop
      vertex 23.200355529785156 18.49286651611328 10
      vertex 26.10300064086914 21.524761199951172 10
      vertex 23.374914169311523 18.896249771118164 10
    endloop
  endfacet
  facet normal 0 0 1
    outer loop
      vertex 22.976613998413086 18.11454200744629 10
      vertex 26.10300064086914 21.524761199951172 10
      vertex 23.200355529785156 18.49286651611328 10
    endloop
  endfacet
  facet normal 0 0 1
    outer loop
      vertex 26.10300064086914 21.524761199951172 10
      vertex 22.976613998413086 18.11454200744629 10
      vertex 26.10300064086914 -21.524761199951172 10
    endloop
  endfacet
  facet normal 0 0 1
    outer loop
      vertex 22.70722198486328 17.767240524291992 10
      vertex 26.10300064086914 -21.524761199951172 10
      vertex 22.976613998413086 18.11454200744629 10
    endloop
  endfacet
  facet normal 0 0 1
    outer loop
      vertex 22.39642333984375 17.456443786621094 10
      vertex 26.10300064086914 -21.524761199951172 10
      vertex 22.70722198486328 17.767240524291992 10
    endloop
  endfacet
  facet normal 0 0 1
    outer loop
      vertex 26.10300064086914 -21.524761199951172 10
      vertex 22.39642333984375 17.456443786621094 10
      vertex 19 -15 10
    endloop
  endfacet
  facet normal 0 0 1
    outer loop
      vertex 19 -15 10
      vertex 22.39642333984375 17.456443786621094 10
      vertex 22.049123764038086 17.18705177307129 10
    endloop
  endfacet
  facet normal 0 0 1
    outer loop
      vertex 19 -15 10
      vertex 22.049123764038086 17.18705177307129 10
      vertex 21.670799255371094 16.96331024169922 10
    endloop
  endfacet
  facet normal 0 0 1
    outer loop
      vertex 17.085880279541016 -17.278579711914062 10
      vertex 26.10300064086914 -21.524761199951172 10
      vertex 19 -15 10
    endloop
  endfacet
  facet normal 0 0 1
    outer loop
      vertex 19 -15 10
      vertex 21.670799255371094 16.96331024169922 10
      vertex 21.26741600036621 16.78875160217285 10
    endloop
  endfacet
  facet normal 0 0 1
    outer loop
      vertex 19 -15 10
      vertex 21.26741600036621 16.78875160217285 10
      vertex 20.845333099365234 16.66612434387207 10
    endloop
  endfacet
  facet normal 0 0 1
    outer loop
      vertex 19 -15 10
      vertex 20.845333099365234 16.66612434387207 10
      vertex 20.411211013793945 16.597366333007812 10
    endloop
  endfacet
  facet normal 0 0 1
    outer loop
      vertex 19 -15 10
      vertex 20.411211013793945 16.597366333007812 10
      vertex 19.971895217895508 16.583560943603516 10
    endloop
  endfacet
  facet normal 0 0 1
    outer loop
      vertex 19 -15 10
      vertex 19.971895217895508 16.583560943603516 10
      vertex 19.534311294555664 16.624923706054688 10
    endloop
  endfacet
  facet normal 0 0 1
    outer loop
      vertex 19 -15 10
      vertex 19.534311294555664 16.624923706054688 10
      vertex 19.105363845825195 16.720806121826172 10
    endloop
  endfacet
  facet normal 0 0 1
    outer loop
      vertex 19 -15 10
      vertex 19.105363845825195 16.720806121826172 10
      vertex 19 16.758739471435547 10
    endloop
  endfacet
  facet normal 0 0 1
    outer loop
      vertex 26.10300064086914 -21.524761199951172 10
      vertex 17.085880279541016 -17.278579711914062 10
      vertex 24.7120361328125 -23.206146240234375 10
    endloop
  endfacet
  facet normal 0 0 1
    outer loop
      vertex 24.7120361328125 -23.206146240234375 10
      vertex 17.085880279541016 -22.72256088256836 10
      vertex 21.608673095703125 -26.120399475097656 10
    endloop
  endfacet
  facet normal 0 0 1
    outer loop
      vertex 24.7120361328125 -23.206146240234375 10
      vertex 17.085880279541016 -17.278579711914062 10
      vertex 17.085880279541016 -22.72256088256836 10
    endloop
  endfacet
  facet normal 0 0 1
    outer loop
      vertex 19 -15 10
      vertex 16.089038848876953 -17.278579711914062 10
      vertex 17.085880279541016 -17.278579711914062 10
    endloop
  endfacet
  facet normal 0 0 1
    outer loop
      vertex 15.161319732666016 -19.80931854248047 10
      vertex 16.089038848876953 -19.744220733642578 10
      vertex 16.089038848876953 -17.278579711914062 10
    endloop
  endfacet
  facet normal 0 0 1
    outer loop
      vertex 16.089038848876953 -19.744220733642578 10
      vertex 15.88621711730957 -20.90540885925293 10
      vertex 16.004291534423828 -21.101703643798828 10
    endloop
  endfacet
  facet normal 0 0 1
    outer loop
      vertex 16.089038848876953 -19.744220733642578 10
      vertex 15.759174346923828 -20.701473236083984 10
      vertex 15.88621711730957 -20.90540885925293 10
    endloop
  endfacet
  facet normal 0 0 1
    outer loop
      vertex 16.089038848876953 -19.744220733642578 10
      vertex 15.623163223266602 -20.48989486694336 10
      vertex 15.759174346923828 -20.701473236083984 10
    endloop
  endfacet
  facet normal 0 0 1
    outer loop
      vertex 16.089038848876953 -19.744220733642578 10
      vertex 15.478182792663574 -20.27067756652832 10
      vertex 15.623163223266602 -20.48989486694336 10
    endloop
  endfacet
  facet normal 0 0 1
    outer loop
      vertex 16.089038848876953 -19.744220733642578 10
      vertex 15.324235916137695 -20.043819427490234 10
      vertex 15.478182792663574 -20.27067756652832 10
    endloop
  endfacet
  facet normal 0 0 1
    outer loop
      vertex 16.089038848876953 -19.744220733642578 10
      vertex 15.161319732666016 -19.80931854248047 10
      vertex 15.324235916137695 -20.043819427490234 10
    endloop
  endfacet
  facet normal 0 0 1
    outer loop
      vertex 16.089038848876953 -17.278579711914062 10
      vertex 13.371099472045898 -17.278579711914062 10
      vertex 15.161319732666016 -19.80931854248047 10
    endloop
  endfacet
  facet normal 0 0 1
    outer loop
      vertex 19 -15 10
      vertex 13.371099472045898 -17.278579711914062 10
      vertex 16.089038848876953 -17.278579711914062 10
    endloop
  endfacet
  facet normal 0 0 1
    outer loop
      vertex 19 -15 10
      vertex 12.325419425964355 -17.278579711914062 10
      vertex 13.371099472045898 -17.278579711914062 10
    endloop
  endfacet
  facet normal 0 0 1
    outer loop
      vertex 12.325419425964355 -17.278579711914062 10
      vertex 11.551959991455078 -22.72256088256836 10
      vertex 12.325419425964355 -22.72256088256836 10
    endloop
  endfacet
  facet normal 0 0 1
    outer loop
      vertex 12.325419425964355 -17.278579711914062 10
      vertex 9.3914794921875 -17.278579711914062 10
      vertex 11.551959991455078 -22.72256088256836 10
    endloop
  endfacet
  facet normal 0 0 1
    outer loop
      vertex 19 -15 10
      vertex 9.3914794921875 -17.278579711914062 10
      vertex 12.325419425964355 -17.278579711914062 10
    endloop
  endfacet
  facet normal 0 0 1
    outer loop
      vertex 1 -15 10
      vertex 9.3914794921875 -17.278579711914062 10
      vertex 19 -15 10
    endloop
  endfacet
  facet normal 0 0 1
    outer loop
      vertex 9.3914794921875 -17.278579711914062 10
      vertex 1 -15 10
      vertex 8.480079650878906 -17.278579711914062 10
    endloop
  endfacet
  facet normal 0 0 1
    outer loop
      vertex 8.480079650878906 -17.278579711914062 10
      vertex 1 -15 10
      vertex 6.380319595336914 -17.278579711914062 10
    endloop
  endfacet
  facet normal 0 0 1
    outer loop
      vertex -3.668919563293457 -17.278579711914062 10
      vertex 2.913759231567383 -22.72256088256836 10
      vertex 2.913759231567383 -17.278579711914062 10
    endloop
  endfacet
  facet normal 0 0 1
    outer loop
      vertex 6.380319595336914 -17.278579711914062 10
      vertex 1 -15 10
      vertex 2.913759231567383 -17.278579711914062 10
    endloop
  endfacet
  facet normal 0 0 1
    outer loop
      vertex -1 -15 10
      vertex 2.913759231567383 -17.278579711914062 10
      vertex 1 -15 10
    endloop
  endfacet
  facet normal 0 0 1
    outer loop
      vertex -1 -15 10
      vertex 1 -15 10
      vertex -1 27 10
    endloop
  endfacet
  facet normal 0 0 1
    outer loop
      vertex 2.913759231567383 -17.278579711914062 10
      vertex -1 -15 10
      vertex -3.668919563293457 -17.278579711914062 10
    endloop
  endfacet
  facet normal 0 0 1
    outer loop
      vertex -3.668919563293457 -22.72256088256836 10
      vertex 2.913759231567383 -22.72256088256836 10
      vertex -3.668919563293457 -17.278579711914062 10
    endloop
  endfacet
  facet normal 0 0 1
    outer loop
      vertex 2.913759231567383 -22.72256088256836 10
      vertex -2.128598213195801 -33.833106994628906 10
      vertex 2.128598213195801 -33.833106994628906 10
    endloop
  endfacet
  facet normal 0 0 1
    outer loop
      vertex -1 -15 10
      vertex -4.665759086608887 -17.278579711914062 10
      vertex -3.668919563293457 -17.278579711914062 10
    endloop
  endfacet
  facet normal 0 0 1
    outer loop
      vertex -5.593479156494141 -19.80931854248047 10
      vertex -4.665759086608887 -19.744220733642578 10
      vertex -4.665759086608887 -17.278579711914062 10
    endloop
  endfacet
  facet normal 0 0 1
    outer loop
      vertex -4.629920959472656 -20.998737335205078 10
      vertex -4.868581771850586 -20.90540885925293 10
      vertex -4.750506401062012 -21.101703643798828 10
    endloop
  endfacet
  facet normal 0 0 1
    outer loop
      vertex -4.640872001647949 -20.73069953918457 10
      vertex -4.995624542236328 -20.701473236083984 10
      vertex -4.868581771850586 -20.90540885925293 10
    endloop
  endfacet
  facet normal 0 0 1
    outer loop
      vertex -4.649831771850586 -20.48624038696289 10
      vertex -5.131636619567871 -20.48989486694336 10
      vertex -4.995624542236328 -20.701473236083984 10
    endloop
  endfacet
  facet normal 0 0 1
    outer loop
      vertex -4.656800270080566 -20.265363693237305 10
      vertex -5.276616096496582 -20.27067756652832 10
      vertex -5.131636619567871 -20.48989486694336 10
    endloop
  endfacet
  facet normal 0 0 1
    outer loop
      vertex -4.664764404296875 -19.894351959228516 10
      vertex -5.430563926696777 -20.043819427490234 10
      vertex -5.276616096496582 -20.27067756652832 10
    endloop
  endfacet
  facet normal 0 0 1
    outer loop
      vertex -4.665759086608887 -19.744220733642578 10
      vertex -5.593479156494141 -19.80931854248047 10
      vertex -5.430563926696777 -20.043819427490234 10
    endloop
  endfacet
  facet normal 0 0 1
    outer loop
      vertex -4.665759086608887 -17.278579711914062 10
      vertex -7.383699417114258 -17.278579711914062 10
      vertex -5.593479156494141 -19.80931854248047 10
    endloop
  endfacet
  facet normal 0 0 1
    outer loop
      vertex -1 -15 10
      vertex -7.383699417114258 -17.278579711914062 10
      vertex -4.665759086608887 -17.278579711914062 10
    endloop
  endfacet
  facet normal 0 0 1
    outer loop
      vertex -1 -15 10
      vertex -8.4293794631958 -17.278579711914062 10
      vertex -7.383699417114258 -17.278579711914062 10
    endloop
  endfacet
  facet normal 0 0 1
    outer loop
      vertex -8.4293794631958 -17.278579711914062 10
      vertex -9.650379180908203 -19.80931854248047 10
      vertex -8.4293794631958 -22.72256088256836 10
    endloop
  endfacet
  facet normal 0 0 1
    outer loop
      vertex -9.84567928314209 -18.226579666137695 10
      vertex -8.4293794631958 -17.278579711914062 10
      vertex -9.84567928314209 -17.380279541015625 10
    endloop
  endfacet
  facet normal 0 0 1
    outer loop
      vertex -10.666817665100098 -17.20697021484375 10
      vertex -8.4293794631958 -17.278579711914062 10
      vertex -1 -15 10
    endloop
  endfacet
  facet normal 0 0 1
    outer loop
      vertex -8.4293794631958 -17.278579711914062 10
      vertex -9.91584300994873 -17.356407165527344 10
      vertex -9.84567928314209 -17.380279541015625 10
    endloop
  endfacet
  facet normal 0 0 1
    outer loop
      vertex -8.4293794631958 -17.278579711914062 10
      vertex -9.991486549377441 -17.333616256713867 10
      vertex -9.91584300994873 -17.356407165527344 10
    endloop
  endfacet
  facet normal 0 0 1
    outer loop
      vertex -8.4293794631958 -17.278579711914062 10
      vertex -10.072611808776855 -17.311904907226562 10
      vertex -9.991486549377441 -17.333616256713867 10
    endloop
  endfacet
  facet normal 0 0 1
    outer loop
      vertex -8.4293794631958 -17.278579711914062 10
      vertex -10.159217834472656 -17.291275024414062 10
      vertex -10.072611808776855 -17.311904907226562 10
    endloop
  endfacet
  facet normal 0 0 1
    outer loop
      vertex -8.4293794631958 -17.278579711914062 10
      vertex -10.251303672790527 -17.2717227935791 10
      vertex -10.159217834472656 -17.291275024414062 10
    endloop
  endfacet
  facet normal 0 0 1
    outer loop
      vertex -8.4293794631958 -17.278579711914062 10
      vertex -10.348871231079102 -17.253250122070312 10
      vertex -10.251303672790527 -17.2717227935791 10
    endloop
  endfacet
  facet normal 0 0 1
    outer loop
      vertex -8.4293794631958 -17.278579711914062 10
      vertex -10.451919555664062 -17.235858917236328 10
      vertex -10.348871231079102 -17.253250122070312 10
    endloop
  endfacet
  facet normal 0 0 1
    outer loop
      vertex -8.4293794631958 -17.278579711914062 10
      vertex -10.558538436889648 -17.220211029052734 10
      vertex -10.451919555664062 -17.235858917236328 10
    endloop
  endfacet
  facet normal 0 0 1
    outer loop
      vertex -8.4293794631958 -17.278579711914062 10
      vertex -10.666817665100098 -17.20697021484375 10
      vertex -10.558538436889648 -17.220211029052734 10
    endloop
  endfacet
  facet normal 0 0 1
    outer loop
      vertex -1 -15 10
      vertex -10.77675724029541 -17.196138381958008 10
      vertex -10.666817665100098 -17.20697021484375 10
    endloop
  endfacet
  facet normal 0 0 1
    outer loop
      vertex -1 -15 10
      vertex -10.888357162475586 -17.187713623046875 10
      vertex -10.77675724029541 -17.196138381958008 10
    endloop
  endfacet
  facet normal 0 0 1
    outer loop
      vertex -1 -15 10
      vertex -11.001617431640625 -17.18169403076172 10
      vertex -10.888357162475586 -17.187713623046875 10
    endloop
  endfacet
  facet normal 0 0 1
    outer loop
      vertex -19 -15 10
      vertex -11.001617431640625 -17.18169403076172 10
      vertex -1 -15 10
    endloop
  endfacet
  facet normal 0 0 1
    outer loop
      vertex -11.001617431640625 -17.18169403076172 10
      vertex -19 -15 10
      vertex -11.116538047790527 -17.178083419799805 10
    endloop
  endfacet
  facet normal 0 0 1
    outer loop
      vertex -11.116538047790527 -17.178083419799805 10
      vertex -19 -15 10
      vertex -11.23311996459961 -17.1768798828125 10
    endloop
  endfacet
  facet normal 0 0 1
    outer loop
      vertex -11.23311996459961 -17.1768798828125 10
      vertex -19 -15 10
      vertex -11.364445686340332 -17.178913116455078 10
    endloop
  endfacet
  facet normal 0 0 1
    outer loop
      vertex -11.364445686340332 -17.178913116455078 10
      vertex -19 -15 10
      vertex -11.493362426757812 -17.185014724731445 10
    endloop
  endfacet
  facet normal 0 0 1
    outer loop
      vertex -11.493362426757812 -17.185014724731445 10
      vertex -19 -15 10
      vertex -11.61987018585205 -17.1951847076416 10
    endloop
  endfacet
  facet normal 0 0 1
    outer loop
      vertex -11.61987018585205 -17.1951847076416 10
      vertex -19 -15 10
      vertex -11.743967056274414 -17.209421157836914 10
    endloop
  endfacet
  facet normal 0 0 1
    outer loop
      vertex -11.743967056274414 -17.209421157836914 10
      vertex -19 -15 10
      vertex -11.865653991699219 -17.227725982666016 10
    endloop
  endfacet
  facet normal 0 0 1
    outer loop
      vertex -15.334599494934082 -22.72256088256836 10
      vertex -14.276559829711914 -20.126720428466797 10
      vertex -15.334599494934082 -17.278579711914062 10
    endloop
  endfacet
  facet normal 0 0 1
    outer loop
      vertex -14.274608612060547 -20.00659942626953 10
      vertex -15.334599494934082 -17.278579711914062 10
      vertex -14.276559829711914 -20.126720428466797 10
    endloop
  endfacet
  facet normal 0 0 1
    outer loop
      vertex -14.268756866455078 -19.8880615234375 10
      vertex -15.334599494934082 -17.278579711914062 10
      vertex -14.274608612060547 -20.00659942626953 10
    endloop
  endfacet
  facet normal 0 0 1
    outer loop
      vertex -14.259003639221191 -19.771102905273438 10
      vertex -15.334599494934082 -17.278579711914062 10
      vertex -14.268756866455078 -19.8880615234375 10
    endloop
  endfacet
  facet normal 0 0 1
    outer loop
      vertex -14.245349884033203 -19.65572166442871 10
      vertex -15.334599494934082 -17.278579711914062 10
      vertex -14.259003639221191 -19.771102905273438 10
    endloop
  endfacet
  facet normal 0 0 1
    outer loop
      vertex -14.227794647216797 -19.541921615600586 10
      vertex -15.334599494934082 -17.278579711914062 10
      vertex -14.245349884033203 -19.65572166442871 10
    endloop
  endfacet
  facet normal 0 0 1
    outer loop
      vertex -14.206337928771973 -19.42970085144043 10
      vertex -15.334599494934082 -17.278579711914062 10
      vertex -14.227794647216797 -19.541921615600586 10
    endloop
  endfacet
  facet normal 0 0 1
    outer loop
      vertex -14.18097972869873 -19.319059371948242 10
      vertex -15.334599494934082 -17.278579711914062 10
      vertex -14.206337928771973 -19.42970085144043 10
    endloop
  endfacet
  facet normal 0 0 1
    outer loop
      vertex -14.151827812194824 -19.210369110107422 10
      vertex -15.334599494934082 -17.278579711914062 10
      vertex -14.18097972869873 -19.319059371948242 10
    endloop
  endfacet
  facet normal 0 0 1
    outer loop
      vertex -14.119025230407715 -19.10400390625 10
      vertex -15.334599494934082 -17.278579711914062 10
      vertex -14.151827812194824 -19.210369110107422 10
    endloop
  endfacet
  facet normal 0 0 1
    outer loop
      vertex -14.082571029663086 -18.999963760375977 10
      vertex -15.334599494934082 -17.278579711914062 10
      vertex -14.119025230407715 -19.10400390625 10
    endloop
  endfacet
  facet normal 0 0 1
    outer loop
      vertex -14.042465209960938 -18.89824676513672 10
      vertex -15.334599494934082 -17.278579711914062 10
      vertex -14.082571029663086 -18.999963760375977 10
    endloop
  endfacet
  facet normal 0 0 1
    outer loop
      vertex -13.99870777130127 -18.79885482788086 10
      vertex -15.334599494934082 -17.278579711914062 10
      vertex -14.042465209960938 -18.89824676513672 10
    endloop
  endfacet
  facet normal 0 0 1
    outer loop
      vertex -13.951299667358398 -18.701784133911133 10
      vertex -15.334599494934082 -17.278579711914062 10
      vertex -13.99870777130127 -18.79885482788086 10
    endloop
  endfacet
  facet normal 0 0 1
    outer loop
      vertex -13.900239944458008 -18.607040405273438 10
      vertex -15.334599494934082 -17.278579711914062 10
      vertex -13.951299667358398 -18.701784133911133 10
    endloop
  endfacet
  facet normal 0 0 1
    outer loop
      vertex -13.845717430114746 -18.51474380493164 10
      vertex -15.334599494934082 -17.278579711914062 10
      vertex -13.900239944458008 -18.607040405273438 10
    endloop
  endfacet
  facet normal 0 0 1
    outer loop
      vertex -13.787959098815918 -18.42502212524414 10
      vertex -15.334599494934082 -17.278579711914062 10
      vertex -13.845717430114746 -18.51474380493164 10
    endloop
  endfacet
  facet normal 0 0 1
    outer loop
      vertex -13.726962089538574 -18.337873458862305 10
      vertex -15.334599494934082 -17.278579711914062 10
      vertex -13.787959098815918 -18.42502212524414 10
    endloop
  endfacet
  facet normal 0 0 1
    outer loop
      vertex -13.662727355957031 -18.253299713134766 10
      vertex -15.334599494934082 -17.278579711914062 10
      vertex -13.726962089538574 -18.337873458862305 10
    endloop
  endfacet
  facet normal 0 0 1
    outer loop
      vertex -13.595255851745605 -18.17129898071289 10
      vertex -15.334599494934082 -17.278579711914062 10
      vertex -13.662727355957031 -18.253299713134766 10
    endloop
  endfacet
  facet normal 0 0 1
    outer loop
      vertex -13.52454662322998 -18.091873168945312 10
      vertex -15.334599494934082 -17.278579711914062 10
      vertex -13.595255851745605 -18.17129898071289 10
    endloop
  endfacet
  facet normal 0 0 1
    outer loop
      vertex -13.450599670410156 -18.015018463134766 10
      vertex -15.334599494934082 -17.278579711914062 10
      vertex -13.52454662322998 -18.091873168945312 10
    endloop
  endfacet
  facet normal 0 0 1
    outer loop
      vertex -13.37349796295166 -17.94103240966797 10
      vertex -15.334599494934082 -17.278579711914062 10
      vertex -13.450599670410156 -18.015018463134766 10
    endloop
  endfacet
  facet normal 0 0 1
    outer loop
      vertex -13.293326377868652 -17.870201110839844 10
      vertex -15.334599494934082 -17.278579711914062 10
      vertex -13.37349796295166 -17.94103240966797 10
    endloop
  endfacet
  facet normal 0 0 1
    outer loop
      vertex -13.2100830078125 -17.802528381347656 10
      vertex -15.334599494934082 -17.278579711914062 10
      vertex -13.293326377868652 -17.870201110839844 10
    endloop
  endfacet
  facet normal 0 0 1
    outer loop
      vertex -13.12376880645752 -17.73801040649414 10
      vertex -15.334599494934082 -17.278579711914062 10
      vertex -13.2100830078125 -17.802528381347656 10
    endloop
  endfacet
  facet normal 0 0 1
    outer loop
      vertex -13.034382820129395 -17.676651000976562 10
      vertex -15.334599494934082 -17.278579711914062 10
      vertex -13.12376880645752 -17.73801040649414 10
    endloop
  endfacet
  facet normal 0 0 1
    outer loop
      vertex -12.941926956176758 -17.618446350097656 10
      vertex -15.334599494934082 -17.278579711914062 10
      vertex -13.034382820129395 -17.676651000976562 10
    endloop
  endfacet
  facet normal 0 0 1
    outer loop
      vertex -12.846399307250977 -17.563400268554688 10
      vertex -15.334599494934082 -17.278579711914062 10
      vertex -12.941926956176758 -17.618446350097656 10
    endloop
  endfacet
  facet normal 0 0 1
    outer loop
      vertex -12.747992515563965 -17.511699676513672 10
      vertex -15.334599494934082 -17.278579711914062 10
      vertex -12.846399307250977 -17.563400268554688 10
    endloop
  endfacet
  facet normal 0 0 1
    outer loop
      vertex -12.646929740905762 -17.463573455810547 10
      vertex -15.334599494934082 -17.278579711914062 10
      vertex -12.747992515563965 -17.511699676513672 10
    endloop
  endfacet
  facet normal 0 0 1
    outer loop
      vertex -12.543213844299316 -17.419021606445312 10
      vertex -15.334599494934082 -17.278579711914062 10
      vertex -12.646929740905762 -17.463573455810547 10
    endloop
  endfacet
  facet normal 0 0 1
    outer loop
      vertex -12.43684196472168 -17.378040313720703 10
      vertex -15.334599494934082 -17.278579711914062 10
      vertex -12.543213844299316 -17.419021606445312 10
    endloop
  endfacet
  facet normal 0 0 1
    outer loop
      vertex -12.327816009521484 -17.340633392333984 10
      vertex -15.334599494934082 -17.278579711914062 10
      vertex -12.43684196472168 -17.378040313720703 10
    endloop
  endfacet
  facet normal 0 0 1
    outer loop
      vertex -12.216135025024414 -17.306800842285156 10
      vertex -15.334599494934082 -17.278579711914062 10
      vertex -12.327816009521484 -17.340633392333984 10
    endloop
  endfacet
  facet normal 0 0 1
    outer loop
      vertex -12.101799964904785 -17.276538848876953 10
      vertex -15.334599494934082 -17.278579711914062 10
      vertex -12.216135025024414 -17.306800842285156 10
    endloop
  endfacet
  facet normal 0 0 1
    outer loop
      vertex -19 -15 10
      vertex -12.101799964904785 -17.276538848876953 10
      vertex -11.984931945800781 -17.250099182128906 10
    endloop
  endfacet
  facet normal 0 0 1
    outer loop
      vertex -11.865653991699219 -17.227725982666016 10
      vertex -19 -15 10
      vertex -11.984931945800781 -17.250099182128906 10
    endloop
  endfacet
  facet normal 0 0 1
    outer loop
      vertex -12.101799964904785 -17.276538848876953 10
      vertex -19 -15 10
      vertex -15.334599494934082 -17.278579711914062 10
    endloop
  endfacet
  facet normal 0 0 1
    outer loop
      vertex -19 -15 10
      vertex -16.331439971923828 -22.72256088256836 10
      vertex -16.331439971923828 -17.278579711914062 10
    endloop
  endfacet
  facet normal 0 0 1
    outer loop
      vertex -15.334599494934082 -17.278579711914062 10
      vertex -19 -15 10
      vertex -16.331439971923828 -17.278579711914062 10
    endloop
  endfacet
  facet normal 0 0 1
    outer loop
      vertex -16.331439971923828 -22.72256088256836 10
      vertex -19 -15 10
      vertex -21.608673095703125 -26.120399475097656 10
    endloop
  endfacet
  facet normal 0 0 1
    outer loop
      vertex -19 27 10
      vertex -23.932485580444336 7.313808917999268 10
      vertex -19 -15 10
    endloop
  endfacet
  facet normal 0 0 1
    outer loop
      vertex -23.964677810668945 6.875455856323242 10
      vertex -19 -15 10
      vertex -23.932485580444336 7.313808917999268 10
    endloop
  endfacet
  facet normal 0 0 1
    outer loop
      vertex -16.331439971923828 -22.72256088256836 10
      vertex -21.608673095703125 -26.120399475097656 10
      vertex -18.164527893066406 -28.62271499633789 10
    endloop
  endfacet
  facet normal 0 0 1
    outer loop
      vertex -19 27 10
      vertex -23.955490112304688 7.752739906311035 10
      vertex -23.932485580444336 7.313808917999268 10
    endloop
  endfacet
  facet normal 0 0 1
    outer loop
      vertex -19 27 10
      vertex -24.033323287963867 8.185327529907227 10
      vertex -23.955490112304688 7.752739906311035 10
    endloop
  endfacet
  facet normal 0 0 1
    outer loop
      vertex -19 27 10
      vertex -24.164762496948242 8.604748725891113 10
      vertex -24.033323287963867 8.185327529907227 10
    endloop
  endfacet
  facet normal 0 0 1
    outer loop
      vertex -19 27 10
      vertex -24.347732543945312 9.004387855529785 10
      vertex -24.164762496948242 8.604748725891113 10
    endloop
  endfacet
  facet normal 0 0 1
    outer loop
      vertex -19 27 10
      vertex -24.579345703125 9.377943992614746 10
      vertex -24.347732543945312 9.004387855529785 10
    endloop
  endfacet
  facet normal 0 0 1
    outer loop
      vertex -19 27 10
      vertex -24.7120361328125 23.206146240234375 10
      vertex -24.579345703125 9.377943992614746 10
    endloop
  endfacet
  facet normal 0 0 1
    outer loop
      vertex -24.7120361328125 23.206146240234375 10
      vertex -24.855955123901367 9.719526290893555 10
      vertex -24.579345703125 9.377943992614746 10
    endloop
  endfacet
  facet normal 0 0 1
    outer loop
      vertex -24.7120361328125 23.206146240234375 10
      vertex -25.173192977905273 10.023746490478516 10
      vertex -24.855955123901367 9.719526290893555 10
    endloop
  endfacet
  facet normal 0 0 1
    outer loop
      vertex -27.425674438476562 19.925918579101562 10
      vertex -25.173192977905273 10.023746490478516 10
      vertex -24.7120361328125 23.206146240234375 10
    endloop
  endfacet
  facet normal 0 0 1
    outer loop
      vertex -25.173192977905273 10.023746490478516 10
      vertex -27.425674438476562 19.925918579101562 10
      vertex -25.526058197021484 10.285807609558105 10
    endloop
  endfacet
  facet normal 0 0 1
    outer loop
      vertex -25.526058197021484 10.285807609558105 10
      vertex -27.425674438476562 19.925918579101562 10
      vertex -25.908985137939453 10.501575469970703 10
    endloop
  endfacet
  facet normal 0 0 1
    outer loop
      vertex -25.908985137939453 10.501575469970703 10
      vertex -27.425674438476562 19.925918579101562 10
      vertex -26.315937042236328 10.66765022277832 10
    endloop
  endfacet
  facet normal 0 0 1
    outer loop
      vertex -29.70679473876953 16.331449508666992 10
      vertex -26.315937042236328 10.66765022277832 10
      vertex -27.425674438476562 19.925918579101562 10
    endloop
  endfacet
  facet normal 0 0 1
    outer loop
      vertex -26.315937042236328 10.66765022277832 10
      vertex -29.70679473876953 16.331449508666992 10
      vertex -26.74049186706543 10.781410217285156 10
    endloop
  endfacet
  facet normal 0 0 1
    outer loop
      vertex -26.74049186706543 10.781410217285156 10
      vertex -29.70679473876953 16.331449508666992 10
      vertex -27.175960540771484 10.841060638427734 10
    endloop
  endfacet
  facet normal 0 0 1
    outer loop
      vertex -27.175960540771484 10.841060638427734 10
      vertex -29.70679473876953 16.331449508666992 10
      vertex -27.615468978881836 10.845664024353027 10
    endloop
  endfacet
  facet normal 0 0 1
    outer loop
      vertex -27.615468978881836 10.845664024353027 10
      vertex -29.70679473876953 16.331449508666992 10
      vertex -28.05208969116211 10.795145034790039 10
    endloop
  endfacet
  facet normal 0 0 1
    outer loop
      vertex -31.51942253112793 12.479421615600586 10
      vertex -28.05208969116211 10.795145034790039 10
      vertex -29.70679473876953 16.331449508666992 10
    endloop
  endfacet
  facet normal 0 0 1
    outer loop
      vertex -28.05208969116211 10.795145034790039 10
      vertex -31.51942253112793 12.479421615600586 10
      vertex -28.47893524169922 10.690300941467285 10
    endloop
  endfacet
  facet normal 0 0 1
    outer loop
      vertex -28.47893524169922 10.690300941467285 10
      vertex -31.51942253112793 12.479421615600586 10
      vertex -28.8892765045166 10.53278636932373 10
    endloop
  endfacet
  facet normal 0 0 1
    outer loop
      vertex -28.8892765045166 10.53278636932373 10
      vertex -31.51942253112793 12.479421615600586 10
      vertex -29.27663803100586 10.325084686279297 10
    endloop
  endfacet
  facet normal 0 0 1
    outer loop
      vertex -29.27663803100586 10.325084686279297 10
      vertex -31.51942253112793 12.479421615600586 10
      vertex -29.63491439819336 10.07047176361084 10
    endloop
  endfacet
  facet normal 0 0 1
    outer loop
      vertex -29.63491439819336 10.07047176361084 10
      vertex -31.51942253112793 12.479421615600586 10
      vertex -29.958454132080078 9.772961616516113 10
    endloop
  endfacet
  facet normal 0 0 1
    outer loop
      vertex -29.958454132080078 9.772961616516113 10
      vertex -31.51942253112793 12.479421615600586 10
      vertex -30.242155075073242 9.437247276306152 10
    endloop
  endfacet
  facet normal 0 0 1
    outer loop
      vertex -32.83496856689453 8.430586814880371 10
      vertex -30.242155075073242 9.437247276306152 10
      vertex -31.51942253112793 12.479421615600586 10
    endloop
  endfacet
  facet normal 0 0 1
    outer loop
      vertex -30.242155075073242 9.437247276306152 10
      vertex -32.83496856689453 8.430586814880371 10
      vertex -30.48154067993164 9.068622589111328 10
    endloop
  endfacet
  facet normal 0 0 1
    outer loop
      vertex -30.48154067993164 9.068622589111328 10
      vertex -32.83496856689453 8.430586814880371 10
      vertex -30.672840118408203 8.67290210723877 10
    endloop
  endfacet
  facet normal 0 0 1
    outer loop
      vertex -30.813034057617188 8.256327629089355 10
      vertex -32.83496856689453 8.430586814880371 10
      vertex -30.89990997314453 7.825466156005859 10
    endloop
  endfacet
  facet normal 0 0 1
    outer loop
      vertex -30.672840118408203 8.67290210723877 10
      vertex -32.83496856689453 8.430586814880371 10
      vertex -30.813034057617188 8.256327629089355 10
    endloop
  endfacet
  facet normal 0 0 1
    outer loop
      vertex 19.318330764770508 23.497539520263672 10
      vertex 19 27 10
      vertex 19 23.40505599975586 10
    endloop
  endfacet
  facet normal 0 0 1
    outer loop
      vertex 21.608673095703125 -26.120399475097656 10
      vertex 17.085880279541016 -22.72256088256836 10
      vertex 18.164527893066406 -28.62271499633789 10
    endloop
  endfacet
  facet normal 0 0 1
    outer loop
      vertex 16.040199279785156 -22.72256088256836 10
      vertex 18.164527893066406 -28.62271499633789 10
      vertex 17.085880279541016 -22.72256088256836 10
    endloop
  endfacet
  facet normal 0 0 1
    outer loop
      vertex 10.841060638427734 -27.175960540771484 10
      vertex 18.164527893066406 -28.62271499633789 10
      vertex 16.040199279785156 -22.72256088256836 10
    endloop
  endfacet
  facet normal 0 0 1
    outer loop
      vertex 13.322259902954102 -22.72256088256836 10
      vertex 16.040199279785156 -22.72256088256836 10
      vertex 14.266239166259766 -20.21617889404297 10
    endloop
  endfacet
  facet normal 0 0 1
    outer loop
      vertex 13.322259902954102 -20.256919860839844 10
      vertex 14.266239166259766 -20.21617889404297 10
      vertex 14.131878852844238 -20.02594566345215 10
    endloop
  endfacet
  facet normal 0 0 1
    outer loop
      vertex 13.32126235961914 -20.09075927734375 10
      vertex 14.131878852844238 -20.02594566345215 10
      vertex 13.996190071105957 -19.82724380493164 10
    endloop
  endfacet
  facet normal 0 0 1
    outer loop
      vertex 13.32126235961914 -20.09075927734375 10
      vertex 13.996190071105957 -19.82724380493164 10
      vertex 13.859174728393555 -19.620071411132812 10
    endloop
  endfacet
  facet normal 0 0 1
    outer loop
      vertex 13.32126235961914 -20.09075927734375 10
      vertex 13.859174728393555 -19.620071411132812 10
      vertex 13.720831871032715 -19.404430389404297 10
    endloop
  endfacet
  facet normal 0 0 1
    outer loop
      vertex 13.32126235961914 -20.09075927734375 10
      vertex 13.720831871032715 -19.404430389404297 10
      vertex 13.581162452697754 -19.180322647094727 10
    endloop
  endfacet
  facet normal 0 0 1
    outer loop
      vertex 13.297341346740723 -19.24178695678711 10
      vertex 13.581162452697754 -19.180322647094727 10
      vertex 13.440164566040039 -18.94774627685547 10
    endloop
  endfacet
  facet normal 0 0 1
    outer loop
      vertex 14.266239166259766 -20.21617889404297 10
      vertex 13.322259902954102 -20.256919860839844 10
      vertex 13.322259902954102 -22.72256088256836 10
    endloop
  endfacet
  facet normal 0 0 1
    outer loop
      vertex 10.841060638427734 -27.175960540771484 10
      vertex 16.040199279785156 -22.72256088256836 10
      vertex 13.322259902954102 -22.72256088256836 10
    endloop
  endfacet
  facet normal 0 0 1
    outer loop
      vertex 10.841060638427734 -27.175960540771484 10
      vertex 13.322259902954102 -22.72256088256836 10
      vertex 12.325419425964355 -22.72256088256836 10
    endloop
  endfacet
  facet normal 0 0 1
    outer loop
      vertex 10.285807609558105 -25.526058197021484 10
      vertex 12.325419425964355 -22.72256088256836 10
      vertex 11.551959991455078 -22.72256088256836 10
    endloop
  endfacet
  facet normal 0 0 1
    outer loop
      vertex 10.841060638427734 -27.175960540771484 10
      vertex 14.433917045593262 -30.67363739013672 10
      vertex 18.164527893066406 -28.62271499633789 10
    endloop
  endfacet
  facet normal 0 0 1
    outer loop
      vertex 10.795145034790039 -28.05208969116211 10
      vertex 14.433917045593262 -30.67363739013672 10
      vertex 10.845664024353027 -27.615468978881836 10
    endloop
  endfacet
  facet normal 0 0 1
    outer loop
      vertex 10.690300941467285 -28.47893524169922 10
      vertex 14.433917045593262 -30.67363739013672 10
      vertex 10.795145034790039 -28.05208969116211 10
    endloop
  endfacet
  facet normal 0 0 1
    outer loop
      vertex 10.53278636932373 -28.8892765045166 10
      vertex 14.433917045593262 -30.67363739013672 10
      vertex 10.690300941467285 -28.47893524169922 10
    endloop
  endfacet
  facet normal 0 0 1
    outer loop
      vertex 10.325084686279297 -29.27663803100586 10
      vertex 14.433917045593262 -30.67363739013672 10
      vertex 10.53278636932373 -28.8892765045166 10
    endloop
  endfacet
  facet normal 0 0 1
    outer loop
      vertex 14.433917045593262 -30.67363739013672 10
      vertex 10.325084686279297 -29.27663803100586 10
      vertex 10.475675582885742 -32.240814208984375 10
    endloop
  endfacet
  facet normal 0 0 1
    outer loop
      vertex 10.07047176361084 -29.63491439819336 10
      vertex 10.475675582885742 -32.240814208984375 10
      vertex 10.325084686279297 -29.27663803100586 10
    endloop
  endfacet
  facet normal 0 0 1
    outer loop
      vertex 9.772961616516113 -29.958454132080078 10
      vertex 10.475675582885742 -32.240814208984375 10
      vertex 10.07047176361084 -29.63491439819336 10
    endloop
  endfacet
  facet normal 0 0 1
    outer loop
      vertex 9.437247276306152 -30.242155075073242 10
      vertex 10.475675582885742 -32.240814208984375 10
      vertex 9.772961616516113 -29.958454132080078 10
    endloop
  endfacet
  facet normal 0 0 1
    outer loop
      vertex 9.068622589111328 -30.48154067993164 10
      vertex 10.475675582885742 -32.240814208984375 10
      vertex 9.437247276306152 -30.242155075073242 10
    endloop
  endfacet
  facet normal 0 0 1
    outer loop
      vertex 8.67290210723877 -30.672840118408203 10
      vertex 10.475675582885742 -32.240814208984375 10
      vertex 9.068622589111328 -30.48154067993164 10
    endloop
  endfacet
  facet normal 0 0 1
    outer loop
      vertex 8.256327629089355 -30.813034057617188 10
      vertex 10.475675582885742 -32.240814208984375 10
      vertex 8.67290210723877 -30.672840118408203 10
    endloop
  endfacet
  facet normal 0 0 1
    outer loop
      vertex 7.825466156005859 -30.89990997314453 10
      vertex 10.475675582885742 -32.240814208984375 10
      vertex 8.256327629089355 -30.813034057617188 10
    endloop
  endfacet
  facet normal 0 0 1
    outer loop
      vertex 6.352226257324219 -33.299537658691406 10
      vertex 7.825466156005859 -30.89990997314453 10
      vertex 7.387112617492676 -30.932100296020508 10
    endloop
  endfacet
  facet normal 0 0 1
    outer loop
      vertex 6.352226257324219 -33.299537658691406 10
      vertex 7.387112617492676 -30.932100296020508 10
      vertex 6.948181629180908 -30.90909767150879 10
    endloop
  endfacet
  facet normal 0 0 1
    outer loop
      vertex 6.352226257324219 -33.299537658691406 10
      vertex 6.948181629180908 -30.90909767150879 10
      vertex 6.515594482421875 -30.831262588500977 10
    endloop
  endfacet
  facet normal 0 0 1
    outer loop
      vertex 7.825466156005859 -30.89990997314453 10
      vertex 6.352226257324219 -33.299537658691406 10
      vertex 10.475675582885742 -32.240814208984375 10
    endloop
  endfacet
  facet normal 0 0 1
    outer loop
      vertex 6.096173286437988 -30.699825286865234 10
      vertex 6.352226257324219 -33.299537658691406 10
      vertex 6.515594482421875 -30.831262588500977 10
    endloop
  endfacet
  facet normal 0 0 1
    outer loop
      vertex 5.696533679962158 -30.516855239868164 10
      vertex 6.352226257324219 -33.299537658691406 10
      vertex 6.096173286437988 -30.699825286865234 10
    endloop
  endfacet
  facet normal 0 0 1
    outer loop
      vertex 5.322977542877197 -30.285240173339844 10
      vertex 6.352226257324219 -33.299537658691406 10
      vertex 5.696533679962158 -30.516855239868164 10
    endloop
  endfacet
  facet normal 0 0 1
    outer loop
      vertex 2.128598213195801 -33.833106994628906 10
      vertex 5.322977542877197 -30.285240173339844 10
      vertex 4.981395721435547 -30.00863265991211 10
    endloop
  endfacet
  facet normal 0 0 1
    outer loop
      vertex 2.128598213195801 -33.833106994628906 10
      vertex 4.981395721435547 -30.00863265991211 10
      vertex 4.677175045013428 -29.691394805908203 10
    endloop
  endfacet
  facet normal 0 0 1
    outer loop
      vertex 2.128598213195801 -33.833106994628906 10
      vertex 4.677175045013428 -29.691394805908203 10
      vertex 4.415114402770996 -29.338529586791992 10
    endloop
  endfacet
  facet normal 0 0 1
    outer loop
      vertex 2.128598213195801 -33.833106994628906 10
      vertex 4.415114402770996 -29.338529586791992 10
      vertex 4.19934606552124 -28.955602645874023 10
    endloop
  endfacet
  facet normal 0 0 1
    outer loop
      vertex 2.913759231567383 -22.72256088256836 10
      vertex 3.859861135482788 -27.688627243041992 10
      vertex 3.8552582263946533 -27.249116897583008 10
    endloop
  endfacet
  facet normal 0 0 1
    outer loop
      vertex 2.128598213195801 -33.833106994628906 10
      vertex 3.859861135482788 -27.688627243041992 10
      vertex 2.913759231567383 -22.72256088256836 10
    endloop
  endfacet
  facet normal 0 0 1
    outer loop
      vertex 5.322977542877197 -30.285240173339844 10
      vertex 2.128598213195801 -33.833106994628906 10
      vertex 6.352226257324219 -33.299537658691406 10
    endloop
  endfacet
  facet normal 0 0 1
    outer loop
      vertex 4.033271312713623 -28.54865074157715 10
      vertex 2.128598213195801 -33.833106994628906 10
      vertex 4.19934606552124 -28.955602645874023 10
    endloop
  endfacet
  facet normal 0 0 1
    outer loop
      vertex 3.9195117950439453 -28.124094009399414 10
      vertex 2.128598213195801 -33.833106994628906 10
      vertex 4.033271312713623 -28.54865074157715 10
    endloop
  endfacet
  facet normal 0 0 1
    outer loop
      vertex 3.859861135482788 -27.688627243041992 10
      vertex 2.128598213195801 -33.833106994628906 10
      vertex 3.9195117950439453 -28.124094009399414 10
    endloop
  endfacet
  facet normal 0 0 1
    outer loop
      vertex 16.004291534423828 -21.101703643798828 10
      vertex 16.137819290161133 -21.290359497070312 10
      vertex 16.1248779296875 -20.998737335205078 10
    endloop
  endfacet
  facet normal 0 0 1
    outer loop
      vertex 16.004291534423828 -21.101703643798828 10
      vertex 16.1248779296875 -20.998737335205078 10
      vertex 16.11392593383789 -20.73069953918457 10
    endloop
  endfacet
  facet normal 0 0 1
    outer loop
      vertex 16.004291534423828 -21.101703643798828 10
      vertex 16.11392593383789 -20.73069953918457 10
      vertex 16.104969024658203 -20.48624038696289 10
    endloop
  endfacet
  facet normal 0 0 1
    outer loop
      vertex 16.004291534423828 -21.101703643798828 10
      vertex 16.104969024658203 -20.48624038696289 10
      vertex 16.097999572753906 -20.265363693237305 10
    endloop
  endfacet
  facet normal 0 0 1
    outer loop
      vertex 16.004291534423828 -21.101703643798828 10
      vertex 16.097999572753906 -20.265363693237305 10
      vertex 16.093021392822266 -20.06806755065918 10
    endloop
  endfacet
  facet normal 0 0 1
    outer loop
      vertex 16.004291534423828 -21.101703643798828 10
      vertex 16.093021392822266 -20.06806755065918 10
      vertex 16.09003448486328 -19.894351959228516 10
    endloop
  endfacet
  facet normal 0 0 1
    outer loop
      vertex 16.137819290161133 -21.290359497070312 10
      vertex 16.004291534423828 -21.101703643798828 10
      vertex 16.113399505615234 -21.290359497070312 10
    endloop
  endfacet
  facet normal 0 0 1
    outer loop
      vertex 16.004291534423828 -21.101703643798828 10
      vertex 16.09003448486328 -19.894351959228516 10
      vertex 16.089038848876953 -19.744220733642578 10
    endloop
  endfacet
  facet normal 0 0 1
    outer loop
      vertex 6.380319595336914 -18.112640380859375 10
      vertex 8.480079650878906 -17.278579711914062 10
      vertex 6.380319595336914 -17.278579711914062 10
    endloop
  endfacet
  facet normal 0 0 1
    outer loop
      vertex 6.022299766540527 -19.520479202270508 10
      vertex 8.480079650878906 -17.278579711914062 10
      vertex 6.380319595336914 -18.112640380859375 10
    endloop
  endfacet
  facet normal 0 0 1
    outer loop
      vertex 8.480079650878906 -17.278579711914062 10
      vertex 6.022299766540527 -20.35453987121582 10
      vertex 6.3195390701293945 -22.72256088256836 10
    endloop
  endfacet
  facet normal 0 0 1
    outer loop
      vertex 8.480079650878906 -17.278579711914062 10
      vertex 6.022299766540527 -19.520479202270508 10
      vertex 6.022299766540527 -20.35453987121582 10
    endloop
  endfacet
  facet normal 0 0 1
    outer loop
      vertex 3.910599708557129 -18.112640380859375 10
      vertex 6.022299766540527 -19.520479202270508 10
      vertex 6.380319595336914 -18.112640380859375 10
    endloop
  endfacet
  facet normal 0 0 1
    outer loop
      vertex 6.022299766540527 -19.520479202270508 10
      vertex 3.910599708557129 -18.112640380859375 10
      vertex 3.910599708557129 -19.520479202270508 10
    endloop
  endfacet
  facet normal 0 0 1
    outer loop
      vertex 3.910599708557129 -22.72256088256836 10
      vertex 6.3195390701293945 -22.72256088256836 10
      vertex 6.022299766540527 -20.35453987121582 10
    endloop
  endfacet
  facet normal 0 0 1
    outer loop
      vertex 5.632298946380615 -24.383045196533203 10
      vertex 6.3195390701293945 -22.72256088256836 10
      vertex 3.910599708557129 -22.72256088256836 10
    endloop
  endfacet
  facet normal 0 0 1
    outer loop
      vertex 6.3195390701293945 -22.72256088256836 10
      vertex 5.632298946380615 -24.383045196533203 10
      vertex 6.028019428253174 -24.191747665405273 10
    endloop
  endfacet
  facet normal 0 0 1
    outer loop
      vertex 5.632298946380615 -24.383045196533203 10
      vertex 3.910599708557129 -22.72256088256836 10
      vertex 5.263674736022949 -24.622432708740234 10
    endloop
  endfacet
  facet normal 0 0 1
    outer loop
      vertex 5.263674736022949 -24.622432708740234 10
      vertex 3.910599708557129 -22.72256088256836 10
      vertex 4.927960395812988 -24.9061336517334 10
    endloop
  endfacet
  facet normal 0 0 1
    outer loop
      vertex 4.927960395812988 -24.9061336517334 10
      vertex 3.910599708557129 -22.72256088256836 10
      vertex 4.630450248718262 -25.229671478271484 10
    endloop
  endfacet
  facet normal 0 0 1
    outer loop
      vertex 2.913759231567383 -22.72256088256836 10
      vertex 4.630450248718262 -25.229671478271484 10
      vertex 3.910599708557129 -22.72256088256836 10
    endloop
  endfacet
  facet normal 0 0 1
    outer loop
      vertex 4.630450248718262 -25.229671478271484 10
      vertex 2.913759231567383 -22.72256088256836 10
      vertex 4.375837326049805 -25.587947845458984 10
    endloop
  endfacet
  facet normal 0 0 1
    outer loop
      vertex 3.910599708557129 -22.72256088256836 10
      vertex 6.022299766540527 -20.35453987121582 10
      vertex 3.910599708557129 -20.35453987121582 10
    endloop
  endfacet
  facet normal 0 0 1
    outer loop
      vertex 4.375837326049805 -25.587947845458984 10
      vertex 2.913759231567383 -22.72256088256836 10
      vertex 4.168135643005371 -25.975311279296875 10
    endloop
  endfacet
  facet normal 0 0 1
    outer loop
      vertex 4.168135643005371 -25.975311279296875 10
      vertex 2.913759231567383 -22.72256088256836 10
      vertex 4.010621070861816 -26.385650634765625 10
    endloop
  endfacet
  facet normal 0 0 1
    outer loop
      vertex 4.010621070861816 -26.385650634765625 10
      vertex 2.913759231567383 -22.72256088256836 10
      vertex 3.9057772159576416 -26.812498092651367 10
    endloop
  endfacet
  facet normal 0 0 1
    outer loop
      vertex 3.9057772159576416 -26.812498092651367 10
      vertex 2.913759231567383 -22.72256088256836 10
      vertex 3.8552582263946533 -27.249116897583008 10
    endloop
  endfacet
  facet normal 0 0 1
    outer loop
      vertex 8.931699752807617 -18.588680267333984 10
      vertex 9.028091430664062 -18.826082229614258 10
      vertex 8.947959899902344 -18.588680267333984 10
    endloop
  endfacet
  facet normal 0 0 1
    outer loop
      vertex 8.851567268371582 -18.82708168029785 10
      vertex 9.028091430664062 -18.826082229614258 10
      vertex 8.931699752807617 -18.588680267333984 10
    endloop
  endfacet
  facet normal 0 0 1
    outer loop
      vertex 9.028091430664062 -18.826082229614258 10
      vertex 8.851567268371582 -18.82708168029785 10
      vertex 9.105732917785645 -19.05236053466797 10
    endloop
  endfacet
  facet normal 0 0 1
    outer loop
      vertex 8.773926734924316 -19.05402374267578 10
      vertex 9.105732917785645 -19.05236053466797 10
      vertex 8.851567268371582 -18.82708168029785 10
    endloop
  endfacet
  facet normal 0 0 1
    outer loop
      vertex 9.105732917785645 -19.05236053466797 10
      vertex 8.773926734924316 -19.05402374267578 10
      vertex 9.180883407592773 -19.26751136779785 10
    endloop
  endfacet
  facet normal 0 0 1
    outer loop
      vertex 8.698776245117188 -19.269508361816406 10
      vertex 9.180883407592773 -19.26751136779785 10
      vertex 8.773926734924316 -19.05402374267578 10
    endloop
  endfacet
  facet normal 0 0 1
    outer loop
      vertex 9.180883407592773 -19.26751136779785 10
      vertex 8.698776245117188 -19.269508361816406 10
      vertex 9.25354290008545 -19.47153663635254 10
    endloop
  endfacet
  facet normal 0 0 1
    outer loop
      vertex 8.626115798950195 -19.473533630371094 10
      vertex 9.25354290008545 -19.47153663635254 10
      vertex 8.698776245117188 -19.269508361816406 10
    endloop
  endfacet
  facet normal 0 0 1
    outer loop
      vertex 9.25354290008545 -19.47153663635254 10
      vertex 8.626115798950195 -19.473533630371094 10
      vertex 9.323712348937988 -19.66443634033203 10
    endloop
  endfacet
  facet normal 0 0 1
    outer loop
      vertex 8.555946350097656 -19.66610336303711 10
      vertex 9.323712348937988 -19.66443634033203 10
      vertex 8.626115798950195 -19.473533630371094 10
    endloop
  endfacet
  facet normal 0 0 1
    outer loop
      vertex 9.323712348937988 -19.66443634033203 10
      vertex 8.555946350097656 -19.66610336303711 10
      vertex 9.39139175415039 -19.846210479736328 10
    endloop
  endfacet
  facet normal 0 0 1
    outer loop
      vertex 8.48826789855957 -19.847209930419922 10
      vertex 9.39139175415039 -19.846210479736328 10
      vertex 8.555946350097656 -19.66610336303711 10
    endloop
  endfacet
  facet normal 0 0 1
    outer loop
      vertex 9.39139175415039 -19.846210479736328 10
      vertex 8.48826789855957 -19.847209930419922 10
      vertex 9.456579208374023 -20.01685905456543 10
    endloop
  endfacet
  facet normal 0 0 1
    outer loop
      vertex 8.423079490661621 -20.01685905456543 10
      vertex 9.456579208374023 -20.01685905456543 10
      vertex 8.48826789855957 -19.847209930419922 10
    endloop
  endfacet
  facet normal 0 0 1
    outer loop
      vertex 9.456579208374023 -20.01685905456543 10
      vertex 8.423079490661621 -20.01685905456543 10
      vertex 9.643719673156738 -20.500999450683594 10
    endloop
  endfacet
  facet normal 0 0 1
    outer loop
      vertex 9.643719673156738 -20.500999450683594 10
      vertex 8.423079490661621 -20.01685905456543 10
      vertex 8.235939979553223 -20.500999450683594 10
    endloop
  endfacet
  facet normal -0.9048269569347659 -0.42577949457926156 0
    outer loop
      vertex -29.70679473876953 -16.331449508666992 0
      vertex -31.51942253112793 -12.479421615600586 10
      vertex -31.51942253112793 -12.479421615600586 0
    endloop
  endfacet
  facet normal -0.9048269569347659 -0.42577949457926156 0
    outer loop
      vertex -31.51942253112793 -12.479421615600586 10
      vertex -29.70679473876953 -16.331449508666992 0
      vertex -29.70679473876953 -16.331449508666992 10
    endloop
  endfacet
  facet normal 0 1 0
    outer loop
      vertex 2.128598213195801 33.833106994628906 0
      vertex -2.128598213195801 33.833106994628906 10
      vertex 2.128598213195801 33.833106994628906 10
    endloop
  endfacet
  facet normal 0 1 0
    outer loop
      vertex -2.128598213195801 33.833106994628906 10
      vertex 2.128598213195801 33.833106994628906 0
      vertex -2.128598213195801 33.833106994628906 0
    endloop
  endfacet
  facet normal 0.2486902416753999 0.9685830701057246 0
    outer loop
      vertex 10.475675582885742 32.240814208984375 0
      vertex 6.352226257324219 33.299537658691406 10
      vertex 10.475675582885742 32.240814208984375 10
    endloop
  endfacet
  facet normal 0.2486902416753999 0.9685830701057246 0
    outer loop
      vertex 6.352226257324219 33.299537658691406 10
      vertex 10.475675582885742 32.240814208984375 0
      vertex 6.352226257324219 33.299537658691406 0
    endloop
  endfacet
  facet normal -0.36812417867630925 -0.929776633968553 0
    outer loop
      vertex -14.433917045593262 -30.67363739013672 0
      vertex -10.475675582885742 -32.240814208984375 10
      vertex -14.433917045593262 -30.67363739013672 10
    endloop
  endfacet
  facet normal -0.36812417867630925 -0.929776633968553 0
    outer loop
      vertex -10.475675582885742 -32.240814208984375 10
      vertex -14.433917045593262 -30.67363739013672 0
      vertex -10.475675582885742 -32.240814208984375 0
    endloop
  endfacet
  facet normal -0.48175398523544183 0.8763065089965781 0
    outer loop
      vertex -14.433917045593262 30.67363739013672 0
      vertex -18.164527893066406 28.62271499633789 10
      vertex -14.433917045593262 30.67363739013672 10
    endloop
  endfacet
  facet normal -0.48175398523544183 0.8763065089965781 0
    outer loop
      vertex -18.164527893066406 28.62271499633789 10
      vertex -14.433917045593262 30.67363739013672 0
      vertex -18.164527893066406 28.62271499633789 0
    endloop
  endfacet
  facet normal -0.2486902416753999 -0.9685830701057246 0
    outer loop
      vertex -10.475675582885742 -32.240814208984375 0
      vertex -6.352226257324219 -33.299537658691406 10
      vertex -10.475675582885742 -32.240814208984375 10
    endloop
  endfacet
  facet normal -0.2486902416753999 -0.9685830701057246 0
    outer loop
      vertex -6.352226257324219 -33.299537658691406 10
      vertex -10.475675582885742 -32.240814208984375 0
      vertex -6.352226257324219 -33.299537658691406 0
    endloop
  endfacet
  facet normal -0.5877848769934394 -0.8090172670455231 0
    outer loop
      vertex -21.608673095703125 -26.120399475097656 0
      vertex -18.164527893066406 -28.62271499633789 10
      vertex -21.608673095703125 -26.120399475097656 10
    endloop
  endfacet
  facet normal -0.5877848769934394 -0.8090172670455231 0
    outer loop
      vertex -18.164527893066406 -28.62271499633789 10
      vertex -21.608673095703125 -26.120399475097656 0
      vertex -18.164527893066406 -28.62271499633789 0
    endloop
  endfacet
  facet normal -0.9510565258067433 0.30901696510128274 0
    outer loop
      vertex -32.83496856689453 8.430586814880371 0
      vertex -31.51942253112793 12.479421615600586 10
      vertex -31.51942253112793 12.479421615600586 0
    endloop
  endfacet
  facet normal -0.9510565258067433 0.30901696510128274 0
    outer loop
      vertex -31.51942253112793 12.479421615600586 10
      vertex -32.83496856689453 8.430586814880371 0
      vertex -32.83496856689453 8.430586814880371 10
    endloop
  endfacet
  facet normal 0 0 -1
    outer loop
      vertex 2.8625450134277344 -27.761863708496094 6
      vertex 1.8140249252319336 -28.833106994628906 6
      vertex 2.8566274642944336 -27.196781158447266 6
    endloop
  endfacet
  facet normal 0 0 -1
    outer loop
      vertex 2.9392404556274414 -28.32175064086914 6
      vertex 1.8140249252319336 -28.833106994628906 6
      vertex 2.8625450134277344 -27.761863708496094 6
    endloop
  endfacet
  facet normal 0 0 -1
    outer loop
      vertex 1.8140249252319336 -28.833106994628906 6
      vertex 2.9392404556274414 -28.32175064086914 6
      vertex 3.0349292755126953 -28.678869247436523 6
    endloop
  endfacet
  facet normal 0 0 -1
    outer loop
      vertex 16.299999237060547 0 6
      vertex 21.10300064086914 15.701688766479492 6
      vertex 21.10300064086914 -19.72464942932129 6
    endloop
  endfacet
  facet normal 0 0 -1
    outer loop
      vertex 11.946806907653809 -5.991655349731445 6
      vertex 21.10300064086914 -19.72464942932129 6
      vertex 21.059986114501953 -19.776643753051758 6
    endloop
  endfacet
  facet normal 0 0 -1
    outer loop
      vertex 16.250322341918945 0.7895984649658203 6
      vertex 21.10300064086914 15.701688766479492 6
      vertex 16.299999237060547 0 6
    endloop
  endfacet
  facet normal 0 0 -1
    outer loop
      vertex 16.102073669433594 1.5667457580566406 6
      vertex 21.10300064086914 15.701688766479492 6
      vertex 16.250322341918945 0.7895984649658203 6
    endloop
  endfacet
  facet normal 0 0 -1
    outer loop
      vertex 15.85759162902832 2.3191843032836914 6
      vertex 21.10300064086914 15.701688766479492 6
      vertex 16.102073669433594 1.5667457580566406 6
    endloop
  endfacet
  facet normal 0 0 -1
    outer loop
      vertex 15.520731925964355 3.0350475311279297 6
      vertex 21.10300064086914 15.701688766479492 6
      vertex 15.85759162902832 2.3191843032836914 6
    endloop
  endfacet
  facet normal 0 0 -1
    outer loop
      vertex 11.946806907653809 -5.991655349731445 6
      vertex 21.059986114501953 -19.776643753051758 6
      vertex 18.415252685546875 -22.260215759277344 6
    endloop
  endfacet
  facet normal 0 0 -1
    outer loop
      vertex 21.10300064086914 15.701688766479492 6
      vertex 15.520731925964355 3.0350475311279297 6
      vertex 21.0634765625 15.690206527709961 6
    endloop
  endfacet
  facet normal 0 0 -1
    outer loop
      vertex 21.0634765625 15.690206527709961 6
      vertex 15.520731925964355 3.0350475311279297 6
      vertex 20.505319595336914 15.601802825927734 6
    endloop
  endfacet
  facet normal 0 0 -1
    outer loop
      vertex 15.096806526184082 3.7030467987060547 6
      vertex 20.505319595336914 15.601802825927734 6
      vertex 15.520731925964355 3.0350475311279297 6
    endloop
  endfacet
  facet normal 0 0 -1
    outer loop
      vertex 20.505319595336914 15.601802825927734 6
      vertex 15.096806526184082 3.7030467987060547 6
      vertex 19.94048309326172 15.584053039550781 6
    endloop
  endfacet
  facet normal 0 0 -1
    outer loop
      vertex 14.592501640319824 4.31264591217041 6
      vertex 19.94048309326172 15.584053039550781 6
      vertex 15.096806526184082 3.7030467987060547 6
    endloop
  endfacet
  facet normal 0 0 -1
    outer loop
      vertex 19.94048309326172 15.584053039550781 6
      vertex 14.592501640319824 4.31264591217041 6
      vertex 19.37787628173828 15.637234687805176 6
    endloop
  endfacet
  facet normal 0 0 -1
    outer loop
      vertex 21.10300064086914 -19.72464942932129 6
      vertex 16.250322341918945 -0.7895984649658203 6
      vertex 16.299999237060547 0 6
    endloop
  endfacet
  facet normal 0 0 -1
    outer loop
      vertex 21.10300064086914 -19.72464942932129 6
      vertex 16.102073669433594 -1.5667457580566406 6
      vertex 16.250322341918945 -0.7895984649658203 6
    endloop
  endfacet
  facet normal 0 0 -1
    outer loop
      vertex 21.10300064086914 -19.72464942932129 6
      vertex 15.85759162902832 -2.3191843032836914 6
      vertex 16.102073669433594 -1.5667457580566406 6
    endloop
  endfacet
  facet normal 0 0 -1
    outer loop
      vertex 21.10300064086914 -19.72464942932129 6
      vertex 15.520731925964355 -3.0350475311279297 6
      vertex 15.85759162902832 -2.3191843032836914 6
    endloop
  endfacet
  facet normal 0 0 -1
    outer loop
      vertex 9.957225799560547 -23.764217376708984 6
      vertex 18.415252685546875 -22.260215759277344 6
      vertex 15.480096817016602 -24.392730712890625 6
    endloop
  endfacet
  facet normal 0 0 -1
    outer loop
      vertex 21.10300064086914 -19.72464942932129 6
      vertex 15.096806526184082 -3.7030467987060547 6
      vertex 15.520731925964355 -3.0350475311279297 6
    endloop
  endfacet
  facet normal 0 0 -1
    outer loop
      vertex 21.10300064086914 -19.72464942932129 6
      vertex 14.592501640319824 -4.31264591217041 6
      vertex 15.096806526184082 -3.7030467987060547 6
    endloop
  endfacet
  facet normal 0 0 -1
    outer loop
      vertex 21.10300064086914 -19.72464942932129 6
      vertex 14.01577091217041 -4.8542327880859375 6
      vertex 14.592501640319824 -4.31264591217041 6
    endloop
  endfacet
  facet normal 0 0 -1
    outer loop
      vertex 21.10300064086914 -19.72464942932129 6
      vertex 13.37570858001709 -5.319265365600586 6
      vertex 14.01577091217041 -4.8542327880859375 6
    endloop
  endfacet
  facet normal 0 0 -1
    outer loop
      vertex 21.10300064086914 -19.72464942932129 6
      vertex 12.682409286499023 -5.700409889221191 6
      vertex 13.37570858001709 -5.319265365600586 6
    endloop
  endfacet
  facet normal 0 0 -1
    outer loop
      vertex 11.124478340148926 -24.98141860961914 6
      vertex 15.480096817016602 -24.392730712890625 6
      vertex 12.300811767578125 -26.14055633544922 6
    endloop
  endfacet
  facet normal 0 0 -1
    outer loop
      vertex 10.396402359008789 -24.119855880737305 6
      vertex 15.480096817016602 -24.392730712890625 6
      vertex 10.787542343139648 -24.527732849121094 6
    endloop
  endfacet
  facet normal 0 0 -1
    outer loop
      vertex 11.615418434143066 -25.99697494506836 6
      vertex 12.300811767578125 -26.14055633544922 6
      vertex 11.715938568115234 -26.37212371826172 6
    endloop
  endfacet
  facet normal 0 0 -1
    outer loop
      vertex 11.401894569396973 -25.473752975463867 6
      vertex 12.300811767578125 -26.14055633544922 6
      vertex 11.615418434143066 -25.99697494506836 6
    endloop
  endfacet
  facet normal 0 0 -1
    outer loop
      vertex 11.124478340148926 -24.98141860961914 6
      vertex 12.300811767578125 -26.14055633544922 6
      vertex 11.401894569396973 -25.473752975463867 6
    endloop
  endfacet
  facet normal 0 0 -1
    outer loop
      vertex 15.480096817016602 -24.392730712890625 6
      vertex 11.124478340148926 -24.98141860961914 6
      vertex 10.787542343139648 -24.527732849121094 6
    endloop
  endfacet
  facet normal 0 0 -1
    outer loop
      vertex 9.957225799560547 -23.764217376708984 6
      vertex 15.480096817016602 -24.392730712890625 6
      vertex 10.396402359008789 -24.119855880737305 6
    endloop
  endfacet
  facet normal 0 0 -1
    outer loop
      vertex 18.415252685546875 -22.260215759277344 6
      vertex 9.957225799560547 -23.764217376708984 6
      vertex 9.47693920135498 -23.466426849365234 6
    endloop
  endfacet
  facet normal 0 0 -1
    outer loop
      vertex 21.10300064086914 -19.72464942932129 6
      vertex 11.946806907653809 -5.991655349731445 6
      vertex 12.682409286499023 -5.700409889221191 6
    endloop
  endfacet
  facet normal 0 0 -1
    outer loop
      vertex 8.963116645812988 -23.231182098388672 6
      vertex 18.415252685546875 -22.260215759277344 6
      vertex 9.47693920135498 -23.466426849365234 6
    endloop
  endfacet
  facet normal 0 0 -1
    outer loop
      vertex 18.415252685546875 -22.260215759277344 6
      vertex 11.180501937866211 -6.188408851623535 6
      vertex 11.946806907653809 -5.991655349731445 6
    endloop
  endfacet
  facet normal 0 0 -1
    outer loop
      vertex 18.415252685546875 -22.260215759277344 6
      vertex 8.963116645812988 -23.231182098388672 6
      vertex 11.180501937866211 -6.188408851623535 6
    endloop
  endfacet
  facet normal 0 0 -1
    outer loop
      vertex 11.180501937866211 -6.188408851623535 6
      vertex 8.963116645812988 -23.231182098388672 6
      vertex 10.75 -6.242794036865234 6
    endloop
  endfacet
  facet normal 0 0 -1
    outer loop
      vertex 10.75 -6.242794036865234 6
      vertex 9.25 -6.242794036865234 6
      vertex 10.75 -4.799999237060547 6
    endloop
  endfacet
  facet normal 0 0 -1
    outer loop
      vertex 10.75 -4.799999237060547 6
      vertex 9.25 -6.242794036865234 6
      vertex 9.25 -4.799999237060547 6
    endloop
  endfacet
  facet normal 0 0 -1
    outer loop
      vertex 14.01577091217041 4.8542327880859375 6
      vertex 19.37787628173828 15.637234687805176 6
      vertex 14.592501640319824 4.31264591217041 6
    endloop
  endfacet
  facet normal 0 0 -1
    outer loop
      vertex 19.37787628173828 15.637234687805176 6
      vertex 14.01577091217041 4.8542327880859375 6
      vertex 18.826372146606445 15.760510444641113 6
    endloop
  endfacet
  facet normal 0 0 -1
    outer loop
      vertex 13.37570858001709 5.319265365600586 6
      vertex 18.826372146606445 15.760510444641113 6
      vertex 14.01577091217041 4.8542327880859375 6
    endloop
  endfacet
  facet normal 0 0 -1
    outer loop
      vertex 18.826372146606445 15.760510444641113 6
      vertex 13.37570858001709 5.319265365600586 6
      vertex 18.294666290283203 15.951936721801758 6
    endloop
  endfacet
  facet normal 0 0 -1
    outer loop
      vertex 12.682409286499023 5.700409889221191 6
      vertex 18.294666290283203 15.951936721801758 6
      vertex 13.37570858001709 5.319265365600586 6
    endloop
  endfacet
  facet normal 0 0 -1
    outer loop
      vertex 18.294666290283203 15.951936721801758 6
      vertex 12.682409286499023 5.700409889221191 6
      vertex 17.79114532470703 16.208492279052734 6
    endloop
  endfacet
  facet normal 0 0 -1
    outer loop
      vertex 11.946806907653809 5.991655349731445 6
      vertex 17.79114532470703 16.208492279052734 6
      vertex 12.682409286499023 5.700409889221191 6
    endloop
  endfacet
  facet normal 0 0 -1
    outer loop
      vertex 17.79114532470703 16.208492279052734 6
      vertex 11.946806907653809 5.991655349731445 6
      vertex 17.323749542236328 16.526134490966797 6
    endloop
  endfacet
  facet normal 0 0 -1
    outer loop
      vertex 11.180501937866211 6.188408851623535 6
      vertex 17.323749542236328 16.526134490966797 6
      vertex 11.946806907653809 5.991655349731445 6
    endloop
  endfacet
  facet normal 0 0 -1
    outer loop
      vertex 16.70633316040039 23.057735443115234 6
      vertex 15.480096817016602 24.392730712890625 6
      vertex 16.96354103088379 23.314945220947266 6
    endloop
  endfacet
  facet normal 0 0 -1
    outer loop
      vertex 16.359970092773438 22.6112060546875 6
      vertex 15.480096817016602 24.392730712890625 6
      vertex 16.70633316040039 23.057735443115234 6
    endloop
  endfacet
  facet normal 0 0 -1
    outer loop
      vertex 16.072303771972656 22.12479019165039 6
      vertex 15.480096817016602 24.392730712890625 6
      vertex 16.359970092773438 22.6112060546875 6
    endloop
  endfacet
  facet normal 0 0 -1
    outer loop
      vertex 15.847868919372559 21.606151580810547 6
      vertex 15.480096817016602 24.392730712890625 6
      vertex 16.072303771972656 22.12479019165039 6
    endloop
  endfacet
  facet normal 0 0 -1
    outer loop
      vertex 12.300811767578125 26.14055633544922 6
      vertex 15.847868919372559 21.606151580810547 6
      vertex 15.690206527709961 21.0634765625 6
    endloop
  endfacet
  facet normal 0 0 -1
    outer loop
      vertex 12.300811767578125 26.14055633544922 6
      vertex 15.690206527709961 21.0634765625 6
      vertex 15.601802825927734 20.505319595336914 6
    endloop
  endfacet
  facet normal 0 0 -1
    outer loop
      vertex 12.300811767578125 26.14055633544922 6
      vertex 15.601802825927734 20.505319595336914 6
      vertex 15.584053039550781 19.94048309326172 6
    endloop
  endfacet
  facet normal 0 0 -1
    outer loop
      vertex 17.323749542236328 16.526134490966797 6
      vertex 11.180501937866211 6.188408851623535 6
      vertex 16.899852752685547 16.899852752685547 6
    endloop
  endfacet
  facet normal 0 0 -1
    outer loop
      vertex 16.899852752685547 16.899852752685547 6
      vertex 11.180501937866211 6.188408851623535 6
      vertex 16.526134490966797 17.323749542236328 6
    endloop
  endfacet
  facet normal 0 0 -1
    outer loop
      vertex 10.39557933807373 6.287568092346191 6
      vertex 16.526134490966797 17.323749542236328 6
      vertex 11.180501937866211 6.188408851623535 6
    endloop
  endfacet
  facet normal 0 0 -1
    outer loop
      vertex 16.526134490966797 17.323749542236328 6
      vertex 10.39557933807373 6.287568092346191 6
      vertex 16.208492279052734 17.79114532470703 6
    endloop
  endfacet
  facet normal 0 0 -1
    outer loop
      vertex 9.604419708251953 6.287568092346191 6
      vertex 16.208492279052734 17.79114532470703 6
      vertex 10.39557933807373 6.287568092346191 6
    endloop
  endfacet
  facet normal 0 0 -1
    outer loop
      vertex 16.208492279052734 17.79114532470703 6
      vertex 9.604419708251953 6.287568092346191 6
      vertex 15.951936721801758 18.294666290283203 6
    endloop
  endfacet
  facet normal 0 0 -1
    outer loop
      vertex 8.819497108459473 6.188408851623535 6
      vertex 15.951936721801758 18.294666290283203 6
      vertex 9.604419708251953 6.287568092346191 6
    endloop
  endfacet
  facet normal 0 0 -1
    outer loop
      vertex 15.951936721801758 18.294666290283203 6
      vertex 8.819497108459473 6.188408851623535 6
      vertex 15.760510444641113 18.826372146606445 6
    endloop
  endfacet
  facet normal 0 0 -1
    outer loop
      vertex 8.053192138671875 5.991655349731445 6
      vertex 15.760510444641113 18.826372146606445 6
      vertex 8.819497108459473 6.188408851623535 6
    endloop
  endfacet
  facet normal 0 0 -1
    outer loop
      vertex 15.760510444641113 18.826372146606445 6
      vertex 8.053192138671875 5.991655349731445 6
      vertex 15.637234687805176 19.37787628173828 6
    endloop
  endfacet
  facet normal 0 0 -1
    outer loop
      vertex 15.847868919372559 21.606151580810547 6
      vertex 12.300811767578125 26.14055633544922 6
      vertex 15.480096817016602 24.392730712890625 6
    endloop
  endfacet
  facet normal 0 0 -1
    outer loop
      vertex 8.927536010742188 27.476131439208984 6
      vertex 15.637234687805176 19.37787628173828 6
      vertex 8.053192138671875 5.991655349731445 6
    endloop
  endfacet
  facet normal 0 0 -1
    outer loop
      vertex 15.584053039550781 19.94048309326172 6
      vertex 8.927536010742188 27.476131439208984 6
      vertex 12.300811767578125 26.14055633544922 6
    endloop
  endfacet
  facet normal 0 0 -1
    outer loop
      vertex 15.637234687805176 19.37787628173828 6
      vertex 8.927536010742188 27.476131439208984 6
      vertex 15.584053039550781 19.94048309326172 6
    endloop
  endfacet
  facet normal 0 0 -1
    outer loop
      vertex 5.4134674072265625 28.37839126586914 6
      vertex 8.053192138671875 5.991655349731445 6
      vertex 7.31758975982666 5.700409889221191 6
    endloop
  endfacet
  facet normal 0 0 -1
    outer loop
      vertex 1.8140249252319336 28.833106994628906 6
      vertex 7.31758975982666 5.700409889221191 6
      vertex 6.624290466308594 5.319265365600586 6
    endloop
  endfacet
  facet normal 0 0 -1
    outer loop
      vertex -6.624290466308594 5.319265365600586 6
      vertex 6.624290466308594 5.319265365600586 6
      vertex 5.984228134155273 4.8542327880859375 6
    endloop
  endfacet
  facet normal 0 0 -1
    outer loop
      vertex 8.053192138671875 5.991655349731445 6
      vertex 5.4134674072265625 28.37839126586914 6
      vertex 8.927536010742188 27.476131439208984 6
    endloop
  endfacet
  facet normal 0 0 -1
    outer loop
      vertex -5.984228134155273 4.8542327880859375 6
      vertex 5.984228134155273 4.8542327880859375 6
      vertex 5.407497406005859 4.31264591217041 6
    endloop
  endfacet
  facet normal 0 0 -1
    outer loop
      vertex -5.407497406005859 4.31264591217041 6
      vertex 5.407497406005859 4.31264591217041 6
      vertex 4.903192520141602 3.7030467987060547 6
    endloop
  endfacet
  facet normal 0 0 -1
    outer loop
      vertex -4.903192520141602 3.7030467987060547 6
      vertex 4.903192520141602 3.7030467987060547 6
      vertex 4.479267120361328 3.0350475311279297 6
    endloop
  endfacet
  facet normal 0 0 -1
    outer loop
      vertex -4.479267120361328 3.0350475311279297 6
      vertex 4.479267120361328 3.0350475311279297 6
      vertex 4.142407417297363 2.3191843032836914 6
    endloop
  endfacet
  facet normal 0 0 -1
    outer loop
      vertex -4.142407417297363 2.3191843032836914 6
      vertex 4.142407417297363 2.3191843032836914 6
      vertex 3.89792537689209 1.5667457580566406 6
    endloop
  endfacet
  facet normal 0 0 -1
    outer loop
      vertex -3.89792537689209 1.5667457580566406 6
      vertex 3.89792537689209 1.5667457580566406 6
      vertex 3.7496767044067383 0.7895984649658203 6
    endloop
  endfacet
  facet normal 0 0 -1
    outer loop
      vertex -3.7496767044067383 0.7895984649658203 6
      vertex 3.7496767044067383 0.7895984649658203 6
      vertex 3.6999998092651367 0 6
    endloop
  endfacet
  facet normal 0 0 -1
    outer loop
      vertex 4.479267120361328 -3.0350475311279297 6
      vertex -4.479267120361328 -3.0350475311279297 6
      vertex 4.142407417297363 -2.3191843032836914 6
    endloop
  endfacet
  facet normal 0 0 -1
    outer loop
      vertex -1.8140249252319336 -28.833106994628906 6
      vertex 3.2588977813720703 -25.55902862548828 6
      vertex 3.0563793182373047 -26.08660888671875 6
    endloop
  endfacet
  facet normal 0 0 -1
    outer loop
      vertex -1.8140249252319336 -28.833106994628906 6
      vertex 3.0563793182373047 -26.08660888671875 6
      vertex 2.9215803146362305 -26.63541030883789 6
    endloop
  endfacet
  facet normal 0 0 -1
    outer loop
      vertex 1.8140249252319336 -28.833106994628906 6
      vertex 2.9215803146362305 -26.63541030883789 6
      vertex 2.8566274642944336 -27.196781158447266 6
    endloop
  endfacet
  facet normal 0 0 -1
    outer loop
      vertex 2.9215803146362305 -26.63541030883789 6
      vertex 1.8140249252319336 -28.833106994628906 6
      vertex -1.8140249252319336 -28.833106994628906 6
    endloop
  endfacet
  facet normal 0 0 -1
    outer loop
      vertex -4.142407417297363 -2.3191843032836914 6
      vertex 4.142407417297363 -2.3191843032836914 6
      vertex -4.479267120361328 -3.0350475311279297 6
    endloop
  endfacet
  facet normal 0 0 -1
    outer loop
      vertex -3.7496767044067383 0.7895984649658203 6
      vertex 3.6999998092651367 0 6
      vertex -3.6999998092651367 0 6
    endloop
  endfacet
  facet normal 0 0 -1
    outer loop
      vertex 3.2588977813720703 -25.55902862548828 6
      vertex -1.8140249252319336 -28.833106994628906 6
      vertex -5.4134674072265625 -28.37839126586914 6
    endloop
  endfacet
  facet normal 0 0 -1
    outer loop
      vertex 3.7496767044067383 0.7895984649658203 6
      vertex -3.7496767044067383 0.7895984649658203 6
      vertex -3.89792537689209 1.5667457580566406 6
    endloop
  endfacet
  facet normal 0 0 -1
    outer loop
      vertex 3.89792537689209 1.5667457580566406 6
      vertex -3.89792537689209 1.5667457580566406 6
      vertex -4.142407417297363 2.3191843032836914 6
    endloop
  endfacet
  facet normal 0 0 -1
    outer loop
      vertex 3.6999998092651367 0 6
      vertex -3.7496767044067383 -0.7895984649658203 6
      vertex -3.6999998092651367 0 6
    endloop
  endfacet
  facet normal 0 0 -1
    outer loop
      vertex 3.7496767044067383 -0.7895984649658203 6
      vertex -3.7496767044067383 -0.7895984649658203 6
      vertex 3.6999998092651367 0 6
    endloop
  endfacet
  facet normal 0 0 -1
    outer loop
      vertex -3.7496767044067383 -0.7895984649658203 6
      vertex 3.7496767044067383 -0.7895984649658203 6
      vertex -3.89792537689209 -1.5667457580566406 6
    endloop
  endfacet
  facet normal 0 0 -1
    outer loop
      vertex 3.89792537689209 -1.5667457580566406 6
      vertex -3.89792537689209 -1.5667457580566406 6
      vertex 3.7496767044067383 -0.7895984649658203 6
    endloop
  endfacet
  facet normal 0 0 -1
    outer loop
      vertex -3.89792537689209 -1.5667457580566406 6
      vertex 3.89792537689209 -1.5667457580566406 6
      vertex -4.142407417297363 -2.3191843032836914 6
    endloop
  endfacet
  facet normal 0 0 -1
    outer loop
      vertex 4.142407417297363 -2.3191843032836914 6
      vertex -4.142407417297363 -2.3191843032836914 6
      vertex 3.89792537689209 -1.5667457580566406 6
    endloop
  endfacet
  facet normal 0 0 -1
    outer loop
      vertex 3.2588977813720703 -25.55902862548828 6
      vertex -5.4134674072265625 -28.37839126586914 6
      vertex -8.053192138671875 -5.991655349731445 6
    endloop
  endfacet
  facet normal 0 0 -1
    outer loop
      vertex 3.2588977813720703 -25.55902862548828 6
      vertex -5.984228134155273 -4.8542327880859375 6
      vertex -5.407497406005859 -4.31264591217041 6
    endloop
  endfacet
  facet normal 0 0 -1
    outer loop
      vertex 3.2588977813720703 -25.55902862548828 6
      vertex -6.624290466308594 -5.319265365600586 6
      vertex -5.984228134155273 -4.8542327880859375 6
    endloop
  endfacet
  facet normal 0 0 -1
    outer loop
      vertex 3.2588977813720703 -25.55902862548828 6
      vertex -7.31758975982666 -5.700409889221191 6
      vertex -6.624290466308594 -5.319265365600586 6
    endloop
  endfacet
  facet normal 0 0 -1
    outer loop
      vertex 3.2588977813720703 -25.55902862548828 6
      vertex -8.053192138671875 -5.991655349731445 6
      vertex -7.31758975982666 -5.700409889221191 6
    endloop
  endfacet
  facet normal 0 0 -1
    outer loop
      vertex -8.927536010742188 -27.476131439208984 6
      vertex -8.053192138671875 -5.991655349731445 6
      vertex -5.4134674072265625 -28.37839126586914 6
    endloop
  endfacet
  facet normal 0 0 -1
    outer loop
      vertex -8.053192138671875 -5.991655349731445 6
      vertex -8.927536010742188 -27.476131439208984 6
      vertex -8.819497108459473 -6.188408851623535 6
    endloop
  endfacet
  facet normal 0 0 -1
    outer loop
      vertex -12.300811767578125 -26.14055633544922 6
      vertex -8.819497108459473 -6.188408851623535 6
      vertex -8.927536010742188 -27.476131439208984 6
    endloop
  endfacet
  facet normal 0 0 -1
    outer loop
      vertex -9.25 -6.242794036865234 6
      vertex -10.75 -6.242794036865234 6
      vertex -9.25 -4.799999237060547 6
    endloop
  endfacet
  facet normal 0 0 -1
    outer loop
      vertex -8.819497108459473 -6.188408851623535 6
      vertex -12.300811767578125 -26.14055633544922 6
      vertex -9.25 -6.242794036865234 6
    endloop
  endfacet
  facet normal 0 0 -1
    outer loop
      vertex -15.480096817016602 -24.392730712890625 6
      vertex -9.25 -6.242794036865234 6
      vertex -12.300811767578125 -26.14055633544922 6
    endloop
  endfacet
  facet normal 0 0 -1
    outer loop
      vertex -9.25 -6.242794036865234 6
      vertex -15.480096817016602 -24.392730712890625 6
      vertex -10.75 -6.242794036865234 6
    endloop
  endfacet
  facet normal 0 0 -1
    outer loop
      vertex -18.415252685546875 -22.260215759277344 6
      vertex -10.75 -6.242794036865234 6
      vertex -15.480096817016602 -24.392730712890625 6
    endloop
  endfacet
  facet normal 0 0 -1
    outer loop
      vertex -10.75 -6.242794036865234 6
      vertex -18.415252685546875 -22.260215759277344 6
      vertex -11.180501937866211 -6.188408851623535 6
    endloop
  endfacet
  facet normal 0 0 -1
    outer loop
      vertex -11.180501937866211 -6.188408851623535 6
      vertex -18.415252685546875 -22.260215759277344 6
      vertex -11.946806907653809 -5.991655349731445 6
    endloop
  endfacet
  facet normal 0 0 -1
    outer loop
      vertex -21.059986114501953 -19.776643753051758 6
      vertex -11.946806907653809 -5.991655349731445 6
      vertex -18.415252685546875 -22.260215759277344 6
    endloop
  endfacet
  facet normal 0 0 -1
    outer loop
      vertex -11.946806907653809 -5.991655349731445 6
      vertex -21.059986114501953 -19.776643753051758 6
      vertex -12.682409286499023 -5.700409889221191 6
    endloop
  endfacet
  facet normal 0 0 -1
    outer loop
      vertex -23.37259292602539 -16.981182098388672 6
      vertex -12.682409286499023 -5.700409889221191 6
      vertex -21.059986114501953 -19.776643753051758 6
    endloop
  endfacet
  facet normal 0 0 -1
    outer loop
      vertex -12.682409286499023 -5.700409889221191 6
      vertex -23.37259292602539 -16.981182098388672 6
      vertex -13.37570858001709 -5.319265365600586 6
    endloop
  endfacet
  facet normal 0 0 -1
    outer loop
      vertex -25.316600799560547 -13.91791820526123 6
      vertex -13.37570858001709 -5.319265365600586 6
      vertex -23.37259292602539 -16.981182098388672 6
    endloop
  endfacet
  facet normal 0 0 -1
    outer loop
      vertex -13.37570858001709 -5.319265365600586 6
      vertex -25.316600799560547 -13.91791820526123 6
      vertex -14.01577091217041 -4.8542327880859375 6
    endloop
  endfacet
  facet normal 0 0 -1
    outer loop
      vertex -14.01577091217041 -4.8542327880859375 6
      vertex -25.316600799560547 -13.91791820526123 6
      vertex -14.592501640319824 -4.31264591217041 6
    endloop
  endfacet
  facet normal 0 0 -1
    outer loop
      vertex -26.861347198486328 -10.635159492492676 6
      vertex -14.592501640319824 -4.31264591217041 6
      vertex -25.316600799560547 -13.91791820526123 6
    endloop
  endfacet
  facet normal 0 0 -1
    outer loop
      vertex -14.592501640319824 -4.31264591217041 6
      vertex -26.861347198486328 -10.635159492492676 6
      vertex -15.096806526184082 -3.7030467987060547 6
    endloop
  endfacet
  facet normal 0 0 -1
    outer loop
      vertex -15.096806526184082 -3.7030467987060547 6
      vertex -26.861347198486328 -10.635159492492676 6
      vertex -15.520731925964355 -3.0350475311279297 6
    endloop
  endfacet
  facet normal 0 0 -1
    outer loop
      vertex -23.231182098388672 8.963116645812988 6
      vertex -13.37570858001709 5.319265365600586 6
      vertex -23.06218910217285 8.423860549926758 6
    endloop
  endfacet
  facet normal 0 0 -1
    outer loop
      vertex -13.37570858001709 5.319265365600586 6
      vertex -23.231182098388672 8.963116645812988 6
      vertex -12.682409286499023 5.700409889221191 6
    endloop
  endfacet
  facet normal 0 0 -1
    outer loop
      vertex -23.466426849365234 9.47693920135498 6
      vertex -12.682409286499023 5.700409889221191 6
      vertex -23.231182098388672 8.963116645812988 6
    endloop
  endfacet
  facet normal 0 0 -1
    outer loop
      vertex -23.37259292602539 16.981182098388672 6
      vertex -12.682409286499023 5.700409889221191 6
      vertex -23.466426849365234 9.47693920135498 6
    endloop
  endfacet
  facet normal 0 0 -1
    outer loop
      vertex -12.682409286499023 5.700409889221191 6
      vertex -23.37259292602539 16.981182098388672 6
      vertex -21.059986114501953 19.776643753051758 6
    endloop
  endfacet
  facet normal 0 0 -1
    outer loop
      vertex -23.764217376708984 9.957225799560547 6
      vertex -23.37259292602539 16.981182098388672 6
      vertex -23.466426849365234 9.47693920135498 6
    endloop
  endfacet
  facet normal 0 0 -1
    outer loop
      vertex -24.119855880737305 10.396402359008789 6
      vertex -23.37259292602539 16.981182098388672 6
      vertex -23.764217376708984 9.957225799560547 6
    endloop
  endfacet
  facet normal 0 0 -1
    outer loop
      vertex -25.316600799560547 13.91791820526123 6
      vertex -24.119855880737305 10.396402359008789 6
      vertex -24.527732849121094 10.787542343139648 6
    endloop
  endfacet
  facet normal 0 0 -1
    outer loop
      vertex -25.316600799560547 13.91791820526123 6
      vertex -24.527732849121094 10.787542343139648 6
      vertex -24.98141860961914 11.124478340148926 6
    endloop
  endfacet
  facet normal 0 0 -1
    outer loop
      vertex -24.119855880737305 10.396402359008789 6
      vertex -25.316600799560547 13.91791820526123 6
      vertex -23.37259292602539 16.981182098388672 6
    endloop
  endfacet
  facet normal 0 0 -1
    outer loop
      vertex -25.473752975463867 11.401894569396973 6
      vertex -25.316600799560547 13.91791820526123 6
      vertex -24.98141860961914 11.124478340148926 6
    endloop
  endfacet
  facet normal 0 0 -1
    outer loop
      vertex -25.99697494506836 11.615418434143066 6
      vertex -25.316600799560547 13.91791820526123 6
      vertex -25.473752975463867 11.401894569396973 6
    endloop
  endfacet
  facet normal 0 0 -1
    outer loop
      vertex -25.316600799560547 13.91791820526123 6
      vertex -25.99697494506836 11.615418434143066 6
      vertex -26.354938507080078 11.711334228515625 6
    endloop
  endfacet
  facet normal 0 0 -1
    outer loop
      vertex 4.142407417297363 2.3191843032836914 6
      vertex -4.142407417297363 2.3191843032836914 6
      vertex -4.479267120361328 3.0350475311279297 6
    endloop
  endfacet
  facet normal 0 0 -1
    outer loop
      vertex 4.479267120361328 3.0350475311279297 6
      vertex -4.479267120361328 3.0350475311279297 6
      vertex -4.903192520141602 3.7030467987060547 6
    endloop
  endfacet
  facet normal 0 0 -1
    outer loop
      vertex 4.903192520141602 3.7030467987060547 6
      vertex -4.903192520141602 3.7030467987060547 6
      vertex -5.407497406005859 4.31264591217041 6
    endloop
  endfacet
  facet normal 0 0 -1
    outer loop
      vertex 5.407497406005859 4.31264591217041 6
      vertex -5.407497406005859 4.31264591217041 6
      vertex -5.984228134155273 4.8542327880859375 6
    endloop
  endfacet
  facet normal 0 0 -1
    outer loop
      vertex 5.984228134155273 4.8542327880859375 6
      vertex -5.984228134155273 4.8542327880859375 6
      vertex -6.624290466308594 5.319265365600586 6
    endloop
  endfacet
  facet normal 0 0 -1
    outer loop
      vertex 7.31758975982666 5.700409889221191 6
      vertex 1.8140249252319336 28.833106994628906 6
      vertex 5.4134674072265625 28.37839126586914 6
    endloop
  endfacet
  facet normal 0 0 -1
    outer loop
      vertex 6.624290466308594 5.319265365600586 6
      vertex -6.624290466308594 5.319265365600586 6
      vertex 1.8140249252319336 28.833106994628906 6
    endloop
  endfacet
  facet normal 0 0 -1
    outer loop
      vertex 1.8140249252319336 28.833106994628906 6
      vertex -6.624290466308594 5.319265365600586 6
      vertex -1.8140249252319336 28.833106994628906 6
    endloop
  endfacet
  facet normal 0 0 -1
    outer loop
      vertex -7.31758975982666 5.700409889221191 6
      vertex -1.8140249252319336 28.833106994628906 6
      vertex -6.624290466308594 5.319265365600586 6
    endloop
  endfacet
  facet normal 0 0 -1
    outer loop
      vertex -1.8140249252319336 28.833106994628906 6
      vertex -7.31758975982666 5.700409889221191 6
      vertex -5.4134674072265625 28.37839126586914 6
    endloop
  endfacet
  facet normal 0 0 -1
    outer loop
      vertex -8.053192138671875 5.991655349731445 6
      vertex -5.4134674072265625 28.37839126586914 6
      vertex -7.31758975982666 5.700409889221191 6
    endloop
  endfacet
  facet normal 0 0 -1
    outer loop
      vertex -8.927536010742188 27.476131439208984 6
      vertex -8.053192138671875 5.991655349731445 6
      vertex -8.819497108459473 6.188408851623535 6
    endloop
  endfacet
  facet normal 0 0 -1
    outer loop
      vertex -8.053192138671875 5.991655349731445 6
      vertex -8.927536010742188 27.476131439208984 6
      vertex -5.4134674072265625 28.37839126586914 6
    endloop
  endfacet
  facet normal 0 0 -1
    outer loop
      vertex -12.300811767578125 26.14055633544922 6
      vertex -8.819497108459473 6.188408851623535 6
      vertex -9.604419708251953 6.287568092346191 6
    endloop
  endfacet
  facet normal 0 0 -1
    outer loop
      vertex -15.480096817016602 24.392730712890625 6
      vertex -9.604419708251953 6.287568092346191 6
      vertex -10.39557933807373 6.287568092346191 6
    endloop
  endfacet
  facet normal 0 0 -1
    outer loop
      vertex -18.415252685546875 22.260215759277344 6
      vertex -10.39557933807373 6.287568092346191 6
      vertex -11.180501937866211 6.188408851623535 6
    endloop
  endfacet
  facet normal 0 0 -1
    outer loop
      vertex -18.415252685546875 22.260215759277344 6
      vertex -11.180501937866211 6.188408851623535 6
      vertex -11.946806907653809 5.991655349731445 6
    endloop
  endfacet
  facet normal 0 0 -1
    outer loop
      vertex -8.819497108459473 6.188408851623535 6
      vertex -12.300811767578125 26.14055633544922 6
      vertex -8.927536010742188 27.476131439208984 6
    endloop
  endfacet
  facet normal 0 0 -1
    outer loop
      vertex -21.059986114501953 19.776643753051758 6
      vertex -11.946806907653809 5.991655349731445 6
      vertex -12.682409286499023 5.700409889221191 6
    endloop
  endfacet
  facet normal 0 0 -1
    outer loop
      vertex -23.06218910217285 8.423860549926758 6
      vertex -14.01577091217041 4.8542327880859375 6
      vertex -22.962116241455078 7.867677688598633 6
    endloop
  endfacet
  facet normal 0 0 -1
    outer loop
      vertex -14.592501640319824 4.31264591217041 6
      vertex -22.962116241455078 7.867677688598633 6
      vertex -14.01577091217041 4.8542327880859375 6
    endloop
  endfacet
  facet normal 0 0 -1
    outer loop
      vertex -22.962116241455078 7.867677688598633 6
      vertex -14.592501640319824 4.31264591217041 6
      vertex -22.932540893554688 7.303337097167969 6
    endloop
  endfacet
  facet normal 0 0 -1
    outer loop
      vertex -22.932540893554688 7.303337097167969 6
      vertex -14.592501640319824 4.31264591217041 6
      vertex -15.096806526184082 3.7030467987060547 6
    endloop
  endfacet
  facet normal 0 0 -1
    outer loop
      vertex -9.604419708251953 6.287568092346191 6
      vertex -15.480096817016602 24.392730712890625 6
      vertex -12.300811767578125 26.14055633544922 6
    endloop
  endfacet
  facet normal 0 0 -1
    outer loop
      vertex -22.973926544189453 6.739740371704102 6
      vertex -15.096806526184082 3.7030467987060547 6
      vertex -15.520731925964355 3.0350475311279297 6
    endloop
  endfacet
  facet normal 0 0 -1
    outer loop
      vertex -23.26587677001953 5.650177001953125 6
      vertex -15.520731925964355 3.0350475311279297 6
      vertex -15.85759162902832 2.3191843032836914 6
    endloop
  endfacet
  facet normal 0 0 -1
    outer loop
      vertex -23.511831283569336 5.141393661499023 6
      vertex -15.85759162902832 2.3191843032836914 6
      vertex -16.102073669433594 1.5667457580566406 6
    endloop
  endfacet
  facet normal 0 0 -1
    outer loop
      vertex -23.81961441040039 4.667448043823242 6
      vertex -16.102073669433594 1.5667457580566406 6
      vertex -16.250322341918945 0.7895984649658203 6
    endloop
  endfacet
  facet normal 0 0 -1
    outer loop
      vertex -24.184371948242188 4.23581600189209 6
      vertex -16.250322341918945 0.7895984649658203 6
      vertex -16.299999237060547 0 6
    endloop
  endfacet
  facet normal 0 0 -1
    outer loop
      vertex -27.98247718811035 -7.18467903137207 6
      vertex -15.520731925964355 -3.0350475311279297 6
      vertex -26.861347198486328 -10.635159492492676 6
    endloop
  endfacet
  facet normal 0 0 -1
    outer loop
      vertex -15.096806526184082 3.7030467987060547 6
      vertex -22.973926544189453 6.739740371704102 6
      vertex -22.932540893554688 7.303337097167969 6
    endloop
  endfacet
  facet normal 0 0 -1
    outer loop
      vertex -15.520731925964355 -3.0350475311279297 6
      vertex -27.98247718811035 -7.18467903137207 6
      vertex -15.85759162902832 -2.3191843032836914 6
    endloop
  endfacet
  facet normal 0 0 -1
    outer loop
      vertex -14.01577091217041 4.8542327880859375 6
      vertex -23.06218910217285 8.423860549926758 6
      vertex -13.37570858001709 5.319265365600586 6
    endloop
  endfacet
  facet normal 0 0 -1
    outer loop
      vertex -11.946806907653809 5.991655349731445 6
      vertex -21.059986114501953 19.776643753051758 6
      vertex -18.415252685546875 22.260215759277344 6
    endloop
  endfacet
  facet normal 0 0 -1
    outer loop
      vertex -10.39557933807373 6.287568092346191 6
      vertex -18.415252685546875 22.260215759277344 6
      vertex -15.480096817016602 24.392730712890625 6
    endloop
  endfacet
  facet normal 0 0 -1
    outer loop
      vertex -15.520731925964355 3.0350475311279297 6
      vertex -23.08562660217285 6.185774803161621 6
      vertex -22.973926544189453 6.739740371704102 6
    endloop
  endfacet
  facet normal 0 0 -1
    outer loop
      vertex -15.520731925964355 3.0350475311279297 6
      vertex -23.26587677001953 5.650177001953125 6
      vertex -23.08562660217285 6.185774803161621 6
    endloop
  endfacet
  facet normal 0 0 -1
    outer loop
      vertex -28.662307739257812 -3.6208906173706055 6
      vertex -15.85759162902832 -2.3191843032836914 6
      vertex -27.98247718811035 -7.18467903137207 6
    endloop
  endfacet
  facet normal 0 0 -1
    outer loop
      vertex -15.85759162902832 2.3191843032836914 6
      vertex -23.511831283569336 5.141393661499023 6
      vertex -23.26587677001953 5.650177001953125 6
    endloop
  endfacet
  facet normal 0 0 -1
    outer loop
      vertex -16.102073669433594 1.5667457580566406 6
      vertex -23.81961441040039 4.667448043823242 6
      vertex -23.511831283569336 5.141393661499023 6
    endloop
  endfacet
  facet normal 0 0 -1
    outer loop
      vertex -15.85759162902832 -2.3191843032836914 6
      vertex -28.662307739257812 -3.6208906173706055 6
      vertex -16.102073669433594 -1.5667457580566406 6
    endloop
  endfacet
  facet normal 0 0 -1
    outer loop
      vertex -16.250322341918945 0.7895984649658203 6
      vertex -24.184371948242188 4.23581600189209 6
      vertex -23.81961441040039 4.667448043823242 6
    endloop
  endfacet
  facet normal 0 0 -1
    outer loop
      vertex -16.102073669433594 -1.5667457580566406 6
      vertex -28.662307739257812 -3.6208906173706055 6
      vertex -16.250322341918945 -0.7895984649658203 6
    endloop
  endfacet
  facet normal 0 0 -1
    outer loop
      vertex -25.55902862548828 3.2588977813720703 6
      vertex -16.250322341918945 -0.7895984649658203 6
      vertex -28.662307739257812 -3.6208906173706055 6
    endloop
  endfacet
  facet normal 0 0 -1
    outer loop
      vertex -16.299999237060547 0 6
      vertex -24.600351333618164 3.853303909301758 6
      vertex -24.184371948242188 4.23581600189209 6
    endloop
  endfacet
  facet normal 0 0 -1
    outer loop
      vertex -16.299999237060547 0 6
      vertex -25.060993194580078 3.5259437561035156 6
      vertex -24.600351333618164 3.853303909301758 6
    endloop
  endfacet
  facet normal 0 0 -1
    outer loop
      vertex -25.060993194580078 3.5259437561035156 6
      vertex -16.250322341918945 -0.7895984649658203 6
      vertex -25.55902862548828 3.2588977813720703 6
    endloop
  endfacet
  facet normal 0 0 -1
    outer loop
      vertex -16.250322341918945 -0.7895984649658203 6
      vertex -25.060993194580078 3.5259437561035156 6
      vertex -16.299999237060547 0 6
    endloop
  endfacet
  facet normal 0 0 -1
    outer loop
      vertex -25.55902862548828 3.2588977813720703 6
      vertex -28.662307739257812 -3.6208906173706055 6
      vertex -26.08660888671875 3.0563793182373047 6
    endloop
  endfacet
  facet normal 0 0 -1
    outer loop
      vertex -28.890113830566406 0 6
      vertex -26.08660888671875 3.0563793182373047 6
      vertex -28.662307739257812 -3.6208906173706055 6
    endloop
  endfacet
  facet normal 0 0 -1
    outer loop
      vertex -26.08660888671875 3.0563793182373047 6
      vertex -28.890113830566406 0 6
      vertex -26.63541030883789 2.9215803146362305 6
    endloop
  endfacet
  facet normal 0 0 -1
    outer loop
      vertex -26.63541030883789 2.9215803146362305 6
      vertex -28.890113830566406 0 6
      vertex -27.196781158447266 2.8566274642944336 6
    endloop
  endfacet
  facet normal 0 0 -1
    outer loop
      vertex -27.196781158447266 2.8566274642944336 6
      vertex -28.890113830566406 0 6
      vertex -27.761863708496094 2.8625450134277344 6
    endloop
  endfacet
  facet normal 0 0 -1
    outer loop
      vertex -27.761863708496094 2.8625450134277344 6
      vertex -28.890113830566406 0 6
      vertex -28.32175064086914 2.9392404556274414 6
    endloop
  endfacet
  facet normal 0 0 -1
    outer loop
      vertex -28.32175064086914 2.9392404556274414 6
      vertex -28.890113830566406 0 6
      vertex -28.698835372924805 3.0402793884277344 6
    endloop
  endfacet
  facet normal 0 0 -1
    outer loop
      vertex -9.25 -4.799999237060547 6
      vertex -10.75 -6.242794036865234 6
      vertex -10.75 -4.799999237060547 6
    endloop
  endfacet
  facet normal 0 0 -1
    outer loop
      vertex 8.423860549926758 -23.06218910217285 6
      vertex 10.75 -6.242794036865234 6
      vertex 8.963116645812988 -23.231182098388672 6
    endloop
  endfacet
  facet normal 0 0 -1
    outer loop
      vertex 10.75 -6.242794036865234 6
      vertex 8.423860549926758 -23.06218910217285 6
      vertex 9.25 -6.242794036865234 6
    endloop
  endfacet
  facet normal 0 0 -1
    outer loop
      vertex 7.867677688598633 -22.962116241455078 6
      vertex 9.25 -6.242794036865234 6
      vertex 8.423860549926758 -23.06218910217285 6
    endloop
  endfacet
  facet normal 0 0 -1
    outer loop
      vertex 9.25 -6.242794036865234 6
      vertex 7.867677688598633 -22.962116241455078 6
      vertex 8.819497108459473 -6.188408851623535 6
    endloop
  endfacet
  facet normal 0 0 -1
    outer loop
      vertex 7.303337097167969 -22.932540893554688 6
      vertex 8.819497108459473 -6.188408851623535 6
      vertex 7.867677688598633 -22.962116241455078 6
    endloop
  endfacet
  facet normal 0 0 -1
    outer loop
      vertex 6.739740371704102 -22.973926544189453 6
      vertex 8.819497108459473 -6.188408851623535 6
      vertex 7.303337097167969 -22.932540893554688 6
    endloop
  endfacet
  facet normal 0 0 -1
    outer loop
      vertex 8.819497108459473 -6.188408851623535 6
      vertex 6.739740371704102 -22.973926544189453 6
      vertex 8.053192138671875 -5.991655349731445 6
    endloop
  endfacet
  facet normal 0 0 -1
    outer loop
      vertex 6.185774803161621 -23.08562660217285 6
      vertex 8.053192138671875 -5.991655349731445 6
      vertex 6.739740371704102 -22.973926544189453 6
    endloop
  endfacet
  facet normal 0 0 -1
    outer loop
      vertex 8.053192138671875 -5.991655349731445 6
      vertex 6.185774803161621 -23.08562660217285 6
      vertex 7.31758975982666 -5.700409889221191 6
    endloop
  endfacet
  facet normal 0 0 -1
    outer loop
      vertex 5.650177001953125 -23.26587677001953 6
      vertex 7.31758975982666 -5.700409889221191 6
      vertex 6.185774803161621 -23.08562660217285 6
    endloop
  endfacet
  facet normal 0 0 -1
    outer loop
      vertex 7.31758975982666 -5.700409889221191 6
      vertex 5.650177001953125 -23.26587677001953 6
      vertex 6.624290466308594 -5.319265365600586 6
    endloop
  endfacet
  facet normal 0 0 -1
    outer loop
      vertex 5.141393661499023 -23.511831283569336 6
      vertex 6.624290466308594 -5.319265365600586 6
      vertex 5.650177001953125 -23.26587677001953 6
    endloop
  endfacet
  facet normal 0 0 -1
    outer loop
      vertex 6.624290466308594 -5.319265365600586 6
      vertex 5.141393661499023 -23.511831283569336 6
      vertex 5.984228134155273 -4.8542327880859375 6
    endloop
  endfacet
  facet normal 0 0 -1
    outer loop
      vertex -5.407497406005859 -4.31264591217041 6
      vertex 5.141393661499023 -23.511831283569336 6
      vertex 4.667448043823242 -23.81961441040039 6
    endloop
  endfacet
  facet normal 0 0 -1
    outer loop
      vertex 5.141393661499023 -23.511831283569336 6
      vertex -5.407497406005859 -4.31264591217041 6
      vertex 5.984228134155273 -4.8542327880859375 6
    endloop
  endfacet
  facet normal 0 0 -1
    outer loop
      vertex -5.407497406005859 -4.31264591217041 6
      vertex 4.667448043823242 -23.81961441040039 6
      vertex 4.23581600189209 -24.184371948242188 6
    endloop
  endfacet
  facet normal 0 0 -1
    outer loop
      vertex 5.984228134155273 -4.8542327880859375 6
      vertex -5.407497406005859 -4.31264591217041 6
      vertex 5.407497406005859 -4.31264591217041 6
    endloop
  endfacet
  facet normal 0 0 -1
    outer loop
      vertex -5.407497406005859 -4.31264591217041 6
      vertex 4.23581600189209 -24.184371948242188 6
      vertex 3.853303909301758 -24.600351333618164 6
    endloop
  endfacet
  facet normal 0 0 -1
    outer loop
      vertex 5.407497406005859 -4.31264591217041 6
      vertex -5.407497406005859 -4.31264591217041 6
      vertex 4.903192520141602 -3.7030467987060547 6
    endloop
  endfacet
  facet normal 0 0 -1
    outer loop
      vertex -5.407497406005859 -4.31264591217041 6
      vertex 3.853303909301758 -24.600351333618164 6
      vertex 3.5259437561035156 -25.060993194580078 6
    endloop
  endfacet
  facet normal 0 0 -1
    outer loop
      vertex -4.903192520141602 -3.7030467987060547 6
      vertex 4.903192520141602 -3.7030467987060547 6
      vertex -5.407497406005859 -4.31264591217041 6
    endloop
  endfacet
  facet normal 0 0 -1
    outer loop
      vertex -5.407497406005859 -4.31264591217041 6
      vertex 3.5259437561035156 -25.060993194580078 6
      vertex 3.2588977813720703 -25.55902862548828 6
    endloop
  endfacet
  facet normal 0 0 -1
    outer loop
      vertex 4.903192520141602 -3.7030467987060547 6
      vertex -4.903192520141602 -3.7030467987060547 6
      vertex 4.479267120361328 -3.0350475311279297 6
    endloop
  endfacet
  facet normal 0 0 -1
    outer loop
      vertex -4.479267120361328 -3.0350475311279297 6
      vertex 4.479267120361328 -3.0350475311279297 6
      vertex -4.903192520141602 -3.7030467987060547 6
    endloop
  endfacet
  facet normal -0.12533347178446327 0.9921146712202442 0
    outer loop
      vertex -2.128598213195801 33.833106994628906 0
      vertex -6.352226257324219 33.299537658691406 10
      vertex -2.128598213195801 33.833106994628906 10
    endloop
  endfacet
  facet normal -0.12533347178446327 0.9921146712202442 0
    outer loop
      vertex -6.352226257324219 33.299537658691406 10
      vertex -2.128598213195801 33.833106994628906 0
      vertex -6.352226257324219 33.299537658691406 0
    endloop
  endfacet
  facet normal 0.24868998075623558 0.9685831370984439 0
    outer loop
      vertex -5.4134674072265625 -28.37839126586914 0
      vertex -8.927536010742188 -27.476131439208984 6
      vertex -5.4134674072265625 -28.37839126586914 6
    endloop
  endfacet
  facet normal 0.24868998075623558 0.9685831370984439 0
    outer loop
      vertex -8.927536010742188 -27.476131439208984 6
      vertex -5.4134674072265625 -28.37839126586914 0
      vertex -8.927536010742188 -27.476131439208984 0
    endloop
  endfacet
  facet normal 0.36812473144793467 0.9297764151108512 0
    outer loop
      vertex -8.927536010742188 -27.476131439208984 0
      vertex -12.300811767578125 -26.14055633544922 6
      vertex -8.927536010742188 -27.476131439208984 6
    endloop
  endfacet
  facet normal 0.36812473144793467 0.9297764151108512 0
    outer loop
      vertex -12.300811767578125 -26.14055633544922 6
      vertex -8.927536010742188 -27.476131439208984 0
      vertex -12.300811767578125 -26.14055633544922 0
    endloop
  endfacet
  facet normal 0.4817534361921375 0.8763068108357187 0
    outer loop
      vertex -12.300811767578125 -26.14055633544922 0
      vertex -15.480096817016602 -24.392730712890625 6
      vertex -12.300811767578125 -26.14055633544922 6
    endloop
  endfacet
  facet normal 0.4817534361921375 0.8763068108357187 0
    outer loop
      vertex -15.480096817016602 -24.392730712890625 6
      vertex -12.300811767578125 -26.14055633544922 0
      vertex -15.480096817016602 -24.392730712890625 0
    endloop
  endfacet
  facet normal 0.5877851420309237 0.8090170744846407 0
    outer loop
      vertex -15.480096817016602 -24.392730712890625 0
      vertex -18.415252685546875 -22.260215759277344 6
      vertex -15.480096817016602 -24.392730712890625 6
    endloop
  endfacet
  facet normal 0.5877851420309237 0.8090170744846407 0
    outer loop
      vertex -18.415252685546875 -22.260215759277344 6
      vertex -15.480096817016602 -24.392730712890625 0
      vertex -18.415252685546875 -22.260215759277344 0
    endloop
  endfacet
  facet normal 0.6845473996291319 0.728968351618226 0
    outer loop
      vertex -18.415252685546875 -22.260215759277344 0
      vertex -21.059986114501953 -19.776643753051758 6
      vertex -18.415252685546875 -22.260215759277344 6
    endloop
  endfacet
  facet normal 0.6845473996291319 0.728968351618226 0
    outer loop
      vertex -21.059986114501953 -19.776643753051758 6
      vertex -18.415252685546875 -22.260215759277344 0
      vertex -21.059986114501953 -19.776643753051758 0
    endloop
  endfacet
  facet normal 0.7705132686892227 0.6374239584247282 0
    outer loop
      vertex -21.059986114501953 -19.776643753051758 6
      vertex -23.37259292602539 -16.981182098388672 0
      vertex -23.37259292602539 -16.981182098388672 6
    endloop
  endfacet
  facet normal 0.7705132686892227 0.6374239584247282 0
    outer loop
      vertex -23.37259292602539 -16.981182098388672 0
      vertex -21.059986114501953 -19.776643753051758 6
      vertex -21.059986114501953 -19.776643753051758 0
    endloop
  endfacet
  facet normal 0.8443277392660391 0.5358270884398244 0
    outer loop
      vertex -23.37259292602539 -16.981182098388672 6
      vertex -25.316600799560547 -13.91791820526123 0
      vertex -25.316600799560547 -13.91791820526123 6
    endloop
  endfacet
  facet normal 0.8443277392660391 0.5358270884398244 0
    outer loop
      vertex -25.316600799560547 -13.91791820526123 0
      vertex -23.37259292602539 -16.981182098388672 6
      vertex -23.37259292602539 -16.981182098388672 0
    endloop
  endfacet
  facet normal 0.904827328039605 0.425778705940902 0
    outer loop
      vertex -25.316600799560547 -13.91791820526123 6
      vertex -26.861347198486328 -10.635159492492676 0
      vertex -26.861347198486328 -10.635159492492676 6
    endloop
  endfacet
  facet normal 0.904827328039605 0.425778705940902 0
    outer loop
      vertex -26.861347198486328 -10.635159492492676 0
      vertex -25.316600799560547 -13.91791820526123 6
      vertex -25.316600799560547 -13.91791820526123 0
    endloop
  endfacet
  facet normal 0.9510564412564046 0.30901722532037385 0
    outer loop
      vertex -26.861347198486328 -10.635159492492676 6
      vertex -27.98247718811035 -7.18467903137207 0
      vertex -27.98247718811035 -7.18467903137207 6
    endloop
  endfacet
  facet normal 0.9510564412564046 0.30901722532037385 0
    outer loop
      vertex -27.98247718811035 -7.18467903137207 0
      vertex -26.861347198486328 -10.635159492492676 6
      vertex -26.861347198486328 -10.635159492492676 0
    endloop
  endfacet
  facet normal 0.9822871719589614 0.18738172751062404 0
    outer loop
      vertex -27.98247718811035 -7.18467903137207 6
      vertex -28.662307739257812 -3.6208906173706055 0
      vertex -28.662307739257812 -3.6208906173706055 6
    endloop
  endfacet
  facet normal 0.9822871719589614 0.18738172751062404 0
    outer loop
      vertex -28.662307739257812 -3.6208906173706055 0
      vertex -27.98247718811035 -7.18467903137207 6
      vertex -27.98247718811035 -7.18467903137207 0
    endloop
  endfacet
  facet normal 0.9980267463409157 0.0627902348153388 0
    outer loop
      vertex -28.662307739257812 -3.6208906173706055 6
      vertex -28.890113830566406 0 0
      vertex -28.890113830566406 0 6
    endloop
  endfacet
  facet normal 0.9980267463409157 0.0627902348153388 0
    outer loop
      vertex -28.890113830566406 0 0
      vertex -28.662307739257812 -3.6208906173706055 6
      vertex -28.662307739257812 -3.6208906173706055 0
    endloop
  endfacet
  facet normal 0.9980267224304435 -0.06279061486198528 0
    outer loop
      vertex -28.890113830566406 0 6
      vertex -28.698835372924805 3.0402793884277344 0
      vertex -28.698835372924805 3.0402793884277344 6
    endloop
  endfacet
  facet normal 0.9980267224304435 -0.06279061486198528 0
    outer loop
      vertex -28.698835372924805 3.0402793884277344 0
      vertex -28.890113830566406 0 6
      vertex -28.890113830566406 0 0
    endloop
  endfacet
  facet normal -0.2588175713695448 -0.965926221173424 0
    outer loop
      vertex -28.698835372924805 3.0402793884277344 0
      vertex -28.32175064086914 2.9392404556274414 6
      vertex -28.698835372924805 3.0402793884277344 6
    endloop
  endfacet
  facet normal -0.2588175713695448 -0.965926221173424 0
    outer loop
      vertex -28.32175064086914 2.9392404556274414 6
      vertex -28.698835372924805 3.0402793884277344 0
      vertex -28.32175064086914 2.9392404556274414 0
    endloop
  endfacet
  facet normal -0.13571639328575602 -0.9907477280284351 0
    outer loop
      vertex -28.32175064086914 2.9392404556274414 0
      vertex -27.761863708496094 2.8625450134277344 6
      vertex -28.32175064086914 2.9392404556274414 6
    endloop
  endfacet
  facet normal -0.13571639328575602 -0.9907477280284351 0
    outer loop
      vertex -27.761863708496094 2.8625450134277344 6
      vertex -28.32175064086914 2.9392404556274414 0
      vertex -27.761863708496094 2.8625450134277344 0
    endloop
  endfacet
  facet normal -0.010471434114370345 -0.999945173030796 0
    outer loop
      vertex -27.761863708496094 2.8625450134277344 0
      vertex -27.196781158447266 2.8566274642944336 6
      vertex -27.761863708496094 2.8625450134277344 6
    endloop
  endfacet
  facet normal -0.010471434114370345 -0.999945173030796 0
    outer loop
      vertex -27.196781158447266 2.8566274642944336 6
      vertex -27.761863708496094 2.8625450134277344 0
      vertex -27.196781158447266 2.8566274642944336 0
    endloop
  endfacet
  facet normal 0.11493719752125389 -0.9933727601590252 0
    outer loop
      vertex -27.196781158447266 2.8566274642944336 0
      vertex -26.63541030883789 2.9215803146362305 6
      vertex -27.196781158447266 2.8566274642944336 6
    endloop
  endfacet
  facet normal 0.11493719752125389 -0.9933727601590252 0
    outer loop
      vertex -26.63541030883789 2.9215803146362305 6
      vertex -27.196781158447266 2.8566274642944336 0
      vertex -26.63541030883789 2.9215803146362305 0
    endloop
  endfacet
  facet normal 0.23853420090931507 -0.9711340973297944 0
    outer loop
      vertex -26.63541030883789 2.9215803146362305 0
      vertex -26.08660888671875 3.0563793182373047 6
      vertex -26.63541030883789 2.9215803146362305 6
    endloop
  endfacet
  facet normal 0.23853420090931507 -0.9711340973297944 0
    outer loop
      vertex -26.08660888671875 3.0563793182373047 6
      vertex -26.63541030883789 2.9215803146362305 0
      vertex -26.08660888671875 3.0563793182373047 0
    endloop
  endfacet
  facet normal 0.35836698600350786 -0.9335807963656716 0
    outer loop
      vertex -26.08660888671875 3.0563793182373047 0
      vertex -25.55902862548828 3.2588977813720703 6
      vertex -26.08660888671875 3.0563793182373047 6
    endloop
  endfacet
  facet normal 0.35836698600350786 -0.9335807963656716 0
    outer loop
      vertex -25.55902862548828 3.2588977813720703 6
      vertex -26.08660888671875 3.0563793182373047 0
      vertex -25.55902862548828 3.2588977813720703 0
    endloop
  endfacet
  facet normal 0.47255312844511904 -0.8813021847225451 0
    outer loop
      vertex -25.55902862548828 3.2588977813720703 0
      vertex -25.060993194580078 3.5259437561035156 6
      vertex -25.55902862548828 3.2588977813720703 6
    endloop
  endfacet
  facet normal 0.47255312844511904 -0.8813021847225451 0
    outer loop
      vertex -25.060993194580078 3.5259437561035156 6
      vertex -25.55902862548828 3.2588977813720703 0
      vertex -25.060993194580078 3.5259437561035156 0
    endloop
  endfacet
  facet normal 0.5792800225080064 -0.8151286128723023 0
    outer loop
      vertex -25.060993194580078 3.5259437561035156 0
      vertex -24.600351333618164 3.853303909301758 6
      vertex -25.060993194580078 3.5259437561035156 6
    endloop
  endfacet
  facet normal 0.5792800225080064 -0.8151286128723023 0
    outer loop
      vertex -24.600351333618164 3.853303909301758 6
      vertex -25.060993194580078 3.5259437561035156 0
      vertex -24.600351333618164 3.853303909301758 0
    endloop
  endfacet
  facet normal 0.6768754321140918 -0.736097581439011 0
    outer loop
      vertex -24.600351333618164 3.853303909301758 0
      vertex -24.184371948242188 4.23581600189209 6
      vertex -24.600351333618164 3.853303909301758 6
    endloop
  endfacet
  facet normal 0.6768754321140918 -0.736097581439011 0
    outer loop
      vertex -24.184371948242188 4.23581600189209 6
      vertex -24.600351333618164 3.853303909301758 0
      vertex -24.184371948242188 4.23581600189209 0
    endloop
  endfacet
  facet normal 0.7637958697749035 -0.6454578757090184 0
    outer loop
      vertex -24.184371948242188 4.23581600189209 6
      vertex -23.81961441040039 4.667448043823242 0
      vertex -23.81961441040039 4.667448043823242 6
    endloop
  endfacet
  facet normal 0.7637958697749035 -0.6454578757090184 0
    outer loop
      vertex -23.81961441040039 4.667448043823242 0
      vertex -24.184371948242188 4.23581600189209 6
      vertex -24.184371948242188 4.23581600189209 0
    endloop
  endfacet
  facet normal 0.8386711790473862 -0.5446380939993705 0
    outer loop
      vertex -23.81961441040039 4.667448043823242 6
      vertex -23.511831283569336 5.141393661499023 0
      vertex -23.511831283569336 5.141393661499023 6
    endloop
  endfacet
  facet normal 0.8386711790473862 -0.5446380939993705 0
    outer loop
      vertex -23.511831283569336 5.141393661499023 0
      vertex -23.81961441040039 4.667448043823242 6
      vertex -23.81961441040039 4.667448043823242 0
    endloop
  endfacet
  facet normal 0.9003194392481373 -0.43522971786393405 0
    outer loop
      vertex -23.511831283569336 5.141393661499023 6
      vertex -23.26587677001953 5.650177001953125 0
      vertex -23.26587677001953 5.650177001953125 6
    endloop
  endfacet
  facet normal 0.9003194392481373 -0.43522971786393405 0
    outer loop
      vertex -23.26587677001953 5.650177001953125 0
      vertex -23.511831283569336 5.141393661499023 6
      vertex -23.511831283569336 5.141393661499023 0
    endloop
  endfacet
  facet normal 0.9477675575994379 -0.3189618421723767 0
    outer loop
      vertex -23.26587677001953 5.650177001953125 6
      vertex -23.08562660217285 6.185774803161621 0
      vertex -23.08562660217285 6.185774803161621 6
    endloop
  endfacet
  facet normal 0.9477675575994379 -0.3189618421723767 0
    outer loop
      vertex -23.08562660217285 6.185774803161621 0
      vertex -23.26587677001953 5.650177001953125 6
      vertex -23.26587677001953 5.650177001953125 0
    endloop
  endfacet
  facet normal 0.9802708297152948 -0.19765905091669225 0
    outer loop
      vertex -23.08562660217285 6.185774803161621 6
      vertex -22.973926544189453 6.739740371704102 0
      vertex -22.973926544189453 6.739740371704102 6
    endloop
  endfacet
  facet normal 0.9802708297152948 -0.19765905091669225 0
    outer loop
      vertex -22.973926544189453 6.739740371704102 0
      vertex -23.08562660217285 6.185774803161621 6
      vertex -23.08562660217285 6.185774803161621 0
    endloop
  endfacet
  facet normal 0.9973147752357727 -0.07323413887266038 0
    outer loop
      vertex -22.973926544189453 6.739740371704102 6
      vertex -22.932540893554688 7.303337097167969 0
      vertex -22.932540893554688 7.303337097167969 6
    endloop
  endfacet
  facet normal 0.9973147752357727 -0.07323413887266038 0
    outer loop
      vertex -22.932540893554688 7.303337097167969 0
      vertex -22.973926544189453 6.739740371704102 6
      vertex -22.973926544189453 6.739740371704102 0
    endloop
  endfacet
  facet normal 0.9986295800026459 0.05233509285115446 0
    outer loop
      vertex -22.932540893554688 7.303337097167969 6
      vertex -22.962116241455078 7.867677688598633 0
      vertex -22.962116241455078 7.867677688598633 6
    endloop
  endfacet
  facet normal 0.9986295800026459 0.05233509285115446 0
    outer loop
      vertex -22.962116241455078 7.867677688598633 0
      vertex -22.932540893554688 7.303337097167969 6
      vertex -22.932540893554688 7.303337097167969 0
    endloop
  endfacet
  facet normal 0.9841956792817176 0.17708434398104897 0
    outer loop
      vertex -22.962116241455078 7.867677688598633 6
      vertex -23.06218910217285 8.423860549926758 0
      vertex -23.06218910217285 8.423860549926758 6
    endloop
  endfacet
  facet normal 0.9841956792817176 0.17708434398104897 0
    outer loop
      vertex -23.06218910217285 8.423860549926758 0
      vertex -22.962116241455078 7.867677688598633 6
      vertex -22.962116241455078 7.867677688598633 0
    endloop
  endfacet
  facet normal 0.954240136913473 0.29904140366069076 0
    outer loop
      vertex -23.06218910217285 8.423860549926758 6
      vertex -23.231182098388672 8.963116645812988 0
      vertex -23.231182098388672 8.963116645812988 6
    endloop
  endfacet
  facet normal 0.954240136913473 0.29904140366069076 0
    outer loop
      vertex -23.231182098388672 8.963116645812988 0
      vertex -23.06218910217285 8.423860549926758 6
      vertex -23.06218910217285 8.423860549926758 0
    endloop
  endfacet
  facet normal 0.9092371686524016 0.4162784778738436 0
    outer loop
      vertex -23.231182098388672 8.963116645812988 6
      vertex -23.466426849365234 9.47693920135498 0
      vertex -23.466426849365234 9.47693920135498 6
    endloop
  endfacet
  facet normal 0.9092371686524016 0.4162784778738436 0
    outer loop
      vertex -23.466426849365234 9.47693920135498 0
      vertex -23.231182098388672 8.963116645812988 6
      vertex -23.231182098388672 8.963116645812988 0
    endloop
  endfacet
  facet normal 0.8498925187943547 0.5269560764403306 0
    outer loop
      vertex -23.466426849365234 9.47693920135498 6
      vertex -23.764217376708984 9.957225799560547 0
      vertex -23.764217376708984 9.957225799560547 6
    endloop
  endfacet
  facet normal 0.8498925187943547 0.5269560764403306 0
    outer loop
      vertex -23.764217376708984 9.957225799560547 0
      vertex -23.466426849365234 9.47693920135498 6
      vertex -23.466426849365234 9.47693920135498 0
    endloop
  endfacet
  facet normal 0.7771456685624173 0.6293207527443166 0
    outer loop
      vertex -23.764217376708984 9.957225799560547 6
      vertex -24.119855880737305 10.396402359008789 0
      vertex -24.119855880737305 10.396402359008789 6
    endloop
  endfacet
  facet normal 0.7771456685624173 0.6293207527443166 0
    outer loop
      vertex -24.119855880737305 10.396402359008789 0
      vertex -23.764217376708984 9.957225799560547 6
      vertex -23.764217376708984 9.957225799560547 0
    endloop
  endfacet
  facet normal 0.692143205441203 0.7217601978230558 0
    outer loop
      vertex -24.119855880737305 10.396402359008789 0
      vertex -24.527732849121094 10.787542343139648 6
      vertex -24.119855880737305 10.396402359008789 6
    endloop
  endfacet
  facet normal 0.692143205441203 0.7217601978230558 0
    outer loop
      vertex -24.527732849121094 10.787542343139648 6
      vertex -24.119855880737305 10.396402359008789 0
      vertex -24.527732849121094 10.787542343139648 0
    endloop
  endfacet
  facet normal 0.5962239808156903 0.8028181392446807 0
    outer loop
      vertex -24.527732849121094 10.787542343139648 0
      vertex -24.98141860961914 11.124478340148926 6
      vertex -24.527732849121094 10.787542343139648 6
    endloop
  endfacet
  facet normal 0.5962239808156903 0.8028181392446807 0
    outer loop
      vertex -24.98141860961914 11.124478340148926 6
      vertex -24.527732849121094 10.787542343139648 0
      vertex -24.98141860961914 11.124478340148926 0
    endloop
  endfacet
  facet normal 0.490903849387651 0.8712137571551464 0
    outer loop
      vertex -24.98141860961914 11.124478340148926 0
      vertex -25.473752975463867 11.401894569396973 6
      vertex -24.98141860961914 11.124478340148926 6
    endloop
  endfacet
  facet normal 0.490903849387651 0.8712137571551464 0
    outer loop
      vertex -25.473752975463867 11.401894569396973 6
      vertex -24.98141860961914 11.124478340148926 0
      vertex -25.473752975463867 11.401894569396973 0
    endloop
  endfacet
  facet normal 0.37784220376552025 0.9258700065633486 0
    outer loop
      vertex -25.473752975463867 11.401894569396973 0
      vertex -25.99697494506836 11.615418434143066 6
      vertex -25.473752975463867 11.401894569396973 6
    endloop
  endfacet
  facet normal 0.37784220376552025 0.9258700065633486 0
    outer loop
      vertex -25.99697494506836 11.615418434143066 6
      vertex -25.473752975463867 11.401894569396973 0
      vertex -25.99697494506836 11.615418434143066 0
    endloop
  endfacet
  facet normal 0.258818408170653 0.9659259969542228 0
    outer loop
      vertex -25.99697494506836 11.615418434143066 0
      vertex -26.354938507080078 11.711334228515625 6
      vertex -25.99697494506836 11.615418434143066 6
    endloop
  endfacet
  facet normal 0.258818408170653 0.9659259969542228 0
    outer loop
      vertex -26.354938507080078 11.711334228515625 6
      vertex -25.99697494506836 11.615418434143066 0
      vertex -26.354938507080078 11.711334228515625 0
    endloop
  endfacet
  facet normal 0.9048273519015348 -0.4257786552316308 0
    outer loop
      vertex -26.354938507080078 11.711334228515625 6
      vertex -25.316600799560547 13.91791820526123 0
      vertex -25.316600799560547 13.91791820526123 6
    endloop
  endfacet
  facet normal 0.9048273519015348 -0.4257786552316308 0
    outer loop
      vertex -25.316600799560547 13.91791820526123 0
      vertex -26.354938507080078 11.711334228515625 6
      vertex -26.354938507080078 11.711334228515625 0
    endloop
  endfacet
  facet normal 0.8443277392660391 -0.5358270884398244 0
    outer loop
      vertex -25.316600799560547 13.91791820526123 6
      vertex -23.37259292602539 16.981182098388672 0
      vertex -23.37259292602539 16.981182098388672 6
    endloop
  endfacet
  facet normal 0.8443277392660391 -0.5358270884398244 0
    outer loop
      vertex -23.37259292602539 16.981182098388672 0
      vertex -25.316600799560547 13.91791820526123 6
      vertex -25.316600799560547 13.91791820526123 0
    endloop
  endfacet
  facet normal 0.7705132686892227 -0.6374239584247282 0
    outer loop
      vertex -23.37259292602539 16.981182098388672 6
      vertex -21.059986114501953 19.776643753051758 0
      vertex -21.059986114501953 19.776643753051758 6
    endloop
  endfacet
  facet normal 0.7705132686892227 -0.6374239584247282 0
    outer loop
      vertex -21.059986114501953 19.776643753051758 0
      vertex -23.37259292602539 16.981182098388672 6
      vertex -23.37259292602539 16.981182098388672 0
    endloop
  endfacet
  facet normal 0.6845473996291319 -0.728968351618226 0
    outer loop
      vertex -21.059986114501953 19.776643753051758 0
      vertex -18.415252685546875 22.260215759277344 6
      vertex -21.059986114501953 19.776643753051758 6
    endloop
  endfacet
  facet normal 0.6845473996291319 -0.728968351618226 0
    outer loop
      vertex -18.415252685546875 22.260215759277344 6
      vertex -21.059986114501953 19.776643753051758 0
      vertex -18.415252685546875 22.260215759277344 0
    endloop
  endfacet
  facet normal 0.5877851420309237 -0.8090170744846407 0
    outer loop
      vertex -18.415252685546875 22.260215759277344 0
      vertex -15.480096817016602 24.392730712890625 6
      vertex -18.415252685546875 22.260215759277344 6
    endloop
  endfacet
  facet normal 0.5877851420309237 -0.8090170744846407 0
    outer loop
      vertex -15.480096817016602 24.392730712890625 6
      vertex -18.415252685546875 22.260215759277344 0
      vertex -15.480096817016602 24.392730712890625 0
    endloop
  endfacet
  facet normal 0.4817534361921375 -0.8763068108357187 0
    outer loop
      vertex -15.480096817016602 24.392730712890625 0
      vertex -12.300811767578125 26.14055633544922 6
      vertex -15.480096817016602 24.392730712890625 6
    endloop
  endfacet
  facet normal 0.4817534361921375 -0.8763068108357187 0
    outer loop
      vertex -12.300811767578125 26.14055633544922 6
      vertex -15.480096817016602 24.392730712890625 0
      vertex -12.300811767578125 26.14055633544922 0
    endloop
  endfacet
  facet normal 0.36812473144793467 -0.9297764151108512 0
    outer loop
      vertex -12.300811767578125 26.14055633544922 0
      vertex -8.927536010742188 27.476131439208984 6
      vertex -12.300811767578125 26.14055633544922 6
    endloop
  endfacet
  facet normal 0.36812473144793467 -0.9297764151108512 0
    outer loop
      vertex -8.927536010742188 27.476131439208984 6
      vertex -12.300811767578125 26.14055633544922 0
      vertex -8.927536010742188 27.476131439208984 0
    endloop
  endfacet
  facet normal 0.24868998075623558 -0.9685831370984439 0
    outer loop
      vertex -8.927536010742188 27.476131439208984 0
      vertex -5.4134674072265625 28.37839126586914 6
      vertex -8.927536010742188 27.476131439208984 6
    endloop
  endfacet
  facet normal 0.24868998075623558 -0.9685831370984439 0
    outer loop
      vertex -5.4134674072265625 28.37839126586914 6
      vertex -8.927536010742188 27.476131439208984 0
      vertex -5.4134674072265625 28.37839126586914 0
    endloop
  endfacet
  facet normal 0.12533334134024485 -0.9921146876992043 0
    outer loop
      vertex -5.4134674072265625 28.37839126586914 0
      vertex -1.8140249252319336 28.833106994628906 6
      vertex -5.4134674072265625 28.37839126586914 6
    endloop
  endfacet
  facet normal 0.12533334134024485 -0.9921146876992043 0
    outer loop
      vertex -1.8140249252319336 28.833106994628906 6
      vertex -5.4134674072265625 28.37839126586914 0
      vertex -1.8140249252319336 28.833106994628906 0
    endloop
  endfacet
  facet normal 0 -1 0
    outer loop
      vertex -1.8140249252319336 28.833106994628906 0
      vertex 1.8140249252319336 28.833106994628906 6
      vertex -1.8140249252319336 28.833106994628906 6
    endloop
  endfacet
  facet normal 0 -1 0
    outer loop
      vertex 1.8140249252319336 28.833106994628906 6
      vertex -1.8140249252319336 28.833106994628906 0
      vertex 1.8140249252319336 28.833106994628906 0
    endloop
  endfacet
  facet normal -0.12533334134024485 -0.9921146876992043 0
    outer loop
      vertex 1.8140249252319336 28.833106994628906 0
      vertex 5.4134674072265625 28.37839126586914 6
      vertex 1.8140249252319336 28.833106994628906 6
    endloop
  endfacet
  facet normal -0.12533334134024485 -0.9921146876992043 0
    outer loop
      vertex 5.4134674072265625 28.37839126586914 6
      vertex 1.8140249252319336 28.833106994628906 0
      vertex 5.4134674072265625 28.37839126586914 0
    endloop
  endfacet
  facet normal -0.24868998075623558 -0.9685831370984439 0
    outer loop
      vertex 5.4134674072265625 28.37839126586914 0
      vertex 8.927536010742188 27.476131439208984 6
      vertex 5.4134674072265625 28.37839126586914 6
    endloop
  endfacet
  facet normal -0.24868998075623558 -0.9685831370984439 0
    outer loop
      vertex 8.927536010742188 27.476131439208984 6
      vertex 5.4134674072265625 28.37839126586914 0
      vertex 8.927536010742188 27.476131439208984 0
    endloop
  endfacet
  facet normal -0.36812473144793467 -0.9297764151108512 0
    outer loop
      vertex 8.927536010742188 27.476131439208984 0
      vertex 12.300811767578125 26.14055633544922 6
      vertex 8.927536010742188 27.476131439208984 6
    endloop
  endfacet
  facet normal -0.36812473144793467 -0.9297764151108512 0
    outer loop
      vertex 12.300811767578125 26.14055633544922 6
      vertex 8.927536010742188 27.476131439208984 0
      vertex 12.300811767578125 26.14055633544922 0
    endloop
  endfacet
  facet normal -0.4817534361921375 -0.8763068108357187 0
    outer loop
      vertex 12.300811767578125 26.14055633544922 0
      vertex 15.480096817016602 24.392730712890625 6
      vertex 12.300811767578125 26.14055633544922 6
    endloop
  endfacet
  facet normal -0.4817534361921375 -0.8763068108357187 0
    outer loop
      vertex 15.480096817016602 24.392730712890625 6
      vertex 12.300811767578125 26.14055633544922 0
      vertex 15.480096817016602 24.392730712890625 0
    endloop
  endfacet
  facet normal -0.58778531748688 -0.8090169470084343 0
    outer loop
      vertex 15.480096817016602 24.392730712890625 0
      vertex 16.96354103088379 23.314945220947266 6
      vertex 15.480096817016602 24.392730712890625 6
    endloop
  endfacet
  facet normal -0.58778531748688 -0.8090169470084343 0
    outer loop
      vertex 16.96354103088379 23.314945220947266 6
      vertex 15.480096817016602 24.392730712890625 0
      vertex 16.96354103088379 23.314945220947266 0
    endloop
  endfacet
  facet normal -0.7071094029796692 0.7071041593837049 0
    outer loop
      vertex 16.70633316040039 23.057735443115234 0
      vertex 16.96354103088379 23.314945220947266 6
      vertex 16.96354103088379 23.314945220947266 0
    endloop
  endfacet
  facet normal -0.7071094029796692 0.7071041593837049 0
    outer loop
      vertex 16.96354103088379 23.314945220947266 6
      vertex 16.70633316040039 23.057735443115234 0
      vertex 16.70633316040039 23.057735443115234 6
    endloop
  endfacet
  facet normal -0.7901555523209344 0.6129063575591293 0
    outer loop
      vertex 16.359970092773438 22.6112060546875 0
      vertex 16.70633316040039 23.057735443115234 6
      vertex 16.70633316040039 23.057735443115234 0
    endloop
  endfacet
  facet normal -0.7901555523209344 0.6129063575591293 0
    outer loop
      vertex 16.70633316040039 23.057735443115234 6
      vertex 16.359970092773438 22.6112060546875 0
      vertex 16.359970092773438 22.6112060546875 6
    endloop
  endfacet
  facet normal -0.8607414212269957 0.5090424400618593 0
    outer loop
      vertex 16.072303771972656 22.12479019165039 0
      vertex 16.359970092773438 22.6112060546875 6
      vertex 16.359970092773438 22.6112060546875 0
    endloop
  endfacet
  facet normal -0.8607414212269957 0.5090424400618593 0
    outer loop
      vertex 16.359970092773438 22.6112060546875 6
      vertex 16.072303771972656 22.12479019165039 0
      vertex 16.072303771972656 22.12479019165039 6
    endloop
  endfacet
  facet normal -0.9177547002890125 0.3971477182326809 0
    outer loop
      vertex 15.847868919372559 21.606151580810547 0
      vertex 16.072303771972656 22.12479019165039 6
      vertex 16.072303771972656 22.12479019165039 0
    endloop
  endfacet
  facet normal -0.9177547002890125 0.3971477182326809 0
    outer loop
      vertex 16.072303771972656 22.12479019165039 6
      vertex 15.847868919372559 21.606151580810547 0
      vertex 15.847868919372559 21.606151580810547 6
    endloop
  endfacet
  facet normal -0.9602933422633851 0.27899228807373366 0
    outer loop
      vertex 15.690206527709961 21.0634765625 0
      vertex 15.847868919372559 21.606151580810547 6
      vertex 15.847868919372559 21.606151580810547 0
    endloop
  endfacet
  facet normal -0.9602933422633851 0.27899228807373366 0
    outer loop
      vertex 15.847868919372559 21.606151580810547 6
      vertex 15.690206527709961 21.0634765625 0
      vertex 15.690206527709961 21.0634765625 6
    endloop
  endfacet
  facet normal -0.987688252303787 0.15643502248886232 0
    outer loop
      vertex 15.601802825927734 20.505319595336914 0
      vertex 15.690206527709961 21.0634765625 6
      vertex 15.690206527709961 21.0634765625 0
    endloop
  endfacet
  facet normal -0.987688252303787 0.15643502248886232 0
    outer loop
      vertex 15.690206527709961 21.0634765625 6
      vertex 15.601802825927734 20.505319595336914 0
      vertex 15.601802825927734 20.505319595336914 6
    endloop
  endfacet
  facet normal -0.9995066112425985 0.0314091401082054 0
    outer loop
      vertex 15.584053039550781 19.94048309326172 0
      vertex 15.601802825927734 20.505319595336914 6
      vertex 15.601802825927734 20.505319595336914 0
    endloop
  endfacet
  facet normal -0.9995066112425985 0.0314091401082054 0
    outer loop
      vertex 15.601802825927734 20.505319595336914 6
      vertex 15.584053039550781 19.94048309326172 0
      vertex 15.584053039550781 19.94048309326172 6
    endloop
  endfacet
  facet normal -0.9955620232008082 -0.09410769341724029 0
    outer loop
      vertex 15.637234687805176 19.37787628173828 0
      vertex 15.584053039550781 19.94048309326172 6
      vertex 15.584053039550781 19.94048309326172 0
    endloop
  endfacet
  facet normal -0.9955620232008082 -0.09410769341724029 0
    outer loop
      vertex 15.584053039550781 19.94048309326172 6
      vertex 15.637234687805176 19.37787628173828 0
      vertex 15.637234687805176 19.37787628173828 6
    endloop
  endfacet
  facet normal -0.975916770525442 -0.21814320298187553 0
    outer loop
      vertex 15.760510444641113 18.826372146606445 0
      vertex 15.637234687805176 19.37787628173828 6
      vertex 15.637234687805176 19.37787628173828 0
    endloop
  endfacet
  facet normal -0.975916770525442 -0.21814320298187553 0
    outer loop
      vertex 15.637234687805176 19.37787628173828 6
      vertex 15.760510444641113 18.826372146606445 0
      vertex 15.760510444641113 18.826372146606445 6
    endloop
  endfacet
  facet normal -0.940880549029175 -0.33873853110999713 0
    outer loop
      vertex 15.951936721801758 18.294666290283203 0
      vertex 15.760510444641113 18.826372146606445 6
      vertex 15.760510444641113 18.826372146606445 0
    endloop
  endfacet
  facet normal -0.940880549029175 -0.33873853110999713 0
    outer loop
      vertex 15.760510444641113 18.826372146606445 6
      vertex 15.951936721801758 18.294666290283203 0
      vertex 15.951936721801758 18.294666290283203 6
    endloop
  endfacet
  facet normal -0.8910073753182816 -0.4539888292991656 0
    outer loop
      vertex 16.208492279052734 17.79114532470703 0
      vertex 15.951936721801758 18.294666290283203 6
      vertex 15.951936721801758 18.294666290283203 0
    endloop
  endfacet
  facet normal -0.8910073753182816 -0.4539888292991656 0
    outer loop
      vertex 15.951936721801758 18.294666290283203 6
      vertex 16.208492279052734 17.79114532470703 0
      vertex 16.208492279052734 17.79114532470703 6
    endloop
  endfacet
  facet normal -0.8270802730605051 -0.5620838210749002 0
    outer loop
      vertex 16.526134490966797 17.323749542236328 0
      vertex 16.208492279052734 17.79114532470703 6
      vertex 16.208492279052734 17.79114532470703 0
    endloop
  endfacet
  facet normal -0.8270802730605051 -0.5620838210749002 0
    outer loop
      vertex 16.208492279052734 17.79114532470703 6
      vertex 16.526134490966797 17.323749542236328 0
      vertex 16.526134490966797 17.323749542236328 6
    endloop
  endfacet
  facet normal -0.7501084618481123 -0.6613148232603433 0
    outer loop
      vertex 16.899852752685547 16.899852752685547 0
      vertex 16.526134490966797 17.323749542236328 6
      vertex 16.526134490966797 17.323749542236328 0
    endloop
  endfacet
  facet normal -0.7501084618481123 -0.6613148232603433 0
    outer loop
      vertex 16.526134490966797 17.323749542236328 6
      vertex 16.899852752685547 16.899852752685547 0
      vertex 16.899852752685547 16.899852752685547 6
    endloop
  endfacet
  facet normal -0.6613148232603433 -0.7501084618481123 0
    outer loop
      vertex 16.899852752685547 16.899852752685547 0
      vertex 17.323749542236328 16.526134490966797 6
      vertex 16.899852752685547 16.899852752685547 6
    endloop
  endfacet
  facet normal -0.6613148232603433 -0.7501084618481123 0
    outer loop
      vertex 17.323749542236328 16.526134490966797 6
      vertex 16.899852752685547 16.899852752685547 0
      vertex 17.323749542236328 16.526134490966797 0
    endloop
  endfacet
  facet normal -0.5620838210749002 -0.8270802730605051 0
    outer loop
      vertex 17.323749542236328 16.526134490966797 0
      vertex 17.79114532470703 16.208492279052734 6
      vertex 17.323749542236328 16.526134490966797 6
    endloop
  endfacet
  facet normal -0.5620838210749002 -0.8270802730605051 0
    outer loop
      vertex 17.79114532470703 16.208492279052734 6
      vertex 17.323749542236328 16.526134490966797 0
      vertex 17.79114532470703 16.208492279052734 0
    endloop
  endfacet
  facet normal -0.4539888292991656 -0.8910073753182816 0
    outer loop
      vertex 17.79114532470703 16.208492279052734 0
      vertex 18.294666290283203 15.951936721801758 6
      vertex 17.79114532470703 16.208492279052734 6
    endloop
  endfacet
  facet normal -0.4539888292991656 -0.8910073753182816 0
    outer loop
      vertex 18.294666290283203 15.951936721801758 6
      vertex 17.79114532470703 16.208492279052734 0
      vertex 18.294666290283203 15.951936721801758 0
    endloop
  endfacet
  facet normal -0.33873853110999713 -0.940880549029175 0
    outer loop
      vertex 18.294666290283203 15.951936721801758 0
      vertex 18.826372146606445 15.760510444641113 6
      vertex 18.294666290283203 15.951936721801758 6
    endloop
  endfacet
  facet normal -0.33873853110999713 -0.940880549029175 0
    outer loop
      vertex 18.826372146606445 15.760510444641113 6
      vertex 18.294666290283203 15.951936721801758 0
      vertex 18.826372146606445 15.760510444641113 0
    endloop
  endfacet
  facet normal -0.21814320298187553 -0.975916770525442 0
    outer loop
      vertex 18.826372146606445 15.760510444641113 0
      vertex 19.37787628173828 15.637234687805176 6
      vertex 18.826372146606445 15.760510444641113 6
    endloop
  endfacet
  facet normal -0.21814320298187553 -0.975916770525442 0
    outer loop
      vertex 19.37787628173828 15.637234687805176 6
      vertex 18.826372146606445 15.760510444641113 0
      vertex 19.37787628173828 15.637234687805176 0
    endloop
  endfacet
  facet normal -0.09410769341724029 -0.9955620232008082 0
    outer loop
      vertex 19.37787628173828 15.637234687805176 0
      vertex 19.94048309326172 15.584053039550781 6
      vertex 19.37787628173828 15.637234687805176 6
    endloop
  endfacet
  facet normal -0.09410769341724029 -0.9955620232008082 0
    outer loop
      vertex 19.94048309326172 15.584053039550781 6
      vertex 19.37787628173828 15.637234687805176 0
      vertex 19.94048309326172 15.584053039550781 0
    endloop
  endfacet
  facet normal 0.0314091401082054 -0.9995066112425985 0
    outer loop
      vertex 19.94048309326172 15.584053039550781 0
      vertex 20.505319595336914 15.601802825927734 6
      vertex 19.94048309326172 15.584053039550781 6
    endloop
  endfacet
  facet normal 0.0314091401082054 -0.9995066112425985 0
    outer loop
      vertex 20.505319595336914 15.601802825927734 6
      vertex 19.94048309326172 15.584053039550781 0
      vertex 20.505319595336914 15.601802825927734 0
    endloop
  endfacet
  facet normal 0.15643502248886232 -0.987688252303787 0
    outer loop
      vertex 20.505319595336914 15.601802825927734 0
      vertex 21.0634765625 15.690206527709961 6
      vertex 20.505319595336914 15.601802825927734 6
    endloop
  endfacet
  facet normal 0.15643502248886232 -0.987688252303787 0
    outer loop
      vertex 21.0634765625 15.690206527709961 6
      vertex 20.505319595336914 15.601802825927734 0
      vertex 21.0634765625 15.690206527709961 0
    endloop
  endfacet
  facet normal 0.27897839131895324 -0.9602973795533802 0
    outer loop
      vertex 21.0634765625 15.690206527709961 0
      vertex 21.10300064086914 15.701688766479492 6
      vertex 21.0634765625 15.690206527709961 6
    endloop
  endfacet
  facet normal 0.27897839131895324 -0.9602973795533802 0
    outer loop
      vertex 21.10300064086914 15.701688766479492 6
      vertex 21.0634765625 15.690206527709961 0
      vertex 21.10300064086914 15.701688766479492 0
    endloop
  endfacet
  facet normal -1 0 0
    outer loop
      vertex 21.10300064086914 -19.72464942932129 0
      vertex 21.10300064086914 15.701688766479492 6
      vertex 21.10300064086914 15.701688766479492 0
    endloop
  endfacet
  facet normal -1 0 0
    outer loop
      vertex 21.10300064086914 15.701688766479492 6
      vertex 21.10300064086914 -19.72464942932129 0
      vertex 21.10300064086914 -19.72464942932129 6
    endloop
  endfacet
  facet normal -0.7705053749408601 0.6374335002078605 0
    outer loop
      vertex 21.059986114501953 -19.776643753051758 0
      vertex 21.10300064086914 -19.72464942932129 6
      vertex 21.10300064086914 -19.72464942932129 0
    endloop
  endfacet
  facet normal -0.7705053749408601 0.6374335002078605 0
    outer loop
      vertex 21.10300064086914 -19.72464942932129 6
      vertex 21.059986114501953 -19.776643753051758 0
      vertex 21.059986114501953 -19.776643753051758 6
    endloop
  endfacet
  facet normal -0.6845473996291319 0.728968351618226 0
    outer loop
      vertex 21.059986114501953 -19.776643753051758 0
      vertex 18.415252685546875 -22.260215759277344 6
      vertex 21.059986114501953 -19.776643753051758 6
    endloop
  endfacet
  facet normal -0.6845473996291319 0.728968351618226 0
    outer loop
      vertex 18.415252685546875 -22.260215759277344 6
      vertex 21.059986114501953 -19.776643753051758 0
      vertex 18.415252685546875 -22.260215759277344 0
    endloop
  endfacet
  facet normal -0.5877851420309237 0.8090170744846407 0
    outer loop
      vertex 18.415252685546875 -22.260215759277344 0
      vertex 15.480096817016602 -24.392730712890625 6
      vertex 18.415252685546875 -22.260215759277344 6
    endloop
  endfacet
  facet normal -0.5877851420309237 0.8090170744846407 0
    outer loop
      vertex 15.480096817016602 -24.392730712890625 6
      vertex 18.415252685546875 -22.260215759277344 0
      vertex 15.480096817016602 -24.392730712890625 0
    endloop
  endfacet
  facet normal -0.4817534361921375 0.8763068108357187 0
    outer loop
      vertex 15.480096817016602 -24.392730712890625 0
      vertex 12.300811767578125 -26.14055633544922 6
      vertex 15.480096817016602 -24.392730712890625 6
    endloop
  endfacet
  facet normal -0.4817534361921375 0.8763068108357187 0
    outer loop
      vertex 12.300811767578125 -26.14055633544922 6
      vertex 15.480096817016602 -24.392730712890625 0
      vertex 12.300811767578125 -26.14055633544922 0
    endloop
  endfacet
  facet normal -0.36812414253191256 0.9297766482791145 0
    outer loop
      vertex 12.300811767578125 -26.14055633544922 0
      vertex 11.715938568115234 -26.37212371826172 6
      vertex 12.300811767578125 -26.14055633544922 6
    endloop
  endfacet
  facet normal -0.36812414253191256 0.9297766482791145 0
    outer loop
      vertex 11.715938568115234 -26.37212371826172 6
      vertex 12.300811767578125 -26.14055633544922 0
      vertex 11.715938568115234 -26.37212371826172 0
    endloop
  endfacet
  facet normal 0.9659262619707374 0.25881741911092204 0
    outer loop
      vertex 11.715938568115234 -26.37212371826172 6
      vertex 11.615418434143066 -25.99697494506836 0
      vertex 11.615418434143066 -25.99697494506836 6
    endloop
  endfacet
  facet normal 0.9659262619707374 0.25881741911092204 0
    outer loop
      vertex 11.615418434143066 -25.99697494506836 0
      vertex 11.715938568115234 -26.37212371826172 6
      vertex 11.715938568115234 -26.37212371826172 0
    endloop
  endfacet
  facet normal 0.9258700065633486 0.37784220376552025 0
    outer loop
      vertex 11.615418434143066 -25.99697494506836 6
      vertex 11.401894569396973 -25.473752975463867 0
      vertex 11.401894569396973 -25.473752975463867 6
    endloop
  endfacet
  facet normal 0.9258700065633486 0.37784220376552025 0
    outer loop
      vertex 11.401894569396973 -25.473752975463867 0
      vertex 11.615418434143066 -25.99697494506836 6
      vertex 11.615418434143066 -25.99697494506836 0
    endloop
  endfacet
  facet normal 0.8712137571551464 0.490903849387651 0
    outer loop
      vertex 11.401894569396973 -25.473752975463867 6
      vertex 11.124478340148926 -24.98141860961914 0
      vertex 11.124478340148926 -24.98141860961914 6
    endloop
  endfacet
  facet normal 0.8712137571551464 0.490903849387651 0
    outer loop
      vertex 11.124478340148926 -24.98141860961914 0
      vertex 11.401894569396973 -25.473752975463867 6
      vertex 11.401894569396973 -25.473752975463867 0
    endloop
  endfacet
  facet normal 0.8028181392446807 0.5962239808156903 0
    outer loop
      vertex 11.124478340148926 -24.98141860961914 6
      vertex 10.787542343139648 -24.527732849121094 0
      vertex 10.787542343139648 -24.527732849121094 6
    endloop
  endfacet
  facet normal 0.8028181392446807 0.5962239808156903 0
    outer loop
      vertex 10.787542343139648 -24.527732849121094 0
      vertex 11.124478340148926 -24.98141860961914 6
      vertex 11.124478340148926 -24.98141860961914 0
    endloop
  endfacet
  facet normal 0.7217601978230558 0.692143205441203 0
    outer loop
      vertex 10.787542343139648 -24.527732849121094 6
      vertex 10.396402359008789 -24.119855880737305 0
      vertex 10.396402359008789 -24.119855880737305 6
    endloop
  endfacet
  facet normal 0.7217601978230558 0.692143205441203 0
    outer loop
      vertex 10.396402359008789 -24.119855880737305 0
      vertex 10.787542343139648 -24.527732849121094 6
      vertex 10.787542343139648 -24.527732849121094 0
    endloop
  endfacet
  facet normal 0.6293207527443166 0.7771456685624173 0
    outer loop
      vertex 10.396402359008789 -24.119855880737305 0
      vertex 9.957225799560547 -23.764217376708984 6
      vertex 10.396402359008789 -24.119855880737305 6
    endloop
  endfacet
  facet normal 0.6293207527443166 0.7771456685624173 0
    outer loop
      vertex 9.957225799560547 -23.764217376708984 6
      vertex 10.396402359008789 -24.119855880737305 0
      vertex 9.957225799560547 -23.764217376708984 0
    endloop
  endfacet
  facet normal 0.5269560764403306 0.8498925187943547 0
    outer loop
      vertex 9.957225799560547 -23.764217376708984 0
      vertex 9.47693920135498 -23.466426849365234 6
      vertex 9.957225799560547 -23.764217376708984 6
    endloop
  endfacet
  facet normal 0.5269560764403306 0.8498925187943547 0
    outer loop
      vertex 9.47693920135498 -23.466426849365234 6
      vertex 9.957225799560547 -23.764217376708984 0
      vertex 9.47693920135498 -23.466426849365234 0
    endloop
  endfacet
  facet normal 0.4162784778738436 0.9092371686524016 0
    outer loop
      vertex 9.47693920135498 -23.466426849365234 0
      vertex 8.963116645812988 -23.231182098388672 6
      vertex 9.47693920135498 -23.466426849365234 6
    endloop
  endfacet
  facet normal 0.4162784778738436 0.9092371686524016 0
    outer loop
      vertex 8.963116645812988 -23.231182098388672 6
      vertex 9.47693920135498 -23.466426849365234 0
      vertex 8.963116645812988 -23.231182098388672 0
    endloop
  endfacet
  facet normal 0.29904140366069076 0.954240136913473 0
    outer loop
      vertex 8.963116645812988 -23.231182098388672 0
      vertex 8.423860549926758 -23.06218910217285 6
      vertex 8.963116645812988 -23.231182098388672 6
    endloop
  endfacet
  facet normal 0.29904140366069076 0.954240136913473 0
    outer loop
      vertex 8.423860549926758 -23.06218910217285 6
      vertex 8.963116645812988 -23.231182098388672 0
      vertex 8.423860549926758 -23.06218910217285 0
    endloop
  endfacet
  facet normal 0.17708434398104897 0.9841956792817176 0
    outer loop
      vertex 8.423860549926758 -23.06218910217285 0
      vertex 7.867677688598633 -22.962116241455078 6
      vertex 8.423860549926758 -23.06218910217285 6
    endloop
  endfacet
  facet normal 0.17708434398104897 0.9841956792817176 0
    outer loop
      vertex 7.867677688598633 -22.962116241455078 6
      vertex 8.423860549926758 -23.06218910217285 0
      vertex 7.867677688598633 -22.962116241455078 0
    endloop
  endfacet
  facet normal 0.05233509285115446 0.9986295800026459 0
    outer loop
      vertex 7.867677688598633 -22.962116241455078 0
      vertex 7.303337097167969 -22.932540893554688 6
      vertex 7.867677688598633 -22.962116241455078 6
    endloop
  endfacet
  facet normal 0.05233509285115446 0.9986295800026459 0
    outer loop
      vertex 7.303337097167969 -22.932540893554688 6
      vertex 7.867677688598633 -22.962116241455078 0
      vertex 7.303337097167969 -22.932540893554688 0
    endloop
  endfacet
  facet normal -0.07323413887266038 0.9973147752357727 0
    outer loop
      vertex 7.303337097167969 -22.932540893554688 0
      vertex 6.739740371704102 -22.973926544189453 6
      vertex 7.303337097167969 -22.932540893554688 6
    endloop
  endfacet
  facet normal -0.07323413887266038 0.9973147752357727 0
    outer loop
      vertex 6.739740371704102 -22.973926544189453 6
      vertex 7.303337097167969 -22.932540893554688 0
      vertex 6.739740371704102 -22.973926544189453 0
    endloop
  endfacet
  facet normal -0.19765905091669225 0.9802708297152948 0
    outer loop
      vertex 6.739740371704102 -22.973926544189453 0
      vertex 6.185774803161621 -23.08562660217285 6
      vertex 6.739740371704102 -22.973926544189453 6
    endloop
  endfacet
  facet normal -0.19765905091669225 0.9802708297152948 0
    outer loop
      vertex 6.185774803161621 -23.08562660217285 6
      vertex 6.739740371704102 -22.973926544189453 0
      vertex 6.185774803161621 -23.08562660217285 0
    endloop
  endfacet
  facet normal -0.3189618421723767 0.9477675575994379 0
    outer loop
      vertex 6.185774803161621 -23.08562660217285 0
      vertex 5.650177001953125 -23.26587677001953 6
      vertex 6.185774803161621 -23.08562660217285 6
    endloop
  endfacet
  facet normal -0.3189618421723767 0.9477675575994379 0
    outer loop
      vertex 5.650177001953125 -23.26587677001953 6
      vertex 6.185774803161621 -23.08562660217285 0
      vertex 5.650177001953125 -23.26587677001953 0
    endloop
  endfacet
  facet normal -0.43522971786393405 0.9003194392481373 0
    outer loop
      vertex 5.650177001953125 -23.26587677001953 0
      vertex 5.141393661499023 -23.511831283569336 6
      vertex 5.650177001953125 -23.26587677001953 6
    endloop
  endfacet
  facet normal -0.43522971786393405 0.9003194392481373 0
    outer loop
      vertex 5.141393661499023 -23.511831283569336 6
      vertex 5.650177001953125 -23.26587677001953 0
      vertex 5.141393661499023 -23.511831283569336 0
    endloop
  endfacet
  facet normal -0.5446380939993705 0.8386711790473862 0
    outer loop
      vertex 5.141393661499023 -23.511831283569336 0
      vertex 4.667448043823242 -23.81961441040039 6
      vertex 5.141393661499023 -23.511831283569336 6
    endloop
  endfacet
  facet normal -0.5446380939993705 0.8386711790473862 0
    outer loop
      vertex 4.667448043823242 -23.81961441040039 6
      vertex 5.141393661499023 -23.511831283569336 0
      vertex 4.667448043823242 -23.81961441040039 0
    endloop
  endfacet
  facet normal -0.6454578757090184 0.7637958697749035 0
    outer loop
      vertex 4.667448043823242 -23.81961441040039 0
      vertex 4.23581600189209 -24.184371948242188 6
      vertex 4.667448043823242 -23.81961441040039 6
    endloop
  endfacet
  facet normal -0.6454578757090184 0.7637958697749035 0
    outer loop
      vertex 4.23581600189209 -24.184371948242188 6
      vertex 4.667448043823242 -23.81961441040039 0
      vertex 4.23581600189209 -24.184371948242188 0
    endloop
  endfacet
  facet normal -0.736097581439011 0.6768754321140918 0
    outer loop
      vertex 3.853303909301758 -24.600351333618164 0
      vertex 4.23581600189209 -24.184371948242188 6
      vertex 4.23581600189209 -24.184371948242188 0
    endloop
  endfacet
  facet normal -0.736097581439011 0.6768754321140918 0
    outer loop
      vertex 4.23581600189209 -24.184371948242188 6
      vertex 3.853303909301758 -24.600351333618164 0
      vertex 3.853303909301758 -24.600351333618164 6
    endloop
  endfacet
  facet normal -0.8151286128723023 0.5792800225080064 0
    outer loop
      vertex 3.5259437561035156 -25.060993194580078 0
      vertex 3.853303909301758 -24.600351333618164 6
      vertex 3.853303909301758 -24.600351333618164 0
    endloop
  endfacet
  facet normal -0.8151286128723023 0.5792800225080064 0
    outer loop
      vertex 3.853303909301758 -24.600351333618164 6
      vertex 3.5259437561035156 -25.060993194580078 0
      vertex 3.5259437561035156 -25.060993194580078 6
    endloop
  endfacet
  facet normal -0.8813021847225451 0.47255312844511904 0
    outer loop
      vertex 3.2588977813720703 -25.55902862548828 0
      vertex 3.5259437561035156 -25.060993194580078 6
      vertex 3.5259437561035156 -25.060993194580078 0
    endloop
  endfacet
  facet normal -0.8813021847225451 0.47255312844511904 0
    outer loop
      vertex 3.5259437561035156 -25.060993194580078 6
      vertex 3.2588977813720703 -25.55902862548828 0
      vertex 3.2588977813720703 -25.55902862548828 6
    endloop
  endfacet
  facet normal -0.9335807963656716 0.35836698600350786 0
    outer loop
      vertex 3.0563793182373047 -26.08660888671875 0
      vertex 3.2588977813720703 -25.55902862548828 6
      vertex 3.2588977813720703 -25.55902862548828 0
    endloop
  endfacet
  facet normal -0.9335807963656716 0.35836698600350786 0
    outer loop
      vertex 3.2588977813720703 -25.55902862548828 6
      vertex 3.0563793182373047 -26.08660888671875 0
      vertex 3.0563793182373047 -26.08660888671875 6
    endloop
  endfacet
  facet normal -0.9711340973297944 0.23853420090931507 0
    outer loop
      vertex 2.9215803146362305 -26.63541030883789 0
      vertex 3.0563793182373047 -26.08660888671875 6
      vertex 3.0563793182373047 -26.08660888671875 0
    endloop
  endfacet
  facet normal -0.9711340973297944 0.23853420090931507 0
    outer loop
      vertex 3.0563793182373047 -26.08660888671875 6
      vertex 2.9215803146362305 -26.63541030883789 0
      vertex 2.9215803146362305 -26.63541030883789 6
    endloop
  endfacet
  facet normal -0.9933727601590252 0.11493719752125389 0
    outer loop
      vertex 2.8566274642944336 -27.196781158447266 0
      vertex 2.9215803146362305 -26.63541030883789 6
      vertex 2.9215803146362305 -26.63541030883789 0
    endloop
  endfacet
  facet normal -0.9933727601590252 0.11493719752125389 0
    outer loop
      vertex 2.9215803146362305 -26.63541030883789 6
      vertex 2.8566274642944336 -27.196781158447266 0
      vertex 2.8566274642944336 -27.196781158447266 6
    endloop
  endfacet
  facet normal -0.999945173030796 -0.010471434114370345 0
    outer loop
      vertex 2.8625450134277344 -27.761863708496094 0
      vertex 2.8566274642944336 -27.196781158447266 6
      vertex 2.8566274642944336 -27.196781158447266 0
    endloop
  endfacet
  facet normal -0.999945173030796 -0.010471434114370345 0
    outer loop
      vertex 2.8566274642944336 -27.196781158447266 6
      vertex 2.8625450134277344 -27.761863708496094 0
      vertex 2.8625450134277344 -27.761863708496094 6
    endloop
  endfacet
  facet normal -0.9907477280284351 -0.13571639328575602 0
    outer loop
      vertex 2.9392404556274414 -28.32175064086914 0
      vertex 2.8625450134277344 -27.761863708496094 6
      vertex 2.8625450134277344 -27.761863708496094 0
    endloop
  endfacet
  facet normal -0.9907477280284351 -0.13571639328575602 0
    outer loop
      vertex 2.8625450134277344 -27.761863708496094 6
      vertex 2.9392404556274414 -28.32175064086914 0
      vertex 2.9392404556274414 -28.32175064086914 6
    endloop
  endfacet
  facet normal -0.965926382352993 -0.2588169698347841 0
    outer loop
      vertex 3.0349292755126953 -28.678869247436523 0
      vertex 2.9392404556274414 -28.32175064086914 6
      vertex 2.9392404556274414 -28.32175064086914 0
    endloop
  endfacet
  facet normal -0.965926382352993 -0.2588169698347841 0
    outer loop
      vertex 2.9392404556274414 -28.32175064086914 6
      vertex 3.0349292755126953 -28.678869247436523 0
      vertex 3.0349292755126953 -28.678869247436523 6
    endloop
  endfacet
  facet normal -0.12533456088459743 0.9921145336340281 0
    outer loop
      vertex 3.0349292755126953 -28.678869247436523 0
      vertex 1.8140249252319336 -28.833106994628906 6
      vertex 3.0349292755126953 -28.678869247436523 6
    endloop
  endfacet
  facet normal -0.12533456088459743 0.9921145336340281 0
    outer loop
      vertex 1.8140249252319336 -28.833106994628906 6
      vertex 3.0349292755126953 -28.678869247436523 0
      vertex 1.8140249252319336 -28.833106994628906 0
    endloop
  endfacet
  facet normal 0 1 0
    outer loop
      vertex 1.8140249252319336 -28.833106994628906 0
      vertex -1.8140249252319336 -28.833106994628906 6
      vertex 1.8140249252319336 -28.833106994628906 6
    endloop
  endfacet
  facet normal 0 1 0
    outer loop
      vertex -1.8140249252319336 -28.833106994628906 6
      vertex 1.8140249252319336 -28.833106994628906 0
      vertex -1.8140249252319336 -28.833106994628906 0
    endloop
  endfacet
  facet normal 0.12533334134024485 0.9921146876992043 0
    outer loop
      vertex -1.8140249252319336 -28.833106994628906 0
      vertex -5.4134674072265625 -28.37839126586914 6
      vertex -1.8140249252319336 -28.833106994628906 6
    endloop
  endfacet
  facet normal 0.12533334134024485 0.9921146876992043 0
    outer loop
      vertex -5.4134674072265625 -28.37839126586914 6
      vertex -1.8140249252319336 -28.833106994628906 0
      vertex -5.4134674072265625 -28.37839126586914 0
    endloop
  endfacet
  facet normal 0 0 -1
    outer loop
      vertex -22.973926544189453 6.739740371704102 0
      vertex -25.45079803466797 7.079029083251953 0
      vertex -25.432403564453125 7.329516887664795 0
    endloop
  endfacet
  facet normal 0 0 -1
    outer loop
      vertex -24.600351333618164 3.853303909301758 0
      vertex -25.500442504882812 6.832822799682617 0
      vertex -25.45079803466797 7.079029083251953 0
    endloop
  endfacet
  facet normal 0 0 -1
    outer loop
      vertex -26.378381729125977 5.6506757736206055 0
      vertex -25.060993194580078 3.5259437561035156 0
      vertex -25.55902862548828 3.2588977813720703 0
    endloop
  endfacet
  facet normal 0 0 -1
    outer loop
      vertex -24.600351333618164 3.853303909301758 0
      vertex -25.58055305480957 6.594779968261719 0
      vertex -25.500442504882812 6.832822799682617 0
    endloop
  endfacet
  facet normal 0 0 -1
    outer loop
      vertex -24.600351333618164 3.853303909301758 0
      vertex -25.689865112304688 6.368653774261475 0
      vertex -25.58055305480957 6.594779968261719 0
    endloop
  endfacet
  facet normal 0 0 -1
    outer loop
      vertex -24.600351333618164 3.853303909301758 0
      vertex -25.826658248901367 6.158011436462402 0
      vertex -25.689865112304688 6.368653774261475 0
    endloop
  endfacet
  facet normal 0 0 -1
    outer loop
      vertex -24.600351333618164 3.853303909301758 0
      vertex -25.988773345947266 5.966175079345703 0
      vertex -25.826658248901367 6.158011436462402 0
    endloop
  endfacet
  facet normal 0 0 -1
    outer loop
      vertex -26.599733352661133 5.531989097595215 0
      vertex -25.55902862548828 3.2588977813720703 0
      vertex -26.08660888671875 3.0563793182373047 0
    endloop
  endfacet
  facet normal 0 0 -1
    outer loop
      vertex -24.600351333618164 3.853303909301758 0
      vertex -26.17365264892578 5.796169281005859 0
      vertex -25.988773345947266 5.966175079345703 0
    endloop
  endfacet
  facet normal 0 0 -1
    outer loop
      vertex -25.060993194580078 3.5259437561035156 0
      vertex -26.378381729125977 5.6506757736206055 0
      vertex -26.17365264892578 5.796169281005859 0
    endloop
  endfacet
  facet normal 0 0 -1
    outer loop
      vertex -25.55902862548828 3.2588977813720703 0
      vertex -26.599733352661133 5.531989097595215 0
      vertex -26.378381729125977 5.6506757736206055 0
    endloop
  endfacet
  facet normal 0 0 -1
    outer loop
      vertex -26.834211349487305 5.441981315612793 0
      vertex -26.08660888671875 3.0563793182373047 0
      vertex -26.63541030883789 2.9215803146362305 0
    endloop
  endfacet
  facet normal 0 0 -1
    outer loop
      vertex -26.08660888671875 3.0563793182373047 0
      vertex -26.834211349487305 5.441981315612793 0
      vertex -26.599733352661133 5.531989097595215 0
    endloop
  endfacet
  facet normal 0 0 -1
    outer loop
      vertex -26.63541030883789 2.9215803146362305 0
      vertex -27.078125 5.382070541381836 0
      vertex -26.834211349487305 5.441981315612793 0
    endloop
  endfacet
  facet normal 0 0 -1
    outer loop
      vertex -27.196781158447266 2.8566274642944336 0
      vertex -27.078125 5.382070541381836 0
      vertex -26.63541030883789 2.9215803146362305 0
    endloop
  endfacet
  facet normal 0 0 -1
    outer loop
      vertex -27.196781158447266 2.8566274642944336 0
      vertex -27.327621459960938 5.353201866149902 0
      vertex -27.078125 5.382070541381836 0
    endloop
  endfacet
  facet normal 0 0 -1
    outer loop
      vertex -27.196781158447266 2.8566274642944336 0
      vertex -27.57876968383789 5.355832576751709 0
      vertex -27.327621459960938 5.353201866149902 0
    endloop
  endfacet
  facet normal 0 0 -1
    outer loop
      vertex -27.761863708496094 2.8625450134277344 0
      vertex -27.57876968383789 5.355832576751709 0
      vertex -27.196781158447266 2.8566274642944336 0
    endloop
  endfacet
  facet normal 0 0 -1
    outer loop
      vertex -27.761863708496094 2.8625450134277344 0
      vertex -27.827608108520508 5.389919281005859 0
      vertex -27.57876968383789 5.355832576751709 0
    endloop
  endfacet
  facet normal 0 0 -1
    outer loop
      vertex -28.32175064086914 2.9392404556274414 0
      vertex -27.827608108520508 5.389919281005859 0
      vertex -27.761863708496094 2.8625450134277344 0
    endloop
  endfacet
  facet normal 0 0 -1
    outer loop
      vertex -28.698835372924805 3.0402793884277344 0
      vertex -27.827608108520508 5.389919281005859 0
      vertex -28.32175064086914 2.9392404556274414 0
    endloop
  endfacet
  facet normal 0 0 -1
    outer loop
      vertex -27.827608108520508 5.389919281005859 0
      vertex -28.698835372924805 3.0402793884277344 0
      vertex -28.07021141052246 5.454924583435059 0
    endloop
  endfacet
  facet normal 0 0 -1
    outer loop
      vertex -28.07021141052246 5.454924583435059 0
      vertex -28.698835372924805 3.0402793884277344 0
      vertex -28.30275535583496 5.549823760986328 0
    endloop
  endfacet
  facet normal 0 0 -1
    outer loop
      vertex -28.30275535583496 5.549823760986328 0
      vertex -28.698835372924805 3.0402793884277344 0
      vertex -28.521570205688477 5.67311954498291 0
    endloop
  endfacet
  facet normal 0 0 -1
    outer loop
      vertex -28.698835372924805 3.0402793884277344 0
      vertex -28.723207473754883 5.822869300842285 0
      vertex -28.521570205688477 5.67311954498291 0
    endloop
  endfacet
  facet normal 0 0 -1
    outer loop
      vertex -33.900001525878906 0 0
      vertex -28.698835372924805 3.0402793884277344 0
      vertex -28.890113830566406 0 0
    endloop
  endfacet
  facet normal 0 0 -1
    outer loop
      vertex -28.90448760986328 5.996709823608398 0
      vertex -28.698835372924805 3.0402793884277344 0
      vertex -33.632686614990234 4.248796463012695 0
    endloop
  endfacet
  facet normal 0 0 -1
    outer loop
      vertex -25.432403564453125 7.329516887664795 0
      vertex -22.932540893554688 7.303337097167969 0
      vertex -22.973926544189453 6.739740371704102 0
    endloop
  endfacet
  facet normal 0 0 -1
    outer loop
      vertex -22.932540893554688 7.303337097167969 0
      vertex -25.432403564453125 7.329516887664795 0
      vertex -22.962116241455078 7.867677688598633 0
    endloop
  endfacet
  facet normal 0 0 -1
    outer loop
      vertex -25.45079803466797 7.079029083251953 0
      vertex -22.973926544189453 6.739740371704102 0
      vertex -23.08562660217285 6.185774803161621 0
    endloop
  endfacet
  facet normal 0 0 -1
    outer loop
      vertex -25.44554901123047 7.5803351402282715 0
      vertex -22.962116241455078 7.867677688598633 0
      vertex -25.432403564453125 7.329516887664795 0
    endloop
  endfacet
  facet normal 0 0 -1
    outer loop
      vertex -25.45079803466797 7.079029083251953 0
      vertex -23.08562660217285 6.185774803161621 0
      vertex -23.26587677001953 5.650177001953125 0
    endloop
  endfacet
  facet normal 0 0 -1
    outer loop
      vertex -22.962116241455078 7.867677688598633 0
      vertex -25.44554901123047 7.5803351402282715 0
      vertex -23.06218910217285 8.423860549926758 0
    endloop
  endfacet
  facet normal 0 0 -1
    outer loop
      vertex -25.45079803466797 7.079029083251953 0
      vertex -23.26587677001953 5.650177001953125 0
      vertex -23.511831283569336 5.141393661499023 0
    endloop
  endfacet
  facet normal 0 0 -1
    outer loop
      vertex -25.49002456665039 7.827527046203613 0
      vertex -23.06218910217285 8.423860549926758 0
      vertex -25.44554901123047 7.5803351402282715 0
    endloop
  endfacet
  facet normal 0 0 -1
    outer loop
      vertex -25.45079803466797 7.079029083251953 0
      vertex -23.511831283569336 5.141393661499023 0
      vertex -23.81961441040039 4.667448043823242 0
    endloop
  endfacet
  facet normal 0 0 -1
    outer loop
      vertex -23.06218910217285 8.423860549926758 0
      vertex -25.49002456665039 7.827527046203613 0
      vertex -23.231182098388672 8.963116645812988 0
    endloop
  endfacet
  facet normal 0 0 -1
    outer loop
      vertex -25.45079803466797 7.079029083251953 0
      vertex -23.81961441040039 4.667448043823242 0
      vertex -24.184371948242188 4.23581600189209 0
    endloop
  endfacet
  facet normal 0 0 -1
    outer loop
      vertex -25.565134048461914 8.0671968460083 0
      vertex -23.231182098388672 8.963116645812988 0
      vertex -25.49002456665039 7.827527046203613 0
    endloop
  endfacet
  facet normal 0 0 -1
    outer loop
      vertex -25.45079803466797 7.079029083251953 0
      vertex -24.184371948242188 4.23581600189209 0
      vertex -24.600351333618164 3.853303909301758 0
    endloop
  endfacet
  facet normal 0 0 -1
    outer loop
      vertex -23.231182098388672 8.963116645812988 0
      vertex -25.565134048461914 8.0671968460083 0
      vertex -23.466426849365234 9.47693920135498 0
    endloop
  endfacet
  facet normal 0 0 -1
    outer loop
      vertex -26.17365264892578 5.796169281005859 0
      vertex -24.600351333618164 3.853303909301758 0
      vertex -25.060993194580078 3.5259437561035156 0
    endloop
  endfacet
  facet normal 0 0 -1
    outer loop
      vertex -25.669687271118164 8.295561790466309 0
      vertex -23.466426849365234 9.47693920135498 0
      vertex -25.565134048461914 8.0671968460083 0
    endloop
  endfacet
  facet normal 0 0 -1
    outer loop
      vertex -23.466426849365234 9.47693920135498 0
      vertex -25.669687271118164 8.295561790466309 0
      vertex -23.764217376708984 9.957225799560547 0
    endloop
  endfacet
  facet normal 0 0 -1
    outer loop
      vertex -25.802038192749023 8.50902271270752 0
      vertex -23.764217376708984 9.957225799560547 0
      vertex -25.669687271118164 8.295561790466309 0
    endloop
  endfacet
  facet normal 0 0 -1
    outer loop
      vertex -23.764217376708984 9.957225799560547 0
      vertex -25.802038192749023 8.50902271270752 0
      vertex -24.119855880737305 10.396402359008789 0
    endloop
  endfacet
  facet normal 0 0 -1
    outer loop
      vertex -25.960100173950195 8.704212188720703 0
      vertex -24.119855880737305 10.396402359008789 0
      vertex -25.802038192749023 8.50902271270752 0
    endloop
  endfacet
  facet normal 0 0 -1
    outer loop
      vertex -24.119855880737305 10.396402359008789 0
      vertex -25.960100173950195 8.704212188720703 0
      vertex -24.527732849121094 10.787542343139648 0
    endloop
  endfacet
  facet normal 0 0 -1
    outer loop
      vertex -26.14137840270996 8.878052711486816 0
      vertex -24.527732849121094 10.787542343139648 0
      vertex -25.960100173950195 8.704212188720703 0
    endloop
  endfacet
  facet normal 0 0 -1
    outer loop
      vertex -24.527732849121094 10.787542343139648 0
      vertex -26.14137840270996 8.878052711486816 0
      vertex -24.98141860961914 11.124478340148926 0
    endloop
  endfacet
  facet normal 0 0 -1
    outer loop
      vertex -26.343015670776367 9.027802467346191 0
      vertex -24.98141860961914 11.124478340148926 0
      vertex -26.14137840270996 8.878052711486816 0
    endloop
  endfacet
  facet normal 0 0 -1
    outer loop
      vertex -24.98141860961914 11.124478340148926 0
      vertex -26.343015670776367 9.027802467346191 0
      vertex -25.473752975463867 11.401894569396973 0
    endloop
  endfacet
  facet normal 0 0 -1
    outer loop
      vertex -26.561832427978516 9.151098251342773 0
      vertex -25.473752975463867 11.401894569396973 0
      vertex -26.343015670776367 9.027802467346191 0
    endloop
  endfacet
  facet normal 0 0 -1
    outer loop
      vertex -25.473752975463867 11.401894569396973 0
      vertex -26.561832427978516 9.151098251342773 0
      vertex -25.99697494506836 11.615418434143066 0
    endloop
  endfacet
  facet normal 0 0 -1
    outer loop
      vertex -26.794374465942383 9.245997428894043 0
      vertex -25.99697494506836 11.615418434143066 0
      vertex -26.561832427978516 9.151098251342773 0
    endloop
  endfacet
  facet normal 0 0 -1
    outer loop
      vertex 18.24632453918457 19.28753662109375 0
      vertex 15.951936721801758 18.294666290283203 0
      vertex 18.161245346069336 19.523849487304688 0
    endloop
  endfacet
  facet normal 0 0 -1
    outer loop
      vertex 15.760510444641113 18.826372146606445 0
      vertex 18.161245346069336 19.523849487304688 0
      vertex 15.951936721801758 18.294666290283203 0
    endloop
  endfacet
  facet normal 0 0 -1
    outer loop
      vertex 16.70633316040039 23.057735443115234 0
      vertex 18.08281898498535 20.019010543823242 0
      vertex 16.359970092773438 22.6112060546875 0
    endloop
  endfacet
  facet normal 0 0 -1
    outer loop
      vertex 18.08281898498535 20.019010543823242 0
      vertex 16.70633316040039 23.057735443115234 0
      vertex 16.96354103088379 23.314945220947266 0
    endloop
  endfacet
  facet normal 0 0 -1
    outer loop
      vertex 18.161245346069336 19.523849487304688 0
      vertex 15.760510444641113 18.826372146606445 0
      vertex 18.106456756591797 19.768964767456055 0
    endloop
  endfacet
  facet normal 0 0 -1
    outer loop
      vertex 18.08281898498535 20.019010543823242 0
      vertex 16.072303771972656 22.12479019165039 0
      vertex 16.359970092773438 22.6112060546875 0
    endloop
  endfacet
  facet normal 0 0 -1
    outer loop
      vertex 15.637234687805176 19.37787628173828 0
      vertex 18.106456756591797 19.768964767456055 0
      vertex 15.760510444641113 18.826372146606445 0
    endloop
  endfacet
  facet normal 0 0 -1
    outer loop
      vertex 18.08281898498535 20.019010543823242 0
      vertex 15.847868919372559 21.606151580810547 0
      vertex 16.072303771972656 22.12479019165039 0
    endloop
  endfacet
  facet normal 0 0 -1
    outer loop
      vertex 18.106456756591797 19.768964767456055 0
      vertex 15.637234687805176 19.37787628173828 0
      vertex 18.08281898498535 20.019010543823242 0
    endloop
  endfacet
  facet normal 0 0 -1
    outer loop
      vertex 18.08281898498535 20.019010543823242 0
      vertex 15.690206527709961 21.0634765625 0
      vertex 15.847868919372559 21.606151580810547 0
    endloop
  endfacet
  facet normal 0 0 -1
    outer loop
      vertex 15.584053039550781 19.94048309326172 0
      vertex 18.08281898498535 20.019010543823242 0
      vertex 15.637234687805176 19.37787628173828 0
    endloop
  endfacet
  facet normal 0 0 -1
    outer loop
      vertex 18.08281898498535 20.019010543823242 0
      vertex 15.601802825927734 20.505319595336914 0
      vertex 15.690206527709961 21.0634765625 0
    endloop
  endfacet
  facet normal 0 0 -1
    outer loop
      vertex 18.08281898498535 20.019010543823242 0
      vertex 15.584053039550781 19.94048309326172 0
      vertex 15.601802825927734 20.505319595336914 0
    endloop
  endfacet
  facet normal 0 0 -1
    outer loop
      vertex 9.027802467346191 -26.343015670776367 0
      vertex 11.124478340148926 -24.98141860961914 0
      vertex 9.151098251342773 -26.561832427978516 0
    endloop
  endfacet
  facet normal 0 0 -1
    outer loop
      vertex 11.124478340148926 -24.98141860961914 0
      vertex 9.027802467346191 -26.343015670776367 0
      vertex 10.787542343139648 -24.527732849121094 0
    endloop
  endfacet
  facet normal 0 0 -1
    outer loop
      vertex 8.878052711486816 -26.14137840270996 0
      vertex 10.787542343139648 -24.527732849121094 0
      vertex 9.027802467346191 -26.343015670776367 0
    endloop
  endfacet
  facet normal 0 0 -1
    outer loop
      vertex 10.787542343139648 -24.527732849121094 0
      vertex 8.878052711486816 -26.14137840270996 0
      vertex 10.396402359008789 -24.119855880737305 0
    endloop
  endfacet
  facet normal 0 0 -1
    outer loop
      vertex 8.704212188720703 -25.960100173950195 0
      vertex 10.396402359008789 -24.119855880737305 0
      vertex 8.878052711486816 -26.14137840270996 0
    endloop
  endfacet
  facet normal 0 0 -1
    outer loop
      vertex 10.396402359008789 -24.119855880737305 0
      vertex 8.704212188720703 -25.960100173950195 0
      vertex 9.957225799560547 -23.764217376708984 0
    endloop
  endfacet
  facet normal 0 0 -1
    outer loop
      vertex 8.50902271270752 -25.802038192749023 0
      vertex 9.957225799560547 -23.764217376708984 0
      vertex 8.704212188720703 -25.960100173950195 0
    endloop
  endfacet
  facet normal 0 0 -1
    outer loop
      vertex 9.957225799560547 -23.764217376708984 0
      vertex 8.50902271270752 -25.802038192749023 0
      vertex 9.47693920135498 -23.466426849365234 0
    endloop
  endfacet
  facet normal 0 0 -1
    outer loop
      vertex 8.295561790466309 -25.669687271118164 0
      vertex 9.47693920135498 -23.466426849365234 0
      vertex 8.50902271270752 -25.802038192749023 0
    endloop
  endfacet
  facet normal 0 0 -1
    outer loop
      vertex 9.47693920135498 -23.466426849365234 0
      vertex 8.295561790466309 -25.669687271118164 0
      vertex 8.963116645812988 -23.231182098388672 0
    endloop
  endfacet
  facet normal 0 0 -1
    outer loop
      vertex 8.0671968460083 -25.565134048461914 0
      vertex 8.963116645812988 -23.231182098388672 0
      vertex 8.295561790466309 -25.669687271118164 0
    endloop
  endfacet
  facet normal 0 0 -1
    outer loop
      vertex 8.963116645812988 -23.231182098388672 0
      vertex 8.0671968460083 -25.565134048461914 0
      vertex 8.423860549926758 -23.06218910217285 0
    endloop
  endfacet
  facet normal 0 0 -1
    outer loop
      vertex 7.827527046203613 -25.49002456665039 0
      vertex 8.423860549926758 -23.06218910217285 0
      vertex 8.0671968460083 -25.565134048461914 0
    endloop
  endfacet
  facet normal 0 0 -1
    outer loop
      vertex 8.423860549926758 -23.06218910217285 0
      vertex 7.827527046203613 -25.49002456665039 0
      vertex 7.867677688598633 -22.962116241455078 0
    endloop
  endfacet
  facet normal 0 0 -1
    outer loop
      vertex 7.5803351402282715 -25.44554901123047 0
      vertex 7.867677688598633 -22.962116241455078 0
      vertex 7.827527046203613 -25.49002456665039 0
    endloop
  endfacet
  facet normal 0 0 -1
    outer loop
      vertex 7.329516887664795 -25.432403564453125 0
      vertex 7.867677688598633 -22.962116241455078 0
      vertex 7.5803351402282715 -25.44554901123047 0
    endloop
  endfacet
  facet normal 0 0 -1
    outer loop
      vertex 7.329516887664795 -25.432403564453125 0
      vertex 7.303337097167969 -22.932540893554688 0
      vertex 7.867677688598633 -22.962116241455078 0
    endloop
  endfacet
  facet normal 0 0 -1
    outer loop
      vertex 7.079029083251953 -25.45079803466797 0
      vertex 7.303337097167969 -22.932540893554688 0
      vertex 7.329516887664795 -25.432403564453125 0
    endloop
  endfacet
  facet normal 0 0 -1
    outer loop
      vertex 6.739740371704102 -22.973926544189453 0
      vertex 7.079029083251953 -25.45079803466797 0
      vertex 6.832822799682617 -25.500442504882812 0
    endloop
  endfacet
  facet normal 0 0 -1
    outer loop
      vertex 7.079029083251953 -25.45079803466797 0
      vertex 6.739740371704102 -22.973926544189453 0
      vertex 7.303337097167969 -22.932540893554688 0
    endloop
  endfacet
  facet normal 0 0 -1
    outer loop
      vertex 6.185774803161621 -23.08562660217285 0
      vertex 6.832822799682617 -25.500442504882812 0
      vertex 6.594779968261719 -25.58055305480957 0
    endloop
  endfacet
  facet normal 0 0 -1
    outer loop
      vertex 5.650177001953125 -23.26587677001953 0
      vertex 6.594779968261719 -25.58055305480957 0
      vertex 6.368653774261475 -25.689865112304688 0
    endloop
  endfacet
  facet normal 0 0 -1
    outer loop
      vertex 6.832822799682617 -25.500442504882812 0
      vertex 6.185774803161621 -23.08562660217285 0
      vertex 6.739740371704102 -22.973926544189453 0
    endloop
  endfacet
  facet normal 0 0 -1
    outer loop
      vertex 5.141393661499023 -23.511831283569336 0
      vertex 6.368653774261475 -25.689865112304688 0
      vertex 6.158011436462402 -25.826658248901367 0
    endloop
  endfacet
  facet normal 0 0 -1
    outer loop
      vertex 4.667448043823242 -23.81961441040039 0
      vertex 6.158011436462402 -25.826658248901367 0
      vertex 5.966175079345703 -25.988773345947266 0
    endloop
  endfacet
  facet normal 0 0 -1
    outer loop
      vertex 4.23581600189209 -24.184371948242188 0
      vertex 5.966175079345703 -25.988773345947266 0
      vertex 5.796169281005859 -26.17365264892578 0
    endloop
  endfacet
  facet normal 0 0 -1
    outer loop
      vertex 3.853303909301758 -24.600351333618164 0
      vertex 5.796169281005859 -26.17365264892578 0
      vertex 5.6506757736206055 -26.378381729125977 0
    endloop
  endfacet
  facet normal 0 0 -1
    outer loop
      vertex 6.594779968261719 -25.58055305480957 0
      vertex 5.650177001953125 -23.26587677001953 0
      vertex 6.185774803161621 -23.08562660217285 0
    endloop
  endfacet
  facet normal 0 0 -1
    outer loop
      vertex 3.5259437561035156 -25.060993194580078 0
      vertex 5.6506757736206055 -26.378381729125977 0
      vertex 5.531989097595215 -26.599733352661133 0
    endloop
  endfacet
  facet normal 0 0 -1
    outer loop
      vertex 3.2588977813720703 -25.55902862548828 0
      vertex 5.531989097595215 -26.599733352661133 0
      vertex 5.441981315612793 -26.834211349487305 0
    endloop
  endfacet
  facet normal 0 0 -1
    outer loop
      vertex 3.0563793182373047 -26.08660888671875 0
      vertex 5.441981315612793 -26.834211349487305 0
      vertex 5.382070541381836 -27.078125 0
    endloop
  endfacet
  facet normal 0 0 -1
    outer loop
      vertex 2.9215803146362305 -26.63541030883789 0
      vertex 5.382070541381836 -27.078125 0
      vertex 5.353201866149902 -27.327621459960938 0
    endloop
  endfacet
  facet normal 0 0 -1
    outer loop
      vertex 6.368653774261475 -25.689865112304688 0
      vertex 5.141393661499023 -23.511831283569336 0
      vertex 5.650177001953125 -23.26587677001953 0
    endloop
  endfacet
  facet normal 0 0 -1
    outer loop
      vertex 5.355832576751709 -27.57876968383789 0
      vertex 2.8625450134277344 -27.761863708496094 0
      vertex 5.353201866149902 -27.327621459960938 0
    endloop
  endfacet
  facet normal 0 0 -1
    outer loop
      vertex 5.382070541381836 -27.078125 0
      vertex 2.9215803146362305 -26.63541030883789 0
      vertex 3.0563793182373047 -26.08660888671875 0
    endloop
  endfacet
  facet normal 0 0 -1
    outer loop
      vertex 2.8566274642944336 -27.196781158447266 0
      vertex 5.353201866149902 -27.327621459960938 0
      vertex 2.8625450134277344 -27.761863708496094 0
    endloop
  endfacet
  facet normal 0 0 -1
    outer loop
      vertex 5.353201866149902 -27.327621459960938 0
      vertex 2.8566274642944336 -27.196781158447266 0
      vertex 2.9215803146362305 -26.63541030883789 0
    endloop
  endfacet
  facet normal 0 0 -1
    outer loop
      vertex 21.10300064086914 -19.72464942932129 0
      vertex 26.10300064086914 -21.524761199951172 0
      vertex 24.7120361328125 -23.206146240234375 0
    endloop
  endfacet
  facet normal 0 0 -1
    outer loop
      vertex 26.10300064086914 -21.524761199951172 0
      vertex 21.10300064086914 15.701688766479492 0
      vertex 26.10300064086914 21.524761199951172 0
    endloop
  endfacet
  facet normal 0 0 -1
    outer loop
      vertex 21.735992431640625 18.957666397094727 0
      vertex 26.10300064086914 21.524761199951172 0
      vertex 21.10300064086914 15.701688766479492 0
    endloop
  endfacet
  facet normal 0 0 -1
    outer loop
      vertex 22.057209014892578 20.39470100402832 0
      vertex 26.10300064086914 21.524761199951172 0
      vertex 22.08084487915039 20.144655227661133 0
    endloop
  endfacet
  facet normal 0 0 -1
    outer loop
      vertex 22.08084487915039 20.144655227661133 0
      vertex 26.10300064086914 21.524761199951172 0
      vertex 22.072956085205078 19.89361572265625 0
    endloop
  endfacet
  facet normal 0 0 -1
    outer loop
      vertex 22.03366470336914 19.645545959472656 0
      vertex 26.10300064086914 21.524761199951172 0
      vertex 21.963592529296875 19.404356002807617 0
    endloop
  endfacet
  facet normal 0 0 -1
    outer loop
      vertex 22.072956085205078 19.89361572265625 0
      vertex 26.10300064086914 21.524761199951172 0
      vertex 22.03366470336914 19.645545959472656 0
    endloop
  endfacet
  facet normal 0 0 -1
    outer loop
      vertex 26.10300064086914 21.524761199951172 0
      vertex 21.863845825195312 19.173851013183594 0
      vertex 21.963592529296875 19.404356002807617 0
    endloop
  endfacet
  facet normal 0 0 -1
    outer loop
      vertex 21.059986114501953 -19.776643753051758 0
      vertex 24.7120361328125 -23.206146240234375 0
      vertex 21.608673095703125 -26.120399475097656 0
    endloop
  endfacet
  facet normal 0 0 -1
    outer loop
      vertex 26.10300064086914 -21.524761199951172 0
      vertex 21.10300064086914 -19.72464942932129 0
      vertex 21.10300064086914 15.701688766479492 0
    endloop
  endfacet
  facet normal 0 0 -1
    outer loop
      vertex 26.10300064086914 21.524761199951172 0
      vertex 21.735992431640625 18.957666397094727 0
      vertex 21.863845825195312 19.173851013183594 0
    endloop
  endfacet
  facet normal 0 0 -1
    outer loop
      vertex 21.735992431640625 18.957666397094727 0
      vertex 21.10300064086914 15.701688766479492 0
      vertex 21.582054138183594 18.75920867919922 0
    endloop
  endfacet
  facet normal 0 0 -1
    outer loop
      vertex 21.582054138183594 18.75920867919922 0
      vertex 21.10300064086914 15.701688766479492 0
      vertex 21.404455184936523 18.58161163330078 0
    endloop
  endfacet
  facet normal 0 0 -1
    outer loop
      vertex 24.7120361328125 -23.206146240234375 0
      vertex 21.059986114501953 -19.776643753051758 0
      vertex 21.10300064086914 -19.72464942932129 0
    endloop
  endfacet
  facet normal 0 0 -1
    outer loop
      vertex 21.608673095703125 -26.120399475097656 0
      vertex 18.415252685546875 -22.260215759277344 0
      vertex 21.059986114501953 -19.776643753051758 0
    endloop
  endfacet
  facet normal 0 0 -1
    outer loop
      vertex 18.164527893066406 -28.62271499633789 0
      vertex 18.415252685546875 -22.260215759277344 0
      vertex 21.608673095703125 -26.120399475097656 0
    endloop
  endfacet
  facet normal 0 0 -1
    outer loop
      vertex 18.164527893066406 -28.62271499633789 0
      vertex 15.480096817016602 -24.392730712890625 0
      vertex 18.415252685546875 -22.260215759277344 0
    endloop
  endfacet
  facet normal 0 0 -1
    outer loop
      vertex 14.433917045593262 -30.67363739013672 0
      vertex 15.480096817016602 -24.392730712890625 0
      vertex 18.164527893066406 -28.62271499633789 0
    endloop
  endfacet
  facet normal 0 0 -1
    outer loop
      vertex 14.433917045593262 -30.67363739013672 0
      vertex 12.300811767578125 -26.14055633544922 0
      vertex 15.480096817016602 -24.392730712890625 0
    endloop
  endfacet
  facet normal 0 0 -1
    outer loop
      vertex 14.433917045593262 -30.67363739013672 0
      vertex 11.715938568115234 -26.37212371826172 0
      vertex 12.300811767578125 -26.14055633544922 0
    endloop
  endfacet
  facet normal 0 0 -1
    outer loop
      vertex 9.345088958740234 -27.285818099975586 0
      vertex 11.715938568115234 -26.37212371826172 0
      vertex 9.3477201461792 -27.536964416503906 0
    endloop
  endfacet
  facet normal 0 0 -1
    outer loop
      vertex 9.311002731323242 -27.03697967529297 0
      vertex 11.715938568115234 -26.37212371826172 0
      vertex 9.345088958740234 -27.285818099975586 0
    endloop
  endfacet
  facet normal 0 0 -1
    outer loop
      vertex 9.245997428894043 -26.794374465942383 0
      vertex 11.715938568115234 -26.37212371826172 0
      vertex 9.311002731323242 -27.03697967529297 0
    endloop
  endfacet
  facet normal 0 0 -1
    outer loop
      vertex 9.168932914733887 -28.264854431152344 0
      vertex 14.433917045593262 -30.67363739013672 0
      vertex 10.475675582885742 -32.240814208984375 0
    endloop
  endfacet
  facet normal 0 0 -1
    outer loop
      vertex 14.433917045593262 -30.67363739013672 0
      vertex 9.168932914733887 -28.264854431152344 0
      vertex 11.715938568115234 -26.37212371826172 0
    endloop
  endfacet
  facet normal 0 0 -1
    outer loop
      vertex 9.3477201461792 -27.536964416503906 0
      vertex 11.715938568115234 -26.37212371826172 0
      vertex 9.318851470947266 -27.786462783813477 0
    endloop
  endfacet
  facet normal 0 0 -1
    outer loop
      vertex 11.615418434143066 -25.99697494506836 0
      vertex 9.245997428894043 -26.794374465942383 0
      vertex 11.401894569396973 -25.473752975463867 0
    endloop
  endfacet
  facet normal 0 0 -1
    outer loop
      vertex 9.151098251342773 -26.561832427978516 0
      vertex 11.401894569396973 -25.473752975463867 0
      vertex 9.245997428894043 -26.794374465942383 0
    endloop
  endfacet
  facet normal 0 0 -1
    outer loop
      vertex 11.401894569396973 -25.473752975463867 0
      vertex 9.151098251342773 -26.561832427978516 0
      vertex 11.124478340148926 -24.98141860961914 0
    endloop
  endfacet
  facet normal 0 0 -1
    outer loop
      vertex 11.715938568115234 -26.37212371826172 0
      vertex 9.245997428894043 -26.794374465942383 0
      vertex 11.615418434143066 -25.99697494506836 0
    endloop
  endfacet
  facet normal 0 0 -1
    outer loop
      vertex 11.715938568115234 -26.37212371826172 0
      vertex 9.258940696716309 -28.03037452697754 0
      vertex 9.318851470947266 -27.786462783813477 0
    endloop
  endfacet
  facet normal 0 0 -1
    outer loop
      vertex 11.715938568115234 -26.37212371826172 0
      vertex 9.168932914733887 -28.264854431152344 0
      vertex 9.258940696716309 -28.03037452697754 0
    endloop
  endfacet
  facet normal 0 0 -1
    outer loop
      vertex 10.475675582885742 -32.240814208984375 0
      vertex 9.050246238708496 -28.4862060546875 0
      vertex 9.168932914733887 -28.264854431152344 0
    endloop
  endfacet
  facet normal 0 0 -1
    outer loop
      vertex 10.475675582885742 -32.240814208984375 0
      vertex 8.904752731323242 -28.690933227539062 0
      vertex 9.050246238708496 -28.4862060546875 0
    endloop
  endfacet
  facet normal 0 0 -1
    outer loop
      vertex 10.475675582885742 -32.240814208984375 0
      vertex 8.734746932983398 -28.87581443786621 0
      vertex 8.904752731323242 -28.690933227539062 0
    endloop
  endfacet
  facet normal 0 0 -1
    outer loop
      vertex 10.475675582885742 -32.240814208984375 0
      vertex 8.5429105758667 -29.037927627563477 0
      vertex 8.734746932983398 -28.87581443786621 0
    endloop
  endfacet
  facet normal 0 0 -1
    outer loop
      vertex 10.475675582885742 -32.240814208984375 0
      vertex 8.332267761230469 -29.174720764160156 0
      vertex 8.5429105758667 -29.037927627563477 0
    endloop
  endfacet
  facet normal 0 0 -1
    outer loop
      vertex 10.475675582885742 -32.240814208984375 0
      vertex 8.106142044067383 -29.284034729003906 0
      vertex 8.332267761230469 -29.174720764160156 0
    endloop
  endfacet
  facet normal 0 0 -1
    outer loop
      vertex 10.475675582885742 -32.240814208984375 0
      vertex 7.868098735809326 -29.364145278930664 0
      vertex 8.106142044067383 -29.284034729003906 0
    endloop
  endfacet
  facet normal 0 0 -1
    outer loop
      vertex 10.475675582885742 -32.240814208984375 0
      vertex 7.621892929077148 -29.413787841796875 0
      vertex 7.868098735809326 -29.364145278930664 0
    endloop
  endfacet
  facet normal 0 0 -1
    outer loop
      vertex 6.352226257324219 -33.299537658691406 0
      vertex 7.621892929077148 -29.413787841796875 0
      vertex 10.475675582885742 -32.240814208984375 0
    endloop
  endfacet
  facet normal 0 0 -1
    outer loop
      vertex 7.621892929077148 -29.413787841796875 0
      vertex 6.352226257324219 -33.299537658691406 0
      vertex 7.371404647827148 -29.43218421936035 0
    endloop
  endfacet
  facet normal 0 0 -1
    outer loop
      vertex 7.371404647827148 -29.43218421936035 0
      vertex 6.352226257324219 -33.299537658691406 0
      vertex 7.120586395263672 -29.419038772583008 0
    endloop
  endfacet
  facet normal 0 0 -1
    outer loop
      vertex 7.120586395263672 -29.419038772583008 0
      vertex 6.352226257324219 -33.299537658691406 0
      vertex 6.87339448928833 -29.374561309814453 0
    endloop
  endfacet
  facet normal 0 0 -1
    outer loop
      vertex 6.87339448928833 -29.374561309814453 0
      vertex 6.352226257324219 -33.299537658691406 0
      vertex 6.633724689483643 -29.299453735351562 0
    endloop
  endfacet
  facet normal 0 0 -1
    outer loop
      vertex 6.633724689483643 -29.299453735351562 0
      vertex 6.352226257324219 -33.299537658691406 0
      vertex 6.405359745025635 -29.194900512695312 0
    endloop
  endfacet
  facet normal 0 0 -1
    outer loop
      vertex 6.352226257324219 -33.299537658691406 0
      vertex 6.191898822784424 -29.06254768371582 0
      vertex 6.405359745025635 -29.194900512695312 0
    endloop
  endfacet
  facet normal 0 0 -1
    outer loop
      vertex 3.0349292755126953 -28.678869247436523 0
      vertex 6.191898822784424 -29.06254768371582 0
      vertex 6.352226257324219 -33.299537658691406 0
    endloop
  endfacet
  facet normal 0 0 -1
    outer loop
      vertex 6.191898822784424 -29.06254768371582 0
      vertex 3.0349292755126953 -28.678869247436523 0
      vertex 5.996709823608398 -28.90448760986328 0
    endloop
  endfacet
  facet normal 0 0 -1
    outer loop
      vertex 5.996709823608398 -28.90448760986328 0
      vertex 3.0349292755126953 -28.678869247436523 0
      vertex 5.822869300842285 -28.723207473754883 0
    endloop
  endfacet
  facet normal 0 0 -1
    outer loop
      vertex 5.822869300842285 -28.723207473754883 0
      vertex 3.0349292755126953 -28.678869247436523 0
      vertex 5.67311954498291 -28.521570205688477 0
    endloop
  endfacet
  facet normal 0 0 -1
    outer loop
      vertex 5.67311954498291 -28.521570205688477 0
      vertex 3.0349292755126953 -28.678869247436523 0
      vertex 5.549823760986328 -28.30275535583496 0
    endloop
  endfacet
  facet normal 0 0 -1
    outer loop
      vertex 5.549823760986328 -28.30275535583496 0
      vertex 3.0349292755126953 -28.678869247436523 0
      vertex 5.454924583435059 -28.07021141052246 0
    endloop
  endfacet
  facet normal 0 0 -1
    outer loop
      vertex 5.389919281005859 -27.827608108520508 0
      vertex 2.9392404556274414 -28.32175064086914 0
      vertex 5.355832576751709 -27.57876968383789 0
    endloop
  endfacet
  facet normal 0 0 -1
    outer loop
      vertex 6.158011436462402 -25.826658248901367 0
      vertex 4.667448043823242 -23.81961441040039 0
      vertex 5.141393661499023 -23.511831283569336 0
    endloop
  endfacet
  facet normal 0 0 -1
    outer loop
      vertex 2.9392404556274414 -28.32175064086914 0
      vertex 5.389919281005859 -27.827608108520508 0
      vertex 3.0349292755126953 -28.678869247436523 0
    endloop
  endfacet
  facet normal 0 0 -1
    outer loop
      vertex 5.454924583435059 -28.07021141052246 0
      vertex 3.0349292755126953 -28.678869247436523 0
      vertex 5.389919281005859 -27.827608108520508 0
    endloop
  endfacet
  facet normal 0 0 -1
    outer loop
      vertex 2.8625450134277344 -27.761863708496094 0
      vertex 5.355832576751709 -27.57876968383789 0
      vertex 2.9392404556274414 -28.32175064086914 0
    endloop
  endfacet
  facet normal 0 0 -1
    outer loop
      vertex 5.966175079345703 -25.988773345947266 0
      vertex 4.23581600189209 -24.184371948242188 0
      vertex 4.667448043823242 -23.81961441040039 0
    endloop
  endfacet
  facet normal 0 0 -1
    outer loop
      vertex 5.796169281005859 -26.17365264892578 0
      vertex 3.853303909301758 -24.600351333618164 0
      vertex 4.23581600189209 -24.184371948242188 0
    endloop
  endfacet
  facet normal 0 0 -1
    outer loop
      vertex 5.6506757736206055 -26.378381729125977 0
      vertex 3.5259437561035156 -25.060993194580078 0
      vertex 3.853303909301758 -24.600351333618164 0
    endloop
  endfacet
  facet normal 0 0 -1
    outer loop
      vertex 5.531989097595215 -26.599733352661133 0
      vertex 3.2588977813720703 -25.55902862548828 0
      vertex 3.5259437561035156 -25.060993194580078 0
    endloop
  endfacet
  facet normal 0 0 -1
    outer loop
      vertex 5.441981315612793 -26.834211349487305 0
      vertex 3.0563793182373047 -26.08660888671875 0
      vertex 3.2588977813720703 -25.55902862548828 0
    endloop
  endfacet
  facet normal 0 0 -1
    outer loop
      vertex 2.128598213195801 -33.833106994628906 0
      vertex 3.0349292755126953 -28.678869247436523 0
      vertex 6.352226257324219 -33.299537658691406 0
    endloop
  endfacet
  facet normal 0 0 -1
    outer loop
      vertex 2.128598213195801 -33.833106994628906 0
      vertex 1.8140249252319336 -28.833106994628906 0
      vertex 3.0349292755126953 -28.678869247436523 0
    endloop
  endfacet
  facet normal 0 0 -1
    outer loop
      vertex 2.128598213195801 -33.833106994628906 0
      vertex -1.8140249252319336 -28.833106994628906 0
      vertex 1.8140249252319336 -28.833106994628906 0
    endloop
  endfacet
  facet normal 0 0 -1
    outer loop
      vertex -2.128598213195801 -33.833106994628906 0
      vertex -1.8140249252319336 -28.833106994628906 0
      vertex 2.128598213195801 -33.833106994628906 0
    endloop
  endfacet
  facet normal 0 0 -1
    outer loop
      vertex -2.128598213195801 -33.833106994628906 0
      vertex -5.4134674072265625 -28.37839126586914 0
      vertex -1.8140249252319336 -28.833106994628906 0
    endloop
  endfacet
  facet normal 0 0 -1
    outer loop
      vertex -6.352226257324219 -33.299537658691406 0
      vertex -5.4134674072265625 -28.37839126586914 0
      vertex -2.128598213195801 -33.833106994628906 0
    endloop
  endfacet
  facet normal 0 0 -1
    outer loop
      vertex -6.352226257324219 -33.299537658691406 0
      vertex -8.927536010742188 -27.476131439208984 0
      vertex -5.4134674072265625 -28.37839126586914 0
    endloop
  endfacet
  facet normal 0 0 -1
    outer loop
      vertex -10.475675582885742 -32.240814208984375 0
      vertex -8.927536010742188 -27.476131439208984 0
      vertex -6.352226257324219 -33.299537658691406 0
    endloop
  endfacet
  facet normal 0 0 -1
    outer loop
      vertex -10.475675582885742 -32.240814208984375 0
      vertex -12.300811767578125 -26.14055633544922 0
      vertex -8.927536010742188 -27.476131439208984 0
    endloop
  endfacet
  facet normal 0 0 -1
    outer loop
      vertex -14.433917045593262 -30.67363739013672 0
      vertex -12.300811767578125 -26.14055633544922 0
      vertex -10.475675582885742 -32.240814208984375 0
    endloop
  endfacet
  facet normal 0 0 -1
    outer loop
      vertex -14.433917045593262 -30.67363739013672 0
      vertex -15.480096817016602 -24.392730712890625 0
      vertex -12.300811767578125 -26.14055633544922 0
    endloop
  endfacet
  facet normal 0 0 -1
    outer loop
      vertex -18.164527893066406 -28.62271499633789 0
      vertex -15.480096817016602 -24.392730712890625 0
      vertex -14.433917045593262 -30.67363739013672 0
    endloop
  endfacet
  facet normal 0 0 -1
    outer loop
      vertex -18.164527893066406 -28.62271499633789 0
      vertex -18.415252685546875 -22.260215759277344 0
      vertex -15.480096817016602 -24.392730712890625 0
    endloop
  endfacet
  facet normal 0 0 -1
    outer loop
      vertex -21.608673095703125 -26.120399475097656 0
      vertex -18.415252685546875 -22.260215759277344 0
      vertex -18.164527893066406 -28.62271499633789 0
    endloop
  endfacet
  facet normal 0 0 -1
    outer loop
      vertex -18.415252685546875 -22.260215759277344 0
      vertex -21.608673095703125 -26.120399475097656 0
      vertex -21.059986114501953 -19.776643753051758 0
    endloop
  endfacet
  facet normal 0 0 -1
    outer loop
      vertex -24.7120361328125 -23.206146240234375 0
      vertex -21.059986114501953 -19.776643753051758 0
      vertex -21.608673095703125 -26.120399475097656 0
    endloop
  endfacet
  facet normal 0 0 -1
    outer loop
      vertex -21.059986114501953 -19.776643753051758 0
      vertex -24.7120361328125 -23.206146240234375 0
      vertex -23.37259292602539 -16.981182098388672 0
    endloop
  endfacet
  facet normal 0 0 -1
    outer loop
      vertex -27.425674438476562 -19.925918579101562 0
      vertex -23.37259292602539 -16.981182098388672 0
      vertex -24.7120361328125 -23.206146240234375 0
    endloop
  endfacet
  facet normal 0 0 -1
    outer loop
      vertex -23.37259292602539 -16.981182098388672 0
      vertex -27.425674438476562 -19.925918579101562 0
      vertex -25.316600799560547 -13.91791820526123 0
    endloop
  endfacet
  facet normal 0 0 -1
    outer loop
      vertex -29.70679473876953 -16.331449508666992 0
      vertex -25.316600799560547 -13.91791820526123 0
      vertex -27.425674438476562 -19.925918579101562 0
    endloop
  endfacet
  facet normal 0 0 -1
    outer loop
      vertex -25.316600799560547 -13.91791820526123 0
      vertex -29.70679473876953 -16.331449508666992 0
      vertex -26.861347198486328 -10.635159492492676 0
    endloop
  endfacet
  facet normal 0 0 -1
    outer loop
      vertex -31.51942253112793 -12.479421615600586 0
      vertex -26.861347198486328 -10.635159492492676 0
      vertex -29.70679473876953 -16.331449508666992 0
    endloop
  endfacet
  facet normal 0 0 -1
    outer loop
      vertex -28.698835372924805 3.0402793884277344 0
      vertex -28.90448760986328 5.996709823608398 0
      vertex -28.723207473754883 5.822869300842285 0
    endloop
  endfacet
  facet normal 0 0 -1
    outer loop
      vertex -28.90448760986328 5.996709823608398 0
      vertex -33.632686614990234 4.248796463012695 0
      vertex -29.06254768371582 6.191898822784424 0
    endloop
  endfacet
  facet normal 0 0 -1
    outer loop
      vertex -29.06254768371582 6.191898822784424 0
      vertex -33.632686614990234 4.248796463012695 0
      vertex -29.194900512695312 6.405359745025635 0
    endloop
  endfacet
  facet normal 0 0 -1
    outer loop
      vertex -29.194900512695312 6.405359745025635 0
      vertex -33.632686614990234 4.248796463012695 0
      vertex -29.299453735351562 6.633724689483643 0
    endloop
  endfacet
  facet normal 0 0 -1
    outer loop
      vertex -33.900001525878906 0 0
      vertex -28.890113830566406 0 0
      vertex -28.662307739257812 -3.6208906173706055 0
    endloop
  endfacet
  facet normal 0 0 -1
    outer loop
      vertex -28.698835372924805 3.0402793884277344 0
      vertex -33.900001525878906 0 0
      vertex -33.632686614990234 4.248796463012695 0
    endloop
  endfacet
  facet normal 0 0 -1
    outer loop
      vertex -27.98247718811035 -7.18467903137207 0
      vertex -32.83496856689453 -8.430586814880371 0
      vertex -28.662307739257812 -3.6208906173706055 0
    endloop
  endfacet
  facet normal 0 0 -1
    outer loop
      vertex -32.83496856689453 -8.430586814880371 0
      vertex -27.98247718811035 -7.18467903137207 0
      vertex -31.51942253112793 -12.479421615600586 0
    endloop
  endfacet
  facet normal 0 0 -1
    outer loop
      vertex -26.861347198486328 -10.635159492492676 0
      vertex -31.51942253112793 -12.479421615600586 0
      vertex -27.98247718811035 -7.18467903137207 0
    endloop
  endfacet
  facet normal 0 0 -1
    outer loop
      vertex 22.002418518066406 20.639814376831055 0
      vertex 26.10300064086914 21.524761199951172 0
      vertex 22.057209014892578 20.39470100402832 0
    endloop
  endfacet
  facet normal 0 0 -1
    outer loop
      vertex 26.10300064086914 21.524761199951172 0
      vertex 22.002418518066406 20.639814376831055 0
      vertex 24.7120361328125 23.206146240234375 0
    endloop
  endfacet
  facet normal 0 0 -1
    outer loop
      vertex 21.917341232299805 20.876127243041992 0
      vertex 24.7120361328125 23.206146240234375 0
      vertex 22.002418518066406 20.639814376831055 0
    endloop
  endfacet
  facet normal 0 0 -1
    outer loop
      vertex 21.803316116333008 21.099916458129883 0
      vertex 24.7120361328125 23.206146240234375 0
      vertex 21.917341232299805 20.876127243041992 0
    endloop
  endfacet
  facet normal 0 0 -1
    outer loop
      vertex 21.662141799926758 21.307647705078125 0
      vertex 24.7120361328125 23.206146240234375 0
      vertex 21.803316116333008 21.099916458129883 0
    endloop
  endfacet
  facet normal 0 0 -1
    outer loop
      vertex 21.49604606628418 21.49604606628418 0
      vertex 24.7120361328125 23.206146240234375 0
      vertex 21.662141799926758 21.307647705078125 0
    endloop
  endfacet
  facet normal 0 0 -1
    outer loop
      vertex 21.307647705078125 21.662141799926758 0
      vertex 24.7120361328125 23.206146240234375 0
      vertex 21.49604606628418 21.49604606628418 0
    endloop
  endfacet
  facet normal 0 0 -1
    outer loop
      vertex 21.099916458129883 21.803316116333008 0
      vertex 24.7120361328125 23.206146240234375 0
      vertex 21.307647705078125 21.662141799926758 0
    endloop
  endfacet
  facet normal 0 0 -1
    outer loop
      vertex 24.7120361328125 23.206146240234375 0
      vertex 21.099916458129883 21.803316116333008 0
      vertex 21.608673095703125 26.120399475097656 0
    endloop
  endfacet
  facet normal 0 0 -1
    outer loop
      vertex 20.876127243041992 21.917341232299805 0
      vertex 21.608673095703125 26.120399475097656 0
      vertex 21.099916458129883 21.803316116333008 0
    endloop
  endfacet
  facet normal 0 0 -1
    outer loop
      vertex 20.639814376831055 22.002418518066406 0
      vertex 21.608673095703125 26.120399475097656 0
      vertex 20.876127243041992 21.917341232299805 0
    endloop
  endfacet
  facet normal 0 0 -1
    outer loop
      vertex 20.39470100402832 22.057209014892578 0
      vertex 21.608673095703125 26.120399475097656 0
      vertex 20.639814376831055 22.002418518066406 0
    endloop
  endfacet
  facet normal 0 0 -1
    outer loop
      vertex 20.144655227661133 22.08084487915039 0
      vertex 21.608673095703125 26.120399475097656 0
      vertex 20.39470100402832 22.057209014892578 0
    endloop
  endfacet
  facet normal 0 0 -1
    outer loop
      vertex 19.89361572265625 22.072956085205078 0
      vertex 21.608673095703125 26.120399475097656 0
      vertex 20.144655227661133 22.08084487915039 0
    endloop
  endfacet
  facet normal 0 0 -1
    outer loop
      vertex 19.645545959472656 22.03366470336914 0
      vertex 21.608673095703125 26.120399475097656 0
      vertex 19.89361572265625 22.072956085205078 0
    endloop
  endfacet
  facet normal 0 0 -1
    outer loop
      vertex 16.96354103088379 23.314945220947266 0
      vertex 19.645545959472656 22.03366470336914 0
      vertex 19.404356002807617 21.963592529296875 0
    endloop
  endfacet
  facet normal 0 0 -1
    outer loop
      vertex 16.96354103088379 23.314945220947266 0
      vertex 19.404356002807617 21.963592529296875 0
      vertex 19.173851013183594 21.863845825195312 0
    endloop
  endfacet
  facet normal 0 0 -1
    outer loop
      vertex 16.96354103088379 23.314945220947266 0
      vertex 19.173851013183594 21.863845825195312 0
      vertex 18.957666397094727 21.735992431640625 0
    endloop
  endfacet
  facet normal 0 0 -1
    outer loop
      vertex 16.96354103088379 23.314945220947266 0
      vertex 18.957666397094727 21.735992431640625 0
      vertex 18.75920867919922 21.582054138183594 0
    endloop
  endfacet
  facet normal 0 0 -1
    outer loop
      vertex 16.96354103088379 23.314945220947266 0
      vertex 18.75920867919922 21.582054138183594 0
      vertex 18.58161163330078 21.404455184936523 0
    endloop
  endfacet
  facet normal 0 0 -1
    outer loop
      vertex 16.96354103088379 23.314945220947266 0
      vertex 18.58161163330078 21.404455184936523 0
      vertex 18.427671432495117 21.20599937438965 0
    endloop
  endfacet
  facet normal 0 0 -1
    outer loop
      vertex 19.645545959472656 22.03366470336914 0
      vertex 16.96354103088379 23.314945220947266 0
      vertex 21.608673095703125 26.120399475097656 0
    endloop
  endfacet
  facet normal 0 0 -1
    outer loop
      vertex 16.96354103088379 23.314945220947266 0
      vertex 18.427671432495117 21.20599937438965 0
      vertex 18.299819946289062 20.98981475830078 0
    endloop
  endfacet
  facet normal 0 0 -1
    outer loop
      vertex 16.96354103088379 23.314945220947266 0
      vertex 18.299819946289062 20.98981475830078 0
      vertex 18.200071334838867 20.759307861328125 0
    endloop
  endfacet
  facet normal 0 0 -1
    outer loop
      vertex 16.96354103088379 23.314945220947266 0
      vertex 18.200071334838867 20.759307861328125 0
      vertex 18.1299991607666 20.518117904663086 0
    endloop
  endfacet
  facet normal 0 0 -1
    outer loop
      vertex 16.96354103088379 23.314945220947266 0
      vertex 18.1299991607666 20.518117904663086 0
      vertex 18.090709686279297 20.270050048828125 0
    endloop
  endfacet
  facet normal 0 0 -1
    outer loop
      vertex 16.96354103088379 23.314945220947266 0
      vertex 18.090709686279297 20.270050048828125 0
      vertex 18.08281898498535 20.019010543823242 0
    endloop
  endfacet
  facet normal 0 0 -1
    outer loop
      vertex 18.360349655151367 19.063749313354492 0
      vertex 16.208492279052734 17.79114532470703 0
      vertex 18.24632453918457 19.28753662109375 0
    endloop
  endfacet
  facet normal 0 0 -1
    outer loop
      vertex 15.951936721801758 18.294666290283203 0
      vertex 18.24632453918457 19.28753662109375 0
      vertex 16.208492279052734 17.79114532470703 0
    endloop
  endfacet
  facet normal 0 0 -1
    outer loop
      vertex 21.608673095703125 26.120399475097656 0
      vertex 16.96354103088379 23.314945220947266 0
      vertex 18.164527893066406 28.62271499633789 0
    endloop
  endfacet
  facet normal 0 0 -1
    outer loop
      vertex 15.480096817016602 24.392730712890625 0
      vertex 18.164527893066406 28.62271499633789 0
      vertex 16.96354103088379 23.314945220947266 0
    endloop
  endfacet
  facet normal 0 0 -1
    outer loop
      vertex 15.480096817016602 24.392730712890625 0
      vertex 14.433917045593262 30.67363739013672 0
      vertex 18.164527893066406 28.62271499633789 0
    endloop
  endfacet
  facet normal 0 0 -1
    outer loop
      vertex 12.300811767578125 26.14055633544922 0
      vertex 14.433917045593262 30.67363739013672 0
      vertex 15.480096817016602 24.392730712890625 0
    endloop
  endfacet
  facet normal 0 0 -1
    outer loop
      vertex 12.300811767578125 26.14055633544922 0
      vertex 10.475675582885742 32.240814208984375 0
      vertex 14.433917045593262 30.67363739013672 0
    endloop
  endfacet
  facet normal 0 0 -1
    outer loop
      vertex 8.927536010742188 27.476131439208984 0
      vertex 10.475675582885742 32.240814208984375 0
      vertex 12.300811767578125 26.14055633544922 0
    endloop
  endfacet
  facet normal 0 0 -1
    outer loop
      vertex 8.927536010742188 27.476131439208984 0
      vertex 6.352226257324219 33.299537658691406 0
      vertex 10.475675582885742 32.240814208984375 0
    endloop
  endfacet
  facet normal 0 0 -1
    outer loop
      vertex 5.4134674072265625 28.37839126586914 0
      vertex 6.352226257324219 33.299537658691406 0
      vertex 8.927536010742188 27.476131439208984 0
    endloop
  endfacet
  facet normal 0 0 -1
    outer loop
      vertex 5.4134674072265625 28.37839126586914 0
      vertex 2.128598213195801 33.833106994628906 0
      vertex 6.352226257324219 33.299537658691406 0
    endloop
  endfacet
  facet normal 0 0 -1
    outer loop
      vertex 1.8140249252319336 28.833106994628906 0
      vertex 2.128598213195801 33.833106994628906 0
      vertex 5.4134674072265625 28.37839126586914 0
    endloop
  endfacet
  facet normal 0 0 -1
    outer loop
      vertex -1.8140249252319336 28.833106994628906 0
      vertex 2.128598213195801 33.833106994628906 0
      vertex 1.8140249252319336 28.833106994628906 0
    endloop
  endfacet
  facet normal 0 0 -1
    outer loop
      vertex -1.8140249252319336 28.833106994628906 0
      vertex -2.128598213195801 33.833106994628906 0
      vertex 2.128598213195801 33.833106994628906 0
    endloop
  endfacet
  facet normal 0 0 -1
    outer loop
      vertex -5.4134674072265625 28.37839126586914 0
      vertex -2.128598213195801 33.833106994628906 0
      vertex -1.8140249252319336 28.833106994628906 0
    endloop
  endfacet
  facet normal 0 0 -1
    outer loop
      vertex -5.4134674072265625 28.37839126586914 0
      vertex -6.352226257324219 33.299537658691406 0
      vertex -2.128598213195801 33.833106994628906 0
    endloop
  endfacet
  facet normal 0 0 -1
    outer loop
      vertex -8.927536010742188 27.476131439208984 0
      vertex -6.352226257324219 33.299537658691406 0
      vertex -5.4134674072265625 28.37839126586914 0
    endloop
  endfacet
  facet normal 0 0 -1
    outer loop
      vertex -8.927536010742188 27.476131439208984 0
      vertex -10.475675582885742 32.240814208984375 0
      vertex -6.352226257324219 33.299537658691406 0
    endloop
  endfacet
  facet normal 0 0 -1
    outer loop
      vertex -12.300811767578125 26.14055633544922 0
      vertex -10.475675582885742 32.240814208984375 0
      vertex -8.927536010742188 27.476131439208984 0
    endloop
  endfacet
  facet normal 0 0 -1
    outer loop
      vertex -12.300811767578125 26.14055633544922 0
      vertex -14.433917045593262 30.67363739013672 0
      vertex -10.475675582885742 32.240814208984375 0
    endloop
  endfacet
  facet normal 0 0 -1
    outer loop
      vertex -15.480096817016602 24.392730712890625 0
      vertex -14.433917045593262 30.67363739013672 0
      vertex -12.300811767578125 26.14055633544922 0
    endloop
  endfacet
  facet normal 0 0 -1
    outer loop
      vertex -15.480096817016602 24.392730712890625 0
      vertex -18.164527893066406 28.62271499633789 0
      vertex -14.433917045593262 30.67363739013672 0
    endloop
  endfacet
  facet normal 0 0 -1
    outer loop
      vertex -18.415252685546875 22.260215759277344 0
      vertex -18.164527893066406 28.62271499633789 0
      vertex -15.480096817016602 24.392730712890625 0
    endloop
  endfacet
  facet normal 0 0 -1
    outer loop
      vertex -21.608673095703125 26.120399475097656 0
      vertex -18.415252685546875 22.260215759277344 0
      vertex -21.059986114501953 19.776643753051758 0
    endloop
  endfacet
  facet normal 0 0 -1
    outer loop
      vertex -18.415252685546875 22.260215759277344 0
      vertex -21.608673095703125 26.120399475097656 0
      vertex -18.164527893066406 28.62271499633789 0
    endloop
  endfacet
  facet normal 0 0 -1
    outer loop
      vertex -24.7120361328125 23.206146240234375 0
      vertex -21.059986114501953 19.776643753051758 0
      vertex -23.37259292602539 16.981182098388672 0
    endloop
  endfacet
  facet normal 0 0 -1
    outer loop
      vertex -21.059986114501953 19.776643753051758 0
      vertex -24.7120361328125 23.206146240234375 0
      vertex -21.608673095703125 26.120399475097656 0
    endloop
  endfacet
  facet normal 0 0 -1
    outer loop
      vertex -27.425674438476562 19.925918579101562 0
      vertex -23.37259292602539 16.981182098388672 0
      vertex -25.316600799560547 13.91791820526123 0
    endloop
  endfacet
  facet normal 0 0 -1
    outer loop
      vertex -29.70679473876953 16.331449508666992 0
      vertex -25.316600799560547 13.91791820526123 0
      vertex -26.354938507080078 11.711334228515625 0
    endloop
  endfacet
  facet normal 0 0 -1
    outer loop
      vertex -25.99697494506836 11.615418434143066 0
      vertex -26.794374465942383 9.245997428894043 0
      vertex -26.354938507080078 11.711334228515625 0
    endloop
  endfacet
  facet normal 0 0 -1
    outer loop
      vertex -27.03697967529297 9.311002731323242 0
      vertex -26.354938507080078 11.711334228515625 0
      vertex -26.794374465942383 9.245997428894043 0
    endloop
  endfacet
  facet normal 0 0 -1
    outer loop
      vertex -27.285818099975586 9.345088958740234 0
      vertex -26.354938507080078 11.711334228515625 0
      vertex -27.03697967529297 9.311002731323242 0
    endloop
  endfacet
  facet normal 0 0 -1
    outer loop
      vertex -27.536964416503906 9.3477201461792 0
      vertex -26.354938507080078 11.711334228515625 0
      vertex -27.285818099975586 9.345088958740234 0
    endloop
  endfacet
  facet normal 0 0 -1
    outer loop
      vertex -23.37259292602539 16.981182098388672 0
      vertex -27.425674438476562 19.925918579101562 0
      vertex -24.7120361328125 23.206146240234375 0
    endloop
  endfacet
  facet normal 0 0 -1
    outer loop
      vertex -27.786462783813477 9.318851470947266 0
      vertex -26.354938507080078 11.711334228515625 0
      vertex -27.536964416503906 9.3477201461792 0
    endloop
  endfacet
  facet normal 0 0 -1
    outer loop
      vertex -28.03037452697754 9.258940696716309 0
      vertex -26.354938507080078 11.711334228515625 0
      vertex -27.786462783813477 9.318851470947266 0
    endloop
  endfacet
  facet normal 0 0 -1
    outer loop
      vertex -26.354938507080078 11.711334228515625 0
      vertex -28.03037452697754 9.258940696716309 0
      vertex -31.51942253112793 12.479421615600586 0
    endloop
  endfacet
  facet normal 0 0 -1
    outer loop
      vertex -31.51942253112793 12.479421615600586 0
      vertex -28.03037452697754 9.258940696716309 0
      vertex -28.264854431152344 9.168932914733887 0
    endloop
  endfacet
  facet normal 0 0 -1
    outer loop
      vertex -31.51942253112793 12.479421615600586 0
      vertex -28.264854431152344 9.168932914733887 0
      vertex -28.4862060546875 9.050246238708496 0
    endloop
  endfacet
  facet normal 0 0 -1
    outer loop
      vertex -31.51942253112793 12.479421615600586 0
      vertex -28.4862060546875 9.050246238708496 0
      vertex -28.690933227539062 8.904752731323242 0
    endloop
  endfacet
  facet normal 0 0 -1
    outer loop
      vertex -31.51942253112793 12.479421615600586 0
      vertex -28.690933227539062 8.904752731323242 0
      vertex -28.87581443786621 8.734746932983398 0
    endloop
  endfacet
  facet normal 0 0 -1
    outer loop
      vertex -31.51942253112793 12.479421615600586 0
      vertex -28.87581443786621 8.734746932983398 0
      vertex -29.037927627563477 8.5429105758667 0
    endloop
  endfacet
  facet normal 0 0 -1
    outer loop
      vertex -32.83496856689453 8.430586814880371 0
      vertex -29.037927627563477 8.5429105758667 0
      vertex -29.174720764160156 8.332267761230469 0
    endloop
  endfacet
  facet normal 0 0 -1
    outer loop
      vertex -32.83496856689453 8.430586814880371 0
      vertex -29.174720764160156 8.332267761230469 0
      vertex -29.284034729003906 8.106142044067383 0
    endloop
  endfacet
  facet normal 0 0 -1
    outer loop
      vertex -32.83496856689453 8.430586814880371 0
      vertex -29.284034729003906 8.106142044067383 0
      vertex -29.364145278930664 7.868098735809326 0
    endloop
  endfacet
  facet normal 0 0 -1
    outer loop
      vertex -32.83496856689453 8.430586814880371 0
      vertex -29.364145278930664 7.868098735809326 0
      vertex -29.413787841796875 7.621892929077148 0
    endloop
  endfacet
  facet normal 0 0 -1
    outer loop
      vertex -25.316600799560547 13.91791820526123 0
      vertex -29.70679473876953 16.331449508666992 0
      vertex -27.425674438476562 19.925918579101562 0
    endloop
  endfacet
  facet normal 0 0 -1
    outer loop
      vertex -32.83496856689453 8.430586814880371 0
      vertex -29.413787841796875 7.621892929077148 0
      vertex -29.43218421936035 7.371404647827148 0
    endloop
  endfacet
  facet normal 0 0 -1
    outer loop
      vertex -33.632686614990234 -4.248796463012695 0
      vertex -28.662307739257812 -3.6208906173706055 0
      vertex -32.83496856689453 -8.430586814880371 0
    endloop
  endfacet
  facet normal 0 0 -1
    outer loop
      vertex -33.900001525878906 0 0
      vertex -28.662307739257812 -3.6208906173706055 0
      vertex -33.632686614990234 -4.248796463012695 0
    endloop
  endfacet
  facet normal 0 0 -1
    outer loop
      vertex -26.354938507080078 11.711334228515625 0
      vertex -31.51942253112793 12.479421615600586 0
      vertex -29.70679473876953 16.331449508666992 0
    endloop
  endfacet
  facet normal 0 0 -1
    outer loop
      vertex -29.299453735351562 6.633724689483643 0
      vertex -33.632686614990234 4.248796463012695 0
      vertex -29.374561309814453 6.87339448928833 0
    endloop
  endfacet
  facet normal 0 0 -1
    outer loop
      vertex -29.037927627563477 8.5429105758667 0
      vertex -32.83496856689453 8.430586814880371 0
      vertex -31.51942253112793 12.479421615600586 0
    endloop
  endfacet
  facet normal 0 0 -1
    outer loop
      vertex -32.83496856689453 8.430586814880371 0
      vertex -29.374561309814453 6.87339448928833 0
      vertex -33.632686614990234 4.248796463012695 0
    endloop
  endfacet
  facet normal 0 0 -1
    outer loop
      vertex -29.419038772583008 7.120586395263672 0
      vertex -32.83496856689453 8.430586814880371 0
      vertex -29.43218421936035 7.371404647827148 0
    endloop
  endfacet
  facet normal 0 0 -1
    outer loop
      vertex -29.374561309814453 6.87339448928833 0
      vertex -32.83496856689453 8.430586814880371 0
      vertex -29.419038772583008 7.120586395263672 0
    endloop
  endfacet
  facet normal 0 0 -1
    outer loop
      vertex 21.404455184936523 18.58161163330078 0
      vertex 21.10300064086914 15.701688766479492 0
      vertex 21.20599937438965 18.427671432495117 0
    endloop
  endfacet
  facet normal 0 0 -1
    outer loop
      vertex 20.518117904663086 18.1299991607666 0
      vertex 21.10300064086914 15.701688766479492 0
      vertex 21.0634765625 15.690206527709961 0
    endloop
  endfacet
  facet normal 0 0 -1
    outer loop
      vertex 21.10300064086914 15.701688766479492 0
      vertex 20.98981475830078 18.299819946289062 0
      vertex 21.20599937438965 18.427671432495117 0
    endloop
  endfacet
  facet normal 0 0 -1
    outer loop
      vertex 21.10300064086914 15.701688766479492 0
      vertex 20.759307861328125 18.200071334838867 0
      vertex 20.98981475830078 18.299819946289062 0
    endloop
  endfacet
  facet normal 0 0 -1
    outer loop
      vertex 21.10300064086914 15.701688766479492 0
      vertex 20.518117904663086 18.1299991607666 0
      vertex 20.759307861328125 18.200071334838867 0
    endloop
  endfacet
  facet normal 0 0 -1
    outer loop
      vertex 20.505319595336914 15.601802825927734 0
      vertex 20.518117904663086 18.1299991607666 0
      vertex 21.0634765625 15.690206527709961 0
    endloop
  endfacet
  facet normal 0 0 -1
    outer loop
      vertex 20.505319595336914 15.601802825927734 0
      vertex 20.270050048828125 18.090709686279297 0
      vertex 20.518117904663086 18.1299991607666 0
    endloop
  endfacet
  facet normal 0 0 -1
    outer loop
      vertex 20.505319595336914 15.601802825927734 0
      vertex 20.019010543823242 18.08281898498535 0
      vertex 20.270050048828125 18.090709686279297 0
    endloop
  endfacet
  facet normal 0 0 -1
    outer loop
      vertex 19.94048309326172 15.584053039550781 0
      vertex 20.019010543823242 18.08281898498535 0
      vertex 20.505319595336914 15.601802825927734 0
    endloop
  endfacet
  facet normal 0 0 -1
    outer loop
      vertex 19.94048309326172 15.584053039550781 0
      vertex 19.768964767456055 18.106456756591797 0
      vertex 20.019010543823242 18.08281898498535 0
    endloop
  endfacet
  facet normal 0 0 -1
    outer loop
      vertex 19.37787628173828 15.637234687805176 0
      vertex 19.768964767456055 18.106456756591797 0
      vertex 19.94048309326172 15.584053039550781 0
    endloop
  endfacet
  facet normal 0 0 -1
    outer loop
      vertex 19.768964767456055 18.106456756591797 0
      vertex 19.37787628173828 15.637234687805176 0
      vertex 19.523849487304688 18.161245346069336 0
    endloop
  endfacet
  facet normal 0 0 -1
    outer loop
      vertex 18.826372146606445 15.760510444641113 0
      vertex 19.523849487304688 18.161245346069336 0
      vertex 19.37787628173828 15.637234687805176 0
    endloop
  endfacet
  facet normal 0 0 -1
    outer loop
      vertex 19.523849487304688 18.161245346069336 0
      vertex 18.826372146606445 15.760510444641113 0
      vertex 19.28753662109375 18.24632453918457 0
    endloop
  endfacet
  facet normal 0 0 -1
    outer loop
      vertex 18.294666290283203 15.951936721801758 0
      vertex 19.28753662109375 18.24632453918457 0
      vertex 18.826372146606445 15.760510444641113 0
    endloop
  endfacet
  facet normal 0 0 -1
    outer loop
      vertex 19.28753662109375 18.24632453918457 0
      vertex 18.294666290283203 15.951936721801758 0
      vertex 19.063749313354492 18.360349655151367 0
    endloop
  endfacet
  facet normal 0 0 -1
    outer loop
      vertex 17.79114532470703 16.208492279052734 0
      vertex 19.063749313354492 18.360349655151367 0
      vertex 18.294666290283203 15.951936721801758 0
    endloop
  endfacet
  facet normal 0 0 -1
    outer loop
      vertex 19.063749313354492 18.360349655151367 0
      vertex 17.79114532470703 16.208492279052734 0
      vertex 18.85601806640625 18.501523971557617 0
    endloop
  endfacet
  facet normal 0 0 -1
    outer loop
      vertex 17.323749542236328 16.526134490966797 0
      vertex 18.85601806640625 18.501523971557617 0
      vertex 17.79114532470703 16.208492279052734 0
    endloop
  endfacet
  facet normal 0 0 -1
    outer loop
      vertex 18.85601806640625 18.501523971557617 0
      vertex 17.323749542236328 16.526134490966797 0
      vertex 18.667619705200195 18.667619705200195 0
    endloop
  endfacet
  facet normal 0 0 -1
    outer loop
      vertex 16.899852752685547 16.899852752685547 0
      vertex 18.667619705200195 18.667619705200195 0
      vertex 17.323749542236328 16.526134490966797 0
    endloop
  endfacet
  facet normal 0 0 -1
    outer loop
      vertex 18.667619705200195 18.667619705200195 0
      vertex 16.899852752685547 16.899852752685547 0
      vertex 18.501523971557617 18.85601806640625 0
    endloop
  endfacet
  facet normal 0 0 -1
    outer loop
      vertex 16.526134490966797 17.323749542236328 0
      vertex 18.501523971557617 18.85601806640625 0
      vertex 16.899852752685547 16.899852752685547 0
    endloop
  endfacet
  facet normal 0 0 -1
    outer loop
      vertex 18.501523971557617 18.85601806640625 0
      vertex 16.526134490966797 17.323749542236328 0
      vertex 18.360349655151367 19.063749313354492 0
    endloop
  endfacet
  facet normal 0 0 -1
    outer loop
      vertex 16.208492279052734 17.79114532470703 0
      vertex 18.360349655151367 19.063749313354492 0
      vertex 16.526134490966797 17.323749542236328 0
    endloop
  endfacet
  facet normal 0.9408790860372681 0.3387425946905338 0
    outer loop
      vertex 18.24632453918457 19.28753662109375 8
      vertex 18.161245346069336 19.523849487304688 0
      vertex 18.161245346069336 19.523849487304688 8
    endloop
  endfacet
  facet normal 0.9408790860372681 0.3387425946905338 0
    outer loop
      vertex 18.161245346069336 19.523849487304688 0
      vertex 18.24632453918457 19.28753662109375 8
      vertex 18.24632453918457 19.28753662109375 0
    endloop
  endfacet
  facet normal 0.999506376971942 -0.031416594220601626 0
    outer loop
      vertex 18.08281898498535 20.019010543823242 8
      vertex 18.090709686279297 20.270050048828125 0
      vertex 18.090709686279297 20.270050048828125 8
    endloop
  endfacet
  facet normal 0.999506376971942 -0.031416594220601626 0
    outer loop
      vertex 18.090709686279297 20.270050048828125 0
      vertex 18.08281898498535 20.019010543823242 8
      vertex 18.08281898498535 20.019010543823242 0
    endloop
  endfacet
  facet normal -0.6613123932028019 -0.7501106042420563 0
    outer loop
      vertex 21.307647705078125 21.662141799926758 0
      vertex 21.49604606628418 21.49604606628418 8
      vertex 21.307647705078125 21.662141799926758 8
    endloop
  endfacet
  facet normal -0.6613123932028019 -0.7501106042420563 0
    outer loop
      vertex 21.49604606628418 21.49604606628418 8
      vertex 21.307647705078125 21.662141799926758 0
      vertex 21.49604606628418 21.49604606628418 0
    endloop
  endfacet
  facet normal -0.21814766551838335 -0.9759157730198234 0
    outer loop
      vertex 20.39470100402832 22.057209014892578 0
      vertex 20.639814376831055 22.002418518066406 8
      vertex 20.39470100402832 22.057209014892578 8
    endloop
  endfacet
  facet normal -0.21814766551838335 -0.9759157730198234 0
    outer loop
      vertex 20.639814376831055 22.002418518066406 8
      vertex 20.39470100402832 22.057209014892578 0
      vertex 20.639814376831055 22.002418518066406 0
    endloop
  endfacet
  facet normal 0.7901509733174652 -0.6129122607400364 0
    outer loop
      vertex 18.427671432495117 21.20599937438965 8
      vertex 18.58161163330078 21.404455184936523 0
      vertex 18.58161163330078 21.404455184936523 8
    endloop
  endfacet
  facet normal 0.7901509733174652 -0.6129122607400364 0
    outer loop
      vertex 18.58161163330078 21.404455184936523 0
      vertex 18.427671432495117 21.20599937438965 8
      vertex 18.427671432495117 21.20599937438965 0
    endloop
  endfacet
  facet normal 0.8270800064755792 0.5620842133420543 0
    outer loop
      vertex 18.501523971557617 18.85601806640625 8
      vertex 18.360349655151367 19.063749313354492 0
      vertex 18.360349655151367 19.063749313354492 8
    endloop
  endfacet
  facet normal 0.8270800064755792 0.5620842133420543 0
    outer loop
      vertex 18.360349655151367 19.063749313354492 0
      vertex 18.501523971557617 18.85601806640625 8
      vertex 18.501523971557617 18.85601806640625 0
    endloop
  endfacet
  facet normal 0.9602936706503741 -0.2789911577610135 0
    outer loop
      vertex 18.1299991607666 20.518117904663086 8
      vertex 18.200071334838867 20.759307861328125 0
      vertex 18.200071334838867 20.759307861328125 8
    endloop
  endfacet
  facet normal 0.9602936706503741 -0.2789911577610135 0
    outer loop
      vertex 18.200071334838867 20.759307861328125 0
      vertex 18.1299991607666 20.518117904663086 8
      vertex 18.1299991607666 20.518117904663086 0
    endloop
  endfacet
  facet normal 0.09411418009911571 0.995561410011593 0
    outer loop
      vertex 20.019010543823242 18.08281898498535 0
      vertex 19.768964767456055 18.106456756591797 8
      vertex 20.019010543823242 18.08281898498535 8
    endloop
  endfacet
  facet normal 0.09411418009911571 0.995561410011593 0
    outer loop
      vertex 19.768964767456055 18.106456756591797 8
      vertex 20.019010543823242 18.08281898498535 0
      vertex 19.768964767456055 18.106456756591797 0
    endloop
  endfacet
  facet normal -0.4539867558846311 -0.8910084317678192 0
    outer loop
      vertex 20.876127243041992 21.917341232299805 0
      vertex 21.099916458129883 21.803316116333008 8
      vertex 20.876127243041992 21.917341232299805 8
    endloop
  endfacet
  facet normal -0.4539867558846311 -0.8910084317678192 0
    outer loop
      vertex 21.099916458129883 21.803316116333008 8
      vertex 20.876127243041992 21.917341232299805 0
      vertex 21.099916458129883 21.803316116333008 0
    endloop
  endfacet
  facet normal -0.9759157730198234 -0.21814766551838335 0
    outer loop
      vertex 22.057209014892578 20.39470100402832 0
      vertex 22.002418518066406 20.639814376831055 8
      vertex 22.002418518066406 20.639814376831055 0
    endloop
  endfacet
  facet normal -0.9759157730198234 -0.21814766551838335 0
    outer loop
      vertex 22.002418518066406 20.639814376831055 8
      vertex 22.057209014892578 20.39470100402832 0
      vertex 22.057209014892578 20.39470100402832 8
    endloop
  endfacet
  facet normal 0.891006866590601 0.45398982773670027 0
    outer loop
      vertex 18.360349655151367 19.063749313354492 8
      vertex 18.24632453918457 19.28753662109375 0
      vertex 18.24632453918457 19.28753662109375 8
    endloop
  endfacet
  facet normal 0.891006866590601 0.45398982773670027 0
    outer loop
      vertex 18.24632453918457 19.28753662109375 0
      vertex 18.360349655151367 19.063749313354492 8
      vertex 18.360349655151367 19.063749313354492 0
    endloop
  endfacet
  facet normal 0.21813881613332783 0.9759177510917353 0
    outer loop
      vertex 19.768964767456055 18.106456756591797 0
      vertex 19.523849487304688 18.161245346069336 8
      vertex 19.768964767456055 18.106456756591797 8
    endloop
  endfacet
  facet normal 0.21813881613332783 0.9759177510917353 0
    outer loop
      vertex 19.523849487304688 18.161245346069336 8
      vertex 19.768964767456055 18.106456756591797 0
      vertex 19.523849487304688 18.161245346069336 0
    endloop
  endfacet
  facet normal 0.5090478109045108 -0.8607382448882618 0
    outer loop
      vertex 18.957666397094727 21.735992431640625 0
      vertex 19.173851013183594 21.863845825195312 8
      vertex 18.957666397094727 21.735992431640625 8
    endloop
  endfacet
  facet normal 0.5090478109045108 -0.8607382448882618 0
    outer loop
      vertex 19.173851013183594 21.863845825195312 8
      vertex 18.957666397094727 21.735992431640625 0
      vertex 19.173851013183594 21.863845825195312 0
    endloop
  endfacet
  facet normal -0.39714577735381706 0.9177555401794272 0
    outer loop
      vertex 20.98981475830078 18.299819946289062 0
      vertex 20.759307861328125 18.200071334838867 8
      vertex 20.98981475830078 18.299819946289062 8
    endloop
  endfacet
  facet normal -0.39714577735381706 0.9177555401794272 0
    outer loop
      vertex 20.759307861328125 18.200071334838867 8
      vertex 20.98981475830078 18.299819946289062 0
      vertex 20.759307861328125 18.200071334838867 0
    endloop
  endfacet
  facet normal 0.6129038416553741 -0.7901575038459636 0
    outer loop
      vertex 18.75920867919922 21.582054138183594 0
      vertex 18.957666397094727 21.735992431640625 8
      vertex 18.75920867919922 21.582054138183594 8
    endloop
  endfacet
  facet normal 0.6129038416553741 -0.7901575038459636 0
    outer loop
      vertex 18.957666397094727 21.735992431640625 8
      vertex 18.75920867919922 21.582054138183594 0
      vertex 18.957666397094727 21.735992431640625 0
    endloop
  endfacet
  facet normal 0.45398982773670027 0.891006866590601 0
    outer loop
      vertex 19.28753662109375 18.24632453918457 0
      vertex 19.063749313354492 18.360349655151367 8
      vertex 19.28753662109375 18.24632453918457 8
    endloop
  endfacet
  facet normal 0.45398982773670027 0.891006866590601 0
    outer loop
      vertex 19.063749313354492 18.360349655151367 8
      vertex 19.28753662109375 18.24632453918457 0
      vertex 19.063749313354492 18.360349655151367 0
    endloop
  endfacet
  facet normal -0.15643208012359508 0.9876887183258728 0
    outer loop
      vertex 20.518117904663086 18.1299991607666 0
      vertex 20.270050048828125 18.090709686279297 8
      vertex 20.518117904663086 18.1299991607666 8
    endloop
  endfacet
  facet normal -0.15643208012359508 0.9876887183258728 0
    outer loop
      vertex 20.270050048828125 18.090709686279297 8
      vertex 20.518117904663086 18.1299991607666 0
      vertex 20.270050048828125 18.090709686279297 0
    endloop
  endfacet
  facet normal -0.8910084317678192 -0.4539867558846311 0
    outer loop
      vertex 21.917341232299805 20.876127243041992 0
      vertex 21.803316116333008 21.099916458129883 8
      vertex 21.803316116333008 21.099916458129883 0
    endloop
  endfacet
  facet normal -0.8910084317678192 -0.4539867558846311 0
    outer loop
      vertex 21.803316116333008 21.099916458129883 8
      vertex 21.917341232299805 20.876127243041992 0
      vertex 21.917341232299805 20.876127243041992 8
    endloop
  endfacet
  facet normal 0.7071105782325008 -0.7071029841202046 0
    outer loop
      vertex 18.58161163330078 21.404455184936523 8
      vertex 18.75920867919922 21.582054138183594 0
      vertex 18.75920867919922 21.582054138183594 8
    endloop
  endfacet
  facet normal 0.7071105782325008 -0.7071029841202046 0
    outer loop
      vertex 18.75920867919922 21.582054138183594 0
      vertex 18.58161163330078 21.404455184936523 8
      vertex 18.58161163330078 21.404455184936523 0
    endloop
  endfacet
  facet normal 0.3387425946905338 0.9408790860372681 0
    outer loop
      vertex 19.523849487304688 18.161245346069336 0
      vertex 19.28753662109375 18.24632453918457 8
      vertex 19.523849487304688 18.161245346069336 8
    endloop
  endfacet
  facet normal 0.3387425946905338 0.9408790860372681 0
    outer loop
      vertex 19.28753662109375 18.24632453918457 8
      vertex 19.523849487304688 18.161245346069336 0
      vertex 19.28753662109375 18.24632453918457 0
    endloop
  endfacet
  facet normal -0.8270800064755792 -0.5620842133420543 0
    outer loop
      vertex 21.803316116333008 21.099916458129883 0
      vertex 21.662141799926758 21.307647705078125 8
      vertex 21.662141799926758 21.307647705078125 0
    endloop
  endfacet
  facet normal -0.8270800064755792 -0.5620842133420543 0
    outer loop
      vertex 21.662141799926758 21.307647705078125 8
      vertex 21.803316116333008 21.099916458129883 0
      vertex 21.803316116333008 21.099916458129883 8
    endloop
  endfacet
  facet normal -0.9177571103172772 0.3971421489367265 0
    outer loop
      vertex 21.863845825195312 19.173851013183594 0
      vertex 21.963592529296875 19.404356002807617 8
      vertex 21.963592529296875 19.404356002807617 0
    endloop
  endfacet
  facet normal -0.9177571103172772 0.3971421489367265 0
    outer loop
      vertex 21.963592529296875 19.404356002807617 8
      vertex 21.863845825195312 19.173851013183594 0
      vertex 21.863845825195312 19.173851013183594 8
    endloop
  endfacet
  facet normal -0.9408815063805228 -0.33873587195795846 0
    outer loop
      vertex 22.002418518066406 20.639814376831055 0
      vertex 21.917341232299805 20.876127243041992 8
      vertex 21.917341232299805 20.876127243041992 0
    endloop
  endfacet
  facet normal -0.9408815063805228 -0.33873587195795846 0
    outer loop
      vertex 21.917341232299805 20.876127243041992 8
      vertex 22.002418518066406 20.639814376831055 0
      vertex 22.002418518066406 20.639814376831055 8
    endloop
  endfacet
  facet normal -0.5620842133420543 -0.8270800064755792 0
    outer loop
      vertex 21.099916458129883 21.803316116333008 0
      vertex 21.307647705078125 21.662141799926758 8
      vertex 21.099916458129883 21.803316116333008 8
    endloop
  endfacet
  facet normal -0.5620842133420543 -0.8270800064755792 0
    outer loop
      vertex 21.307647705078125 21.662141799926758 8
      vertex 21.099916458129883 21.803316116333008 0
      vertex 21.307647705078125 21.662141799926758 0
    endloop
  endfacet
  facet normal -0.2789911577610135 0.9602936706503741 0
    outer loop
      vertex 20.759307861328125 18.200071334838867 0
      vertex 20.518117904663086 18.1299991607666 8
      vertex 20.759307861328125 18.200071334838867 8
    endloop
  endfacet
  facet normal -0.2789911577610135 0.9602936706503741 0
    outer loop
      vertex 20.518117904663086 18.1299991607666 8
      vertex 20.759307861328125 18.200071334838867 0
      vertex 20.518117904663086 18.1299991607666 0
    endloop
  endfacet
  facet normal 0.6613123932028019 0.7501106042420563 0
    outer loop
      vertex 18.85601806640625 18.501523971557617 0
      vertex 18.667619705200195 18.667619705200195 8
      vertex 18.85601806640625 18.501523971557617 8
    endloop
  endfacet
  facet normal 0.6613123932028019 0.7501106042420563 0
    outer loop
      vertex 18.667619705200195 18.667619705200195 8
      vertex 18.85601806640625 18.501523971557617 0
      vertex 18.667619705200195 18.667619705200195 0
    endloop
  endfacet
  facet normal -0.33873587195795846 -0.9408815063805228 0
    outer loop
      vertex 20.639814376831055 22.002418518066406 0
      vertex 20.876127243041992 21.917341232299805 8
      vertex 20.639814376831055 22.002418518066406 8
    endloop
  endfacet
  facet normal -0.33873587195795846 -0.9408815063805228 0
    outer loop
      vertex 20.876127243041992 21.917341232299805 8
      vertex 20.639814376831055 22.002418518066406 0
      vertex 20.876127243041992 21.917341232299805 0
    endloop
  endfacet
  facet normal 0.7501106042420563 0.6613123932028019 0
    outer loop
      vertex 18.667619705200195 18.667619705200195 8
      vertex 18.501523971557617 18.85601806640625 0
      vertex 18.501523971557617 18.85601806640625 8
    endloop
  endfacet
  facet normal 0.7501106042420563 0.6613123932028019 0
    outer loop
      vertex 18.501523971557617 18.85601806640625 0
      vertex 18.667619705200195 18.667619705200195 8
      vertex 18.667619705200195 18.667619705200195 0
    endloop
  endfacet
  facet normal 0.8607415722908494 -0.5090421846274399 0
    outer loop
      vertex 18.299819946289062 20.98981475830078 8
      vertex 18.427671432495117 21.20599937438965 0
      vertex 18.427671432495117 21.20599937438965 8
    endloop
  endfacet
  facet normal 0.8607415722908494 -0.5090421846274399 0
    outer loop
      vertex 18.427671432495117 21.20599937438965 0
      vertex 18.299819946289062 20.98981475830078 8
      vertex 18.299819946289062 20.98981475830078 0
    endloop
  endfacet
  facet normal 0.995561410011593 0.09411418009911571 0
    outer loop
      vertex 18.106456756591797 19.768964767456055 8
      vertex 18.08281898498535 20.019010543823242 0
      vertex 18.08281898498535 20.019010543823242 8
    endloop
  endfacet
  facet normal 0.995561410011593 0.09411418009911571 0
    outer loop
      vertex 18.08281898498535 20.019010543823242 0
      vertex 18.106456756591797 19.768964767456055 8
      vertex 18.106456756591797 19.768964767456055 0
    endloop
  endfacet
  facet normal -0.7501106042420563 -0.6613123932028019 0
    outer loop
      vertex 21.662141799926758 21.307647705078125 0
      vertex 21.49604606628418 21.49604606628418 8
      vertex 21.49604606628418 21.49604606628418 0
    endloop
  endfacet
  facet normal -0.7501106042420563 -0.6613123932028019 0
    outer loop
      vertex 21.49604606628418 21.49604606628418 8
      vertex 21.662141799926758 21.307647705078125 0
      vertex 21.662141799926758 21.307647705078125 8
    endloop
  endfacet
  facet normal -0.9995066154046971 0.03140900766096953 0
    outer loop
      vertex 22.072956085205078 19.89361572265625 0
      vertex 22.08084487915039 20.144655227661133 8
      vertex 22.08084487915039 20.144655227661133 0
    endloop
  endfacet
  facet normal -0.9995066154046971 0.03140900766096953 0
    outer loop
      vertex 22.08084487915039 20.144655227661133 8
      vertex 22.072956085205078 19.89361572265625 0
      vertex 22.072956085205078 19.89361572265625 8
    endloop
  endfacet
  facet normal -0.031416594220601626 0.999506376971942 0
    outer loop
      vertex 20.270050048828125 18.090709686279297 0
      vertex 20.019010543823242 18.08281898498535 8
      vertex 20.270050048828125 18.090709686279297 8
    endloop
  endfacet
  facet normal -0.031416594220601626 0.999506376971942 0
    outer loop
      vertex 20.019010543823242 18.08281898498535 8
      vertex 20.270050048828125 18.090709686279297 0
      vertex 20.019010543823242 18.08281898498535 0
    endloop
  endfacet
  facet normal 0.9876887183258728 -0.15643208012359508 0
    outer loop
      vertex 18.090709686279297 20.270050048828125 8
      vertex 18.1299991607666 20.518117904663086 0
      vertex 18.1299991607666 20.518117904663086 8
    endloop
  endfacet
  facet normal 0.9876887183258728 -0.15643208012359508 0
    outer loop
      vertex 18.1299991607666 20.518117904663086 0
      vertex 18.090709686279297 20.270050048828125 8
      vertex 18.090709686279297 20.270050048828125 0
    endloop
  endfacet
  facet normal 0.15643831504397362 -0.9876877308067578 0
    outer loop
      vertex 19.645545959472656 22.03366470336914 0
      vertex 19.89361572265625 22.072956085205078 8
      vertex 19.645545959472656 22.03366470336914 8
    endloop
  endfacet
  facet normal 0.15643831504397362 -0.9876877308067578 0
    outer loop
      vertex 19.89361572265625 22.072956085205078 8
      vertex 19.645545959472656 22.03366470336914 0
      vertex 19.89361572265625 22.072956085205078 0
    endloop
  endfacet
  facet normal -0.9602936706503741 0.2789911577610135 0
    outer loop
      vertex 21.963592529296875 19.404356002807617 0
      vertex 22.03366470336914 19.645545959472656 8
      vertex 22.03366470336914 19.645545959472656 0
    endloop
  endfacet
  facet normal -0.9602936706503741 0.2789911577610135 0
    outer loop
      vertex 22.03366470336914 19.645545959472656 8
      vertex 21.963592529296875 19.404356002807617 0
      vertex 21.963592529296875 19.404356002807617 8
    endloop
  endfacet
  facet normal 0.9177555401794272 -0.39714577735381706 0
    outer loop
      vertex 18.200071334838867 20.759307861328125 8
      vertex 18.299819946289062 20.98981475830078 0
      vertex 18.299819946289062 20.98981475830078 8
    endloop
  endfacet
  facet normal 0.9177555401794272 -0.39714577735381706 0
    outer loop
      vertex 18.299819946289062 20.98981475830078 0
      vertex 18.200071334838867 20.759307861328125 8
      vertex 18.200071334838867 20.759307861328125 0
    endloop
  endfacet
  facet normal -0.9876877308067578 0.15643831504397362 0
    outer loop
      vertex 22.03366470336914 19.645545959472656 0
      vertex 22.072956085205078 19.89361572265625 8
      vertex 22.072956085205078 19.89361572265625 0
    endloop
  endfacet
  facet normal -0.9876877308067578 0.15643831504397362 0
    outer loop
      vertex 22.072956085205078 19.89361572265625 8
      vertex 22.03366470336914 19.645545959472656 0
      vertex 22.03366470336914 19.645545959472656 8
    endloop
  endfacet
  facet normal 0.03140900766096953 -0.9995066154046971 0
    outer loop
      vertex 19.89361572265625 22.072956085205078 0
      vertex 20.144655227661133 22.08084487915039 8
      vertex 19.89361572265625 22.072956085205078 8
    endloop
  endfacet
  facet normal 0.03140900766096953 -0.9995066154046971 0
    outer loop
      vertex 20.144655227661133 22.08084487915039 8
      vertex 19.89361572265625 22.072956085205078 0
      vertex 20.144655227661133 22.08084487915039 0
    endloop
  endfacet
  facet normal -0.7071029841202046 0.7071105782325008 0
    outer loop
      vertex 21.582054138183594 18.75920867919922 0
      vertex 21.404455184936523 18.58161163330078 8
      vertex 21.582054138183594 18.75920867919922 8
    endloop
  endfacet
  facet normal -0.7071029841202046 0.7071105782325008 0
    outer loop
      vertex 21.404455184936523 18.58161163330078 8
      vertex 21.582054138183594 18.75920867919922 0
      vertex 21.404455184936523 18.58161163330078 0
    endloop
  endfacet
  facet normal 0.5620842133420543 0.8270800064755792 0
    outer loop
      vertex 19.063749313354492 18.360349655151367 0
      vertex 18.85601806640625 18.501523971557617 8
      vertex 19.063749313354492 18.360349655151367 8
    endloop
  endfacet
  facet normal 0.5620842133420543 0.8270800064755792 0
    outer loop
      vertex 18.85601806640625 18.501523971557617 8
      vertex 19.063749313354492 18.360349655151367 0
      vertex 18.85601806640625 18.501523971557617 0
    endloop
  endfacet
  facet normal -0.9955621215275988 -0.09410665321573507 0
    outer loop
      vertex 22.08084487915039 20.144655227661133 0
      vertex 22.057209014892578 20.39470100402832 8
      vertex 22.057209014892578 20.39470100402832 0
    endloop
  endfacet
  facet normal -0.9955621215275988 -0.09410665321573507 0
    outer loop
      vertex 22.057209014892578 20.39470100402832 8
      vertex 22.08084487915039 20.144655227661133 0
      vertex 22.08084487915039 20.144655227661133 8
    endloop
  endfacet
  facet normal 0.3971421489367265 -0.9177571103172772 0
    outer loop
      vertex 19.173851013183594 21.863845825195312 0
      vertex 19.404356002807617 21.963592529296875 8
      vertex 19.173851013183594 21.863845825195312 8
    endloop
  endfacet
  facet normal 0.3971421489367265 -0.9177571103172772 0
    outer loop
      vertex 19.404356002807617 21.963592529296875 8
      vertex 19.173851013183594 21.863845825195312 0
      vertex 19.404356002807617 21.963592529296875 0
    endloop
  endfacet
  facet normal 0.2789911577610135 -0.9602936706503741 0
    outer loop
      vertex 19.404356002807617 21.963592529296875 0
      vertex 19.645545959472656 22.03366470336914 8
      vertex 19.404356002807617 21.963592529296875 8
    endloop
  endfacet
  facet normal 0.2789911577610135 -0.9602936706503741 0
    outer loop
      vertex 19.645545959472656 22.03366470336914 8
      vertex 19.404356002807617 21.963592529296875 0
      vertex 19.645545959472656 22.03366470336914 0
    endloop
  endfacet
  facet normal -0.5090421846274399 0.8607415722908494 0
    outer loop
      vertex 21.20599937438965 18.427671432495117 0
      vertex 20.98981475830078 18.299819946289062 8
      vertex 21.20599937438965 18.427671432495117 8
    endloop
  endfacet
  facet normal -0.5090421846274399 0.8607415722908494 0
    outer loop
      vertex 20.98981475830078 18.299819946289062 8
      vertex 21.20599937438965 18.427671432495117 0
      vertex 20.98981475830078 18.299819946289062 0
    endloop
  endfacet
  facet normal -0.6129122607400364 0.7901509733174652 0
    outer loop
      vertex 21.404455184936523 18.58161163330078 0
      vertex 21.20599937438965 18.427671432495117 8
      vertex 21.404455184936523 18.58161163330078 8
    endloop
  endfacet
  facet normal -0.6129122607400364 0.7901509733174652 0
    outer loop
      vertex 21.20599937438965 18.427671432495117 8
      vertex 21.404455184936523 18.58161163330078 0
      vertex 21.20599937438965 18.427671432495117 0
    endloop
  endfacet
  facet normal 0.9759177510917353 0.21813881613332783 0
    outer loop
      vertex 18.161245346069336 19.523849487304688 8
      vertex 18.106456756591797 19.768964767456055 0
      vertex 18.106456756591797 19.768964767456055 8
    endloop
  endfacet
  facet normal 0.9759177510917353 0.21813881613332783 0
    outer loop
      vertex 18.106456756591797 19.768964767456055 0
      vertex 18.161245346069336 19.523849487304688 8
      vertex 18.161245346069336 19.523849487304688 0
    endloop
  endfacet
  facet normal -0.09410665321573507 -0.9955621215275988 0
    outer loop
      vertex 20.144655227661133 22.08084487915039 0
      vertex 20.39470100402832 22.057209014892578 8
      vertex 20.144655227661133 22.08084487915039 8
    endloop
  endfacet
  facet normal -0.09410665321573507 -0.9955621215275988 0
    outer loop
      vertex 20.39470100402832 22.057209014892578 8
      vertex 20.144655227661133 22.08084487915039 0
      vertex 20.39470100402832 22.057209014892578 0
    endloop
  endfacet
  facet normal -0.8607382448882618 0.5090478109045108 0
    outer loop
      vertex 21.735992431640625 18.957666397094727 0
      vertex 21.863845825195312 19.173851013183594 8
      vertex 21.863845825195312 19.173851013183594 0
    endloop
  endfacet
  facet normal -0.8607382448882618 0.5090478109045108 0
    outer loop
      vertex 21.863845825195312 19.173851013183594 8
      vertex 21.735992431640625 18.957666397094727 0
      vertex 21.735992431640625 18.957666397094727 8
    endloop
  endfacet
  facet normal -0.7901575038459636 0.6129038416553741 0
    outer loop
      vertex 21.582054138183594 18.75920867919922 0
      vertex 21.735992431640625 18.957666397094727 8
      vertex 21.735992431640625 18.957666397094727 0
    endloop
  endfacet
  facet normal -0.7901575038459636 0.6129038416553741 0
    outer loop
      vertex 21.735992431640625 18.957666397094727 8
      vertex 21.582054138183594 18.75920867919922 0
      vertex 21.582054138183594 18.75920867919922 8
    endloop
  endfacet
  facet normal -0.6613119995671953 -0.7501109512788344 0
    outer loop
      vertex 22.227006912231445 22.847373962402344 8
      vertex 22.556705474853516 22.556705474853516 10
      vertex 22.227006912231445 22.847373962402344 10
    endloop
  endfacet
  facet normal -0.6613119995671953 -0.7501109512788344 0
    outer loop
      vertex 22.556705474853516 22.556705474853516 10
      vertex 22.227006912231445 22.847373962402344 8
      vertex 22.556705474853516 22.556705474853516 8
    endloop
  endfacet
  facet normal 0.03140924606679795 -0.9995066079128819 0
    outer loop
      vertex 19.75245475769043 23.566299438476562 8
      vertex 20.191770553588867 23.58010482788086 10
      vertex 19.75245475769043 23.566299438476562 10
    endloop
  endfacet
  facet normal 0.03140924606679795 -0.9995066079128819 0
    outer loop
      vertex 20.191770553588867 23.58010482788086 10
      vertex 19.75245475769043 23.566299438476562 8
      vertex 20.191770553588867 23.58010482788086 8
    endloop
  endfacet
  facet normal -0.33873929086272747 -0.9408802755004574 0
    outer loop
      vertex 21.05830192565918 23.442859649658203 8
      vertex 21.471851348876953 23.29397201538086 10
      vertex 21.05830192565918 23.442859649658203 10
    endloop
  endfacet
  facet normal -0.33873929086272747 -0.9408802755004574 0
    outer loop
      vertex 21.471851348876953 23.29397201538086 10
      vertex 21.05830192565918 23.442859649658203 8
      vertex 21.471851348876953 23.29397201538086 8
    endloop
  endfacet
  facet normal -0.7071046114451705 0.7071089509212667 0
    outer loop
      vertex 22.70722198486328 17.767240524291992 8
      vertex 22.39642333984375 17.456443786621094 10
      vertex 22.70722198486328 17.767240524291992 10
    endloop
  endfacet
  facet normal -0.7071046114451705 0.7071089509212667 0
    outer loop
      vertex 22.39642333984375 17.456443786621094 10
      vertex 22.70722198486328 17.767240524291992 8
      vertex 22.39642333984375 17.456443786621094 8
    endloop
  endfacet
  facet normal -0.4539894217091767 -0.8910070734714552 0
    outer loop
      vertex 21.471851348876953 23.29397201538086 8
      vertex 21.86347770690918 23.09442901611328 10
      vertex 21.471851348876953 23.29397201538086 10
    endloop
  endfacet
  facet normal -0.4539894217091767 -0.8910070734714552 0
    outer loop
      vertex 21.86347770690918 23.09442901611328 10
      vertex 21.471851348876953 23.29397201538086 8
      vertex 21.86347770690918 23.09442901611328 8
    endloop
  endfacet
  facet normal 0.156437644543929 -0.987687837005978 0
    outer loop
      vertex 19.318330764770508 23.497539520263672 8
      vertex 19.75245475769043 23.566299438476562 10
      vertex 19.318330764770508 23.497539520263672 10
    endloop
  endfacet
  facet normal 0.156437644543929 -0.987687837005978 0
    outer loop
      vertex 19.75245475769043 23.566299438476562 10
      vertex 19.318330764770508 23.497539520263672 8
      vertex 19.75245475769043 23.566299438476562 8
    endloop
  endfacet
  facet normal 0.9602931737900962 -0.27899286795927963 0
    outer loop
      vertex 16.66612434387207 20.845333099365234 9.799999237060547
      vertex 16.78875160217285 21.26741600036621 8
      vertex 16.78875160217285 21.26741600036621 9.799999237060547
    endloop
  endfacet
  facet normal 0.9602931737900962 -0.27899286795927963 0
    outer loop
      vertex 16.78875160217285 21.26741600036621 8
      vertex 16.66612434387207 20.845333099365234 9.799999237060547
      vertex 16.66612434387207 20.845333099365234 8
    endloop
  endfacet
  facet normal -0.7501109512788344 -0.6613119995671953 0
    outer loop
      vertex 22.847373962402344 22.227006912231445 8
      vertex 22.556705474853516 22.556705474853516 10
      vertex 22.556705474853516 22.556705474853516 8
    endloop
  endfacet
  facet normal -0.7501109512788344 -0.6613119995671953 0
    outer loop
      vertex 22.556705474853516 22.556705474853516 10
      vertex 22.847373962402344 22.227006912231445 8
      vertex 22.847373962402344 22.227006912231445 10
    endloop
  endfacet
  facet normal 0.4539928667973407 0.891005318108221 0
    outer loop
      vertex 18.691814422607422 16.869691848754883 8
      vertex 18.300188064575195 17.069236755371094 9.799999237060547
      vertex 18.691814422607422 16.869691848754883 9.799999237060547
    endloop
  endfacet
  facet normal 0.4539928667973407 0.891005318108221 0
    outer loop
      vertex 18.300188064575195 17.069236755371094 9.799999237060547
      vertex 18.691814422607422 16.869691848754883 8
      vertex 18.300188064575195 17.069236755371094 8
    endloop
  endfacet
  facet normal -0.9995066079128819 0.03140924606679795 0
    outer loop
      vertex 23.566299438476562 19.75245475769043 8
      vertex 23.58010482788086 20.191770553588867 10
      vertex 23.58010482788086 20.191770553588867 8
    endloop
  endfacet
  facet normal -0.9995066079128819 0.03140924606679795 0
    outer loop
      vertex 23.58010482788086 20.191770553588867 10
      vertex 23.566299438476562 19.75245475769043 8
      vertex 23.566299438476562 19.75245475769043 10
    endloop
  endfacet
  facet normal 0.9759161316887807 0.21814606095368 0
    outer loop
      vertex 16.720806121826172 19.105363845825195 9.799999237060547
      vertex 16.624923706054688 19.534311294555664 8
      vertex 16.624923706054688 19.534311294555664 9.799999237060547
    endloop
  endfacet
  facet normal 0.9759161316887807 0.21814606095368 0
    outer loop
      vertex 16.624923706054688 19.534311294555664 8
      vertex 16.720806121826172 19.105363845825195 9.799999237060547
      vertex 16.720806121826172 19.105363845825195 8
    endloop
  endfacet
  facet normal 0.2789877137480209 -0.9602946712221475 0
    outer loop
      vertex 18.896249771118164 23.374914169311523 9.799999237060547
      vertex 18.896249771118164 23.374914169311523 8
      vertex 19 23.40505599975586 9.799999237060547
    endloop
  endfacet
  facet normal 0.2789907833946468 -0.9602937794138007 0
    outer loop
      vertex 19 23.40505599975586 9.799999237060547
      vertex 19.318330764770508 23.497539520263672 10
      vertex 19 23.40505599975586 10
    endloop
  endfacet
  facet normal 0.2789900288565097 -0.9602939986267867 -1.4470355628981762e-7
    outer loop
      vertex 19.318330764770508 23.497539520263672 8
      vertex 19 23.40505599975586 9.799999237060547
      vertex 18.896249771118164 23.374914169311523 8
    endloop
  endfacet
  facet normal 0.2789907833946468 -0.9602937794138007 0
    outer loop
      vertex 19 23.40505599975586 9.799999237060547
      vertex 19.318330764770508 23.497539520263672 8
      vertex 19.318330764770508 23.497539520263672 10
    endloop
  endfacet
  facet normal 0.6129033162633566 -0.7901579113780864 0
    outer loop
      vertex 17.767240524291992 22.70722198486328 8
      vertex 18.11454200744629 22.976613998413086 9.799999237060547
      vertex 17.767240524291992 22.70722198486328 9.799999237060547
    endloop
  endfacet
  facet normal 0.6129033162633566 -0.7901579113780864 0
    outer loop
      vertex 18.11454200744629 22.976613998413086 9.799999237060547
      vertex 17.767240524291992 22.70722198486328 8
      vertex 18.11454200744629 22.976613998413086 8
    endloop
  endfacet
  facet normal 0.7501131039162683 0.6613095578721827 0
    outer loop
      vertex 17.606958389282227 17.606958389282227 9.799999237060547
      vertex 17.31629180908203 17.936656951904297 8
      vertex 17.31629180908203 17.936656951904297 9.799999237060547
    endloop
  endfacet
  facet normal 0.7501131039162683 0.6613095578721827 0
    outer loop
      vertex 17.31629180908203 17.936656951904297 8
      vertex 17.606958389282227 17.606958389282227 9.799999237060547
      vertex 17.606958389282227 17.606958389282227 8
    endloop
  endfacet
  facet normal -0.9602939986267968 0.2789900288565126 0
    outer loop
      vertex 23.374914169311523 18.896249771118164 8
      vertex 23.497539520263672 19.318330764770508 10
      vertex 23.497539520263672 19.318330764770508 8
    endloop
  endfacet
  facet normal -0.9602939986267968 0.2789900288565126 0
    outer loop
      vertex 23.497539520263672 19.318330764770508 10
      vertex 23.374914169311523 18.896249771118164 8
      vertex 23.374914169311523 18.896249771118164 10
    endloop
  endfacet
  facet normal -0.15643408175787257 0.9876884013010233 0
    outer loop
      vertex 20.845333099365234 16.66612434387207 8
      vertex 20.411211013793945 16.597366333007812 10
      vertex 20.845333099365234 16.66612434387207 10
    endloop
  endfacet
  facet normal -0.15643408175787257 0.9876884013010233 0
    outer loop
      vertex 20.411211013793945 16.597366333007812 10
      vertex 20.845333099365234 16.66612434387207 8
      vertex 20.411211013793945 16.597366333007812 8
    endloop
  endfacet
  facet normal -0.5090431698709855 0.8607409896174917 0
    outer loop
      vertex 22.049123764038086 17.18705177307129 8
      vertex 21.670799255371094 16.96331024169922 10
      vertex 22.049123764038086 17.18705177307129 10
    endloop
  endfacet
  facet normal -0.5090431698709855 0.8607409896174917 0
    outer loop
      vertex 21.670799255371094 16.96331024169922 10
      vertex 22.049123764038086 17.18705177307129 8
      vertex 21.670799255371094 16.96331024169922 8
    endloop
  endfacet
  facet normal 0.9995066079128819 -0.03140924606679796 0
    outer loop
      vertex 16.583560943603516 19.971895217895508 9.799999237060547
      vertex 16.597366333007812 20.411211013793945 8
      vertex 16.597366333007812 20.411211013793945 9.799999237060547
    endloop
  endfacet
  facet normal 0.9995066079128819 -0.03140924606679796 0
    outer loop
      vertex 16.597366333007812 20.411211013793945 8
      vertex 16.583560943603516 19.971895217895508 9.799999237060547
      vertex 16.583560943603516 19.971895217895508 8
    endloop
  endfacet
  facet normal -0.39714619940889534 0.9177553575409244 0
    outer loop
      vertex 21.670799255371094 16.96331024169922 8
      vertex 21.26741600036621 16.78875160217285 10
      vertex 21.670799255371094 16.96331024169922 10
    endloop
  endfacet
  facet normal -0.39714619940889534 0.9177553575409244 0
    outer loop
      vertex 21.26741600036621 16.78875160217285 10
      vertex 21.670799255371094 16.96331024169922 8
      vertex 21.26741600036621 16.78875160217285 8
    endloop
  endfacet
  facet normal 0.3971461994088953 -0.9177553575409244 0
    outer loop
      vertex 18.49286651611328 23.200355529785156 8
      vertex 18.896249771118164 23.374914169311523 9.799999237060547
      vertex 18.49286651611328 23.200355529785156 9.799999237060547
    endloop
  endfacet
  facet normal 0.3971461994088953 -0.9177553575409244 0
    outer loop
      vertex 18.896249771118164 23.374914169311523 9.799999237060547
      vertex 18.49286651611328 23.200355529785156 8
      vertex 18.896249771118164 23.374914169311523 8
    endloop
  endfacet
  facet normal -0.9955621599583362 -0.0941062466528774 0
    outer loop
      vertex 23.58010482788086 20.191770553588867 8
      vertex 23.538742065429688 20.629352569580078 10
      vertex 23.538742065429688 20.629352569580078 8
    endloop
  endfacet
  facet normal -0.9955621599583362 -0.0941062466528774 0
    outer loop
      vertex 23.538742065429688 20.629352569580078 10
      vertex 23.58010482788086 20.191770553588867 8
      vertex 23.58010482788086 20.191770553588867 10
    endloop
  endfacet
  facet normal 0.09410584009351691 0.9955621983885756 0
    outer loop
      vertex 19.971895217895508 16.583560943603516 8
      vertex 19.534311294555664 16.624923706054688 10
      vertex 19.971895217895508 16.583560943603516 10
    endloop
  endfacet
  facet normal 0.09410584009351691 0.9955621983885756 0
    outer loop
      vertex 19.534311294555664 16.624923706054688 10
      vertex 19.971895217895508 16.583560943603516 8
      vertex 19.534311294555664 16.624923706054688 8
    endloop
  endfacet
  facet normal 0.9408816585417316 0.338735449310757 0
    outer loop
      vertex 16.869691848754883 18.691814422607422 9.799999237060547
      vertex 16.720806121826172 19.105363845825195 8
      vertex 16.720806121826172 19.105363845825195 9.799999237060547
    endloop
  endfacet
  facet normal 0.9408816585417316 0.338735449310757 0
    outer loop
      vertex 16.720806121826172 19.105363845825195 8
      vertex 16.869691848754883 18.691814422607422 9.799999237060547
      vertex 16.869691848754883 18.691814422607422 8
    endloop
  endfacet
  facet normal -0.9177553575409244 0.39714619940889534 0
    outer loop
      vertex 23.200355529785156 18.49286651611328 8
      vertex 23.374914169311523 18.896249771118164 10
      vertex 23.374914169311523 18.896249771118164 8
    endloop
  endfacet
  facet normal -0.9177553575409244 0.39714619940889534 0
    outer loop
      vertex 23.374914169311523 18.896249771118164 10
      vertex 23.200355529785156 18.49286651611328 8
      vertex 23.200355529785156 18.49286651611328 10
    endloop
  endfacet
  facet normal 0.21814606095367997 0.9759161316887806 0
    outer loop
      vertex 19.534311294555664 16.624923706054688 8
      vertex 19.105363845825195 16.720806121826172 10
      vertex 19.534311294555664 16.624923706054688 10
    endloop
  endfacet
  facet normal 0.21814606095367997 0.9759161316887806 0
    outer loop
      vertex 19.105363845825195 16.720806121826172 10
      vertex 19.534311294555664 16.624923706054688 8
      vertex 19.105363845825195 16.720806121826172 8
    endloop
  endfacet
  facet normal -0.5620847176861569 -0.8270796637227115 0
    outer loop
      vertex 21.86347770690918 23.09442901611328 8
      vertex 22.227006912231445 22.847373962402344 10
      vertex 21.86347770690918 23.09442901611328 10
    endloop
  endfacet
  facet normal -0.5620847176861569 -0.8270796637227115 0
    outer loop
      vertex 22.227006912231445 22.847373962402344 10
      vertex 21.86347770690918 23.09442901611328 8
      vertex 22.227006912231445 22.847373962402344 8
    endloop
  endfacet
  facet normal -0.8607409896174917 0.5090431698709855 0
    outer loop
      vertex 22.976613998413086 18.11454200744629 8
      vertex 23.200355529785156 18.49286651611328 10
      vertex 23.200355529785156 18.49286651611328 8
    endloop
  endfacet
  facet normal -0.8607409896174917 0.5090431698709855 0
    outer loop
      vertex 23.200355529785156 18.49286651611328 10
      vertex 22.976613998413086 18.11454200744629 8
      vertex 22.976613998413086 18.11454200744629 10
    endloop
  endfacet
  facet normal -0.21814513711409075 -0.9759163381937381 0
    outer loop
      vertex 20.629352569580078 23.538742065429688 8
      vertex 21.05830192565918 23.442859649658203 10
      vertex 20.629352569580078 23.538742065429688 10
    endloop
  endfacet
  facet normal -0.21814513711409075 -0.9759163381937381 0
    outer loop
      vertex 21.05830192565918 23.442859649658203 10
      vertex 20.629352569580078 23.538742065429688 8
      vertex 21.05830192565918 23.442859649658203 8
    endloop
  endfacet
  facet normal 0.5620827003139229 0.8270810347286466 0
    outer loop
      vertex 18.300188064575195 17.069236755371094 8
      vertex 17.936656951904297 17.31629180908203 9.799999237060547
      vertex 18.300188064575195 17.069236755371094 9.799999237060547
    endloop
  endfacet
  facet normal 0.5620827003139229 0.8270810347286466 0
    outer loop
      vertex 17.936656951904297 17.31629180908203 9.799999237060547
      vertex 18.300188064575195 17.069236755371094 8
      vertex 17.936656951904297 17.31629180908203 8
    endloop
  endfacet
  facet normal -0.6129054178352057 0.790156281243307 0
    outer loop
      vertex 22.39642333984375 17.456443786621094 8
      vertex 22.049123764038086 17.18705177307129 10
      vertex 22.39642333984375 17.456443786621094 10
    endloop
  endfacet
  facet normal -0.6129054178352057 0.790156281243307 0
    outer loop
      vertex 22.049123764038086 17.18705177307129 10
      vertex 22.39642333984375 17.456443786621094 8
      vertex 22.049123764038086 17.18705177307129 8
    endloop
  endfacet
  facet normal 0.891005318108221 0.4539928667973407 0
    outer loop
      vertex 17.069236755371094 18.300188064575195 9.799999237060547
      vertex 16.869691848754883 18.691814422607422 8
      vertex 16.869691848754883 18.691814422607422 9.799999237060547
    endloop
  endfacet
  facet normal 0.891005318108221 0.4539928667973407 0
    outer loop
      vertex 16.869691848754883 18.691814422607422 8
      vertex 17.069236755371094 18.300188064575195 9.799999237060547
      vertex 17.069236755371094 18.300188064575195 8
    endloop
  endfacet
  facet normal 0.7071089509212668 -0.7071046114451706 0
    outer loop
      vertex 17.456443786621094 22.39642333984375 9.799999237060547
      vertex 17.767240524291992 22.70722198486328 8
      vertex 17.767240524291992 22.70722198486328 9.799999237060547
    endloop
  endfacet
  facet normal 0.7071089509212668 -0.7071046114451706 0
    outer loop
      vertex 17.767240524291992 22.70722198486328 8
      vertex 17.456443786621094 22.39642333984375 9.799999237060547
      vertex 17.456443786621094 22.39642333984375 8
    endloop
  endfacet
  facet normal 0.9177553575409244 -0.3971461994088953 0
    outer loop
      vertex 16.78875160217285 21.26741600036621 9.799999237060547
      vertex 16.96331024169922 21.670799255371094 8
      vertex 16.96331024169922 21.670799255371094 9.799999237060547
    endloop
  endfacet
  facet normal 0.9177553575409244 -0.3971461994088953 0
    outer loop
      vertex 16.96331024169922 21.670799255371094 8
      vertex 16.78875160217285 21.26741600036621 9.799999237060547
      vertex 16.78875160217285 21.26741600036621 8
    endloop
  endfacet
  facet normal 0.9876884013010232 -0.15643408175787257 0
    outer loop
      vertex 16.597366333007812 20.411211013793945 9.799999237060547
      vertex 16.66612434387207 20.845333099365234 8
      vertex 16.66612434387207 20.845333099365234 9.799999237060547
    endloop
  endfacet
  facet normal 0.9876884013010232 -0.15643408175787257 0
    outer loop
      vertex 16.66612434387207 20.845333099365234 8
      vertex 16.597366333007812 20.411211013793945 9.799999237060547
      vertex 16.597366333007812 20.411211013793945 8
    endloop
  endfacet
  facet normal 0.9955621983885755 0.09410584009351691 0
    outer loop
      vertex 16.624923706054688 19.534311294555664 9.799999237060547
      vertex 16.583560943603516 19.971895217895508 8
      vertex 16.583560943603516 19.971895217895508 9.799999237060547
    endloop
  endfacet
  facet normal 0.9955621983885755 0.09410584009351691 0
    outer loop
      vertex 16.583560943603516 19.971895217895508 8
      vertex 16.624923706054688 19.534311294555664 9.799999237060547
      vertex 16.624923706054688 19.534311294555664 8
    endloop
  endfacet
  facet normal 0.8270810347286466 0.5620827003139229 0
    outer loop
      vertex 17.31629180908203 17.936656951904297 9.799999237060547
      vertex 17.069236755371094 18.300188064575195 8
      vertex 17.069236755371094 18.300188064575195 9.799999237060547
    endloop
  endfacet
  facet normal 0.8270810347286466 0.5620827003139229 0
    outer loop
      vertex 17.069236755371094 18.300188064575195 8
      vertex 17.31629180908203 17.936656951904297 9.799999237060547
      vertex 17.31629180908203 17.936656951904297 8
    endloop
  endfacet
  facet normal 0 0 1
    outer loop
      vertex 23.538742065429688 20.629352569580078 8
      vertex 22.057209014892578 20.39470100402832 8
      vertex 22.08084487915039 20.144655227661133 8
    endloop
  endfacet
  facet normal 0 0 1
    outer loop
      vertex 22.556705474853516 22.556705474853516 8
      vertex 22.002418518066406 20.639814376831055 8
      vertex 22.057209014892578 20.39470100402832 8
    endloop
  endfacet
  facet normal 0 0 1
    outer loop
      vertex 22.556705474853516 22.556705474853516 8
      vertex 21.917341232299805 20.876127243041992 8
      vertex 22.002418518066406 20.639814376831055 8
    endloop
  endfacet
  facet normal 0 0 1
    outer loop
      vertex 21.307647705078125 21.662141799926758 8
      vertex 22.227006912231445 22.847373962402344 8
      vertex 21.86347770690918 23.09442901611328 8
    endloop
  endfacet
  facet normal 0 0 1
    outer loop
      vertex 22.556705474853516 22.556705474853516 8
      vertex 21.803316116333008 21.099916458129883 8
      vertex 21.917341232299805 20.876127243041992 8
    endloop
  endfacet
  facet normal 0 0 1
    outer loop
      vertex 22.556705474853516 22.556705474853516 8
      vertex 21.662141799926758 21.307647705078125 8
      vertex 21.803316116333008 21.099916458129883 8
    endloop
  endfacet
  facet normal 0 0 1
    outer loop
      vertex 22.556705474853516 22.556705474853516 8
      vertex 21.49604606628418 21.49604606628418 8
      vertex 21.662141799926758 21.307647705078125 8
    endloop
  endfacet
  facet normal 0 0 1
    outer loop
      vertex 21.099916458129883 21.803316116333008 8
      vertex 21.86347770690918 23.09442901611328 8
      vertex 21.471851348876953 23.29397201538086 8
    endloop
  endfacet
  facet normal 0 0 1
    outer loop
      vertex 22.227006912231445 22.847373962402344 8
      vertex 21.307647705078125 21.662141799926758 8
      vertex 21.49604606628418 21.49604606628418 8
    endloop
  endfacet
  facet normal 0 0 1
    outer loop
      vertex 21.86347770690918 23.09442901611328 8
      vertex 21.099916458129883 21.803316116333008 8
      vertex 21.307647705078125 21.662141799926758 8
    endloop
  endfacet
  facet normal 0 0 1
    outer loop
      vertex 20.876127243041992 21.917341232299805 8
      vertex 21.471851348876953 23.29397201538086 8
      vertex 21.05830192565918 23.442859649658203 8
    endloop
  endfacet
  facet normal 0 0 1
    outer loop
      vertex 21.471851348876953 23.29397201538086 8
      vertex 20.876127243041992 21.917341232299805 8
      vertex 21.099916458129883 21.803316116333008 8
    endloop
  endfacet
  facet normal 0 0 1
    outer loop
      vertex 21.05830192565918 23.442859649658203 8
      vertex 20.639814376831055 22.002418518066406 8
      vertex 20.876127243041992 21.917341232299805 8
    endloop
  endfacet
  facet normal 0 0 1
    outer loop
      vertex 20.629352569580078 23.538742065429688 8
      vertex 20.639814376831055 22.002418518066406 8
      vertex 21.05830192565918 23.442859649658203 8
    endloop
  endfacet
  facet normal 0 0 1
    outer loop
      vertex 20.629352569580078 23.538742065429688 8
      vertex 20.39470100402832 22.057209014892578 8
      vertex 20.639814376831055 22.002418518066406 8
    endloop
  endfacet
  facet normal 0 0 1
    outer loop
      vertex 20.191770553588867 23.58010482788086 8
      vertex 20.39470100402832 22.057209014892578 8
      vertex 20.629352569580078 23.538742065429688 8
    endloop
  endfacet
  facet normal 0 0 1
    outer loop
      vertex 20.191770553588867 23.58010482788086 8
      vertex 20.144655227661133 22.08084487915039 8
      vertex 20.39470100402832 22.057209014892578 8
    endloop
  endfacet
  facet normal 0 0 1
    outer loop
      vertex 20.191770553588867 23.58010482788086 8
      vertex 19.89361572265625 22.072956085205078 8
      vertex 20.144655227661133 22.08084487915039 8
    endloop
  endfacet
  facet normal 0 0 1
    outer loop
      vertex 19.75245475769043 23.566299438476562 8
      vertex 19.89361572265625 22.072956085205078 8
      vertex 20.191770553588867 23.58010482788086 8
    endloop
  endfacet
  facet normal 0 0 1
    outer loop
      vertex 19.75245475769043 23.566299438476562 8
      vertex 19.645545959472656 22.03366470336914 8
      vertex 19.89361572265625 22.072956085205078 8
    endloop
  endfacet
  facet normal 0 0 1
    outer loop
      vertex 19.318330764770508 23.497539520263672 8
      vertex 19.645545959472656 22.03366470336914 8
      vertex 19.75245475769043 23.566299438476562 8
    endloop
  endfacet
  facet normal 0 0 1
    outer loop
      vertex 19.645545959472656 22.03366470336914 8
      vertex 19.318330764770508 23.497539520263672 8
      vertex 19.404356002807617 21.963592529296875 8
    endloop
  endfacet
  facet normal 0 0 1
    outer loop
      vertex 18.896249771118164 23.374914169311523 8
      vertex 19.404356002807617 21.963592529296875 8
      vertex 19.318330764770508 23.497539520263672 8
    endloop
  endfacet
  facet normal 0 0 1
    outer loop
      vertex 19.404356002807617 21.963592529296875 8
      vertex 18.896249771118164 23.374914169311523 8
      vertex 19.173851013183594 21.863845825195312 8
    endloop
  endfacet
  facet normal 0 0 1
    outer loop
      vertex 18.49286651611328 23.200355529785156 8
      vertex 19.173851013183594 21.863845825195312 8
      vertex 18.896249771118164 23.374914169311523 8
    endloop
  endfacet
  facet normal 0 0 1
    outer loop
      vertex 19.173851013183594 21.863845825195312 8
      vertex 18.49286651611328 23.200355529785156 8
      vertex 18.957666397094727 21.735992431640625 8
    endloop
  endfacet
  facet normal 0 0 1
    outer loop
      vertex 18.11454200744629 22.976613998413086 8
      vertex 18.957666397094727 21.735992431640625 8
      vertex 18.49286651611328 23.200355529785156 8
    endloop
  endfacet
  facet normal 0 0 1
    outer loop
      vertex 18.957666397094727 21.735992431640625 8
      vertex 18.11454200744629 22.976613998413086 8
      vertex 18.75920867919922 21.582054138183594 8
    endloop
  endfacet
  facet normal 0 0 1
    outer loop
      vertex 17.767240524291992 22.70722198486328 8
      vertex 18.75920867919922 21.582054138183594 8
      vertex 18.11454200744629 22.976613998413086 8
    endloop
  endfacet
  facet normal 0 0 1
    outer loop
      vertex 18.75920867919922 21.582054138183594 8
      vertex 17.767240524291992 22.70722198486328 8
      vertex 18.58161163330078 21.404455184936523 8
    endloop
  endfacet
  facet normal 0 0 1
    outer loop
      vertex 17.456443786621094 22.39642333984375 8
      vertex 18.58161163330078 21.404455184936523 8
      vertex 17.767240524291992 22.70722198486328 8
    endloop
  endfacet
  facet normal 0 0 1
    outer loop
      vertex 18.58161163330078 21.404455184936523 8
      vertex 17.456443786621094 22.39642333984375 8
      vertex 18.427671432495117 21.20599937438965 8
    endloop
  endfacet
  facet normal 0 0 1
    outer loop
      vertex 17.18705177307129 22.049123764038086 8
      vertex 18.427671432495117 21.20599937438965 8
      vertex 17.456443786621094 22.39642333984375 8
    endloop
  endfacet
  facet normal 0 0 1
    outer loop
      vertex 18.427671432495117 21.20599937438965 8
      vertex 17.18705177307129 22.049123764038086 8
      vertex 18.299819946289062 20.98981475830078 8
    endloop
  endfacet
  facet normal 0 0 1
    outer loop
      vertex 16.96331024169922 21.670799255371094 8
      vertex 18.299819946289062 20.98981475830078 8
      vertex 17.18705177307129 22.049123764038086 8
    endloop
  endfacet
  facet normal 0 0 1
    outer loop
      vertex 18.299819946289062 20.98981475830078 8
      vertex 16.96331024169922 21.670799255371094 8
      vertex 18.200071334838867 20.759307861328125 8
    endloop
  endfacet
  facet normal 0 0 1
    outer loop
      vertex 16.78875160217285 21.26741600036621 8
      vertex 18.200071334838867 20.759307861328125 8
      vertex 16.96331024169922 21.670799255371094 8
    endloop
  endfacet
  facet normal 0 0 1
    outer loop
      vertex 18.08281898498535 20.019010543823242 8
      vertex 17.606958389282227 17.606958389282227 8
      vertex 17.936656951904297 17.31629180908203 8
    endloop
  endfacet
  facet normal 0 0 1
    outer loop
      vertex 18.200071334838867 20.759307861328125 8
      vertex 16.78875160217285 21.26741600036621 8
      vertex 18.1299991607666 20.518117904663086 8
    endloop
  endfacet
  facet normal 0 0 1
    outer loop
      vertex 18.08281898498535 20.019010543823242 8
      vertex 17.31629180908203 17.936656951904297 8
      vertex 17.606958389282227 17.606958389282227 8
    endloop
  endfacet
  facet normal 0 0 1
    outer loop
      vertex 16.66612434387207 20.845333099365234 8
      vertex 18.1299991607666 20.518117904663086 8
      vertex 16.78875160217285 21.26741600036621 8
    endloop
  endfacet
  facet normal 0 0 1
    outer loop
      vertex 18.08281898498535 20.019010543823242 8
      vertex 17.069236755371094 18.300188064575195 8
      vertex 17.31629180908203 17.936656951904297 8
    endloop
  endfacet
  facet normal 0 0 1
    outer loop
      vertex 18.1299991607666 20.518117904663086 8
      vertex 16.66612434387207 20.845333099365234 8
      vertex 18.090709686279297 20.270050048828125 8
    endloop
  endfacet
  facet normal 0 0 1
    outer loop
      vertex 18.08281898498535 20.019010543823242 8
      vertex 16.869691848754883 18.691814422607422 8
      vertex 17.069236755371094 18.300188064575195 8
    endloop
  endfacet
  facet normal 0 0 1
    outer loop
      vertex 16.597366333007812 20.411211013793945 8
      vertex 18.090709686279297 20.270050048828125 8
      vertex 16.66612434387207 20.845333099365234 8
    endloop
  endfacet
  facet normal 0 0 1
    outer loop
      vertex 18.08281898498535 20.019010543823242 8
      vertex 16.720806121826172 19.105363845825195 8
      vertex 16.869691848754883 18.691814422607422 8
    endloop
  endfacet
  facet normal 0 0 1
    outer loop
      vertex 18.090709686279297 20.270050048828125 8
      vertex 16.597366333007812 20.411211013793945 8
      vertex 18.08281898498535 20.019010543823242 8
    endloop
  endfacet
  facet normal 0 0 1
    outer loop
      vertex 18.08281898498535 20.019010543823242 8
      vertex 16.624923706054688 19.534311294555664 8
      vertex 16.720806121826172 19.105363845825195 8
    endloop
  endfacet
  facet normal 0 0 1
    outer loop
      vertex 16.583560943603516 19.971895217895508 8
      vertex 18.08281898498535 20.019010543823242 8
      vertex 16.597366333007812 20.411211013793945 8
    endloop
  endfacet
  facet normal 0 0 1
    outer loop
      vertex 18.08281898498535 20.019010543823242 8
      vertex 16.583560943603516 19.971895217895508 8
      vertex 16.624923706054688 19.534311294555664 8
    endloop
  endfacet
  facet normal 0 0 1
    outer loop
      vertex 22.08084487915039 20.144655227661133 8
      vertex 23.58010482788086 20.191770553588867 8
      vertex 23.538742065429688 20.629352569580078 8
    endloop
  endfacet
  facet normal 0 0 1
    outer loop
      vertex 23.58010482788086 20.191770553588867 8
      vertex 22.08084487915039 20.144655227661133 8
      vertex 23.566299438476562 19.75245475769043 8
    endloop
  endfacet
  facet normal 0 0 1
    outer loop
      vertex 22.057209014892578 20.39470100402832 8
      vertex 23.538742065429688 20.629352569580078 8
      vertex 23.442859649658203 21.05830192565918 8
    endloop
  endfacet
  facet normal 0 0 1
    outer loop
      vertex 22.072956085205078 19.89361572265625 8
      vertex 23.566299438476562 19.75245475769043 8
      vertex 22.08084487915039 20.144655227661133 8
    endloop
  endfacet
  facet normal 0 0 1
    outer loop
      vertex 22.057209014892578 20.39470100402832 8
      vertex 23.442859649658203 21.05830192565918 8
      vertex 23.29397201538086 21.471851348876953 8
    endloop
  endfacet
  facet normal 0 0 1
    outer loop
      vertex 23.566299438476562 19.75245475769043 8
      vertex 22.072956085205078 19.89361572265625 8
      vertex 23.497539520263672 19.318330764770508 8
    endloop
  endfacet
  facet normal 0 0 1
    outer loop
      vertex 22.057209014892578 20.39470100402832 8
      vertex 23.29397201538086 21.471851348876953 8
      vertex 23.09442901611328 21.86347770690918 8
    endloop
  endfacet
  facet normal 0 0 1
    outer loop
      vertex 22.03366470336914 19.645545959472656 8
      vertex 23.497539520263672 19.318330764770508 8
      vertex 22.072956085205078 19.89361572265625 8
    endloop
  endfacet
  facet normal 0 0 1
    outer loop
      vertex 22.057209014892578 20.39470100402832 8
      vertex 23.09442901611328 21.86347770690918 8
      vertex 22.847373962402344 22.227006912231445 8
    endloop
  endfacet
  facet normal 0 0 1
    outer loop
      vertex 23.497539520263672 19.318330764770508 8
      vertex 22.03366470336914 19.645545959472656 8
      vertex 23.374914169311523 18.896249771118164 8
    endloop
  endfacet
  facet normal 0 0 1
    outer loop
      vertex 22.057209014892578 20.39470100402832 8
      vertex 22.847373962402344 22.227006912231445 8
      vertex 22.556705474853516 22.556705474853516 8
    endloop
  endfacet
  facet normal 0 0 1
    outer loop
      vertex 21.963592529296875 19.404356002807617 8
      vertex 23.374914169311523 18.896249771118164 8
      vertex 22.03366470336914 19.645545959472656 8
    endloop
  endfacet
  facet normal 0 0 1
    outer loop
      vertex 21.49604606628418 21.49604606628418 8
      vertex 22.556705474853516 22.556705474853516 8
      vertex 22.227006912231445 22.847373962402344 8
    endloop
  endfacet
  facet normal 0 0 1
    outer loop
      vertex 23.374914169311523 18.896249771118164 8
      vertex 21.963592529296875 19.404356002807617 8
      vertex 23.200355529785156 18.49286651611328 8
    endloop
  endfacet
  facet normal 0 0 1
    outer loop
      vertex 21.863845825195312 19.173851013183594 8
      vertex 23.200355529785156 18.49286651611328 8
      vertex 21.963592529296875 19.404356002807617 8
    endloop
  endfacet
  facet normal 0 0 1
    outer loop
      vertex 23.200355529785156 18.49286651611328 8
      vertex 21.863845825195312 19.173851013183594 8
      vertex 22.976613998413086 18.11454200744629 8
    endloop
  endfacet
  facet normal 0 0 1
    outer loop
      vertex 21.735992431640625 18.957666397094727 8
      vertex 22.976613998413086 18.11454200744629 8
      vertex 21.863845825195312 19.173851013183594 8
    endloop
  endfacet
  facet normal 0 0 1
    outer loop
      vertex 22.976613998413086 18.11454200744629 8
      vertex 21.735992431640625 18.957666397094727 8
      vertex 22.70722198486328 17.767240524291992 8
    endloop
  endfacet
  facet normal 0 0 1
    outer loop
      vertex 21.582054138183594 18.75920867919922 8
      vertex 22.70722198486328 17.767240524291992 8
      vertex 21.735992431640625 18.957666397094727 8
    endloop
  endfacet
  facet normal 0 0 1
    outer loop
      vertex 22.70722198486328 17.767240524291992 8
      vertex 21.582054138183594 18.75920867919922 8
      vertex 22.39642333984375 17.456443786621094 8
    endloop
  endfacet
  facet normal 0 0 1
    outer loop
      vertex 21.404455184936523 18.58161163330078 8
      vertex 22.39642333984375 17.456443786621094 8
      vertex 21.582054138183594 18.75920867919922 8
    endloop
  endfacet
  facet normal 0 0 1
    outer loop
      vertex 22.39642333984375 17.456443786621094 8
      vertex 21.404455184936523 18.58161163330078 8
      vertex 22.049123764038086 17.18705177307129 8
    endloop
  endfacet
  facet normal 0 0 1
    outer loop
      vertex 21.20599937438965 18.427671432495117 8
      vertex 22.049123764038086 17.18705177307129 8
      vertex 21.404455184936523 18.58161163330078 8
    endloop
  endfacet
  facet normal 0 0 1
    outer loop
      vertex 22.049123764038086 17.18705177307129 8
      vertex 21.20599937438965 18.427671432495117 8
      vertex 21.670799255371094 16.96331024169922 8
    endloop
  endfacet
  facet normal 0 0 1
    outer loop
      vertex 20.98981475830078 18.299819946289062 8
      vertex 21.670799255371094 16.96331024169922 8
      vertex 21.20599937438965 18.427671432495117 8
    endloop
  endfacet
  facet normal 0 0 1
    outer loop
      vertex 21.670799255371094 16.96331024169922 8
      vertex 20.98981475830078 18.299819946289062 8
      vertex 21.26741600036621 16.78875160217285 8
    endloop
  endfacet
  facet normal 0 0 1
    outer loop
      vertex 20.759307861328125 18.200071334838867 8
      vertex 21.26741600036621 16.78875160217285 8
      vertex 20.98981475830078 18.299819946289062 8
    endloop
  endfacet
  facet normal 0 0 1
    outer loop
      vertex 21.26741600036621 16.78875160217285 8
      vertex 20.759307861328125 18.200071334838867 8
      vertex 20.845333099365234 16.66612434387207 8
    endloop
  endfacet
  facet normal 0 0 1
    outer loop
      vertex 20.518117904663086 18.1299991607666 8
      vertex 20.845333099365234 16.66612434387207 8
      vertex 20.759307861328125 18.200071334838867 8
    endloop
  endfacet
  facet normal 0 0 1
    outer loop
      vertex 20.518117904663086 18.1299991607666 8
      vertex 20.411211013793945 16.597366333007812 8
      vertex 20.845333099365234 16.66612434387207 8
    endloop
  endfacet
  facet normal 0 0 1
    outer loop
      vertex 20.270050048828125 18.090709686279297 8
      vertex 20.411211013793945 16.597366333007812 8
      vertex 20.518117904663086 18.1299991607666 8
    endloop
  endfacet
  facet normal 0 0 1
    outer loop
      vertex 20.019010543823242 18.08281898498535 8
      vertex 20.411211013793945 16.597366333007812 8
      vertex 20.270050048828125 18.090709686279297 8
    endloop
  endfacet
  facet normal 0 0 1
    outer loop
      vertex 20.019010543823242 18.08281898498535 8
      vertex 19.971895217895508 16.583560943603516 8
      vertex 20.411211013793945 16.597366333007812 8
    endloop
  endfacet
  facet normal 0 0 1
    outer loop
      vertex 19.768964767456055 18.106456756591797 8
      vertex 19.971895217895508 16.583560943603516 8
      vertex 20.019010543823242 18.08281898498535 8
    endloop
  endfacet
  facet normal 0 0 1
    outer loop
      vertex 19.768964767456055 18.106456756591797 8
      vertex 19.534311294555664 16.624923706054688 8
      vertex 19.971895217895508 16.583560943603516 8
    endloop
  endfacet
  facet normal 0 0 1
    outer loop
      vertex 19.523849487304688 18.161245346069336 8
      vertex 19.534311294555664 16.624923706054688 8
      vertex 19.768964767456055 18.106456756591797 8
    endloop
  endfacet
  facet normal 0 0 1
    outer loop
      vertex 19.105363845825195 16.720806121826172 8
      vertex 19.523849487304688 18.161245346069336 8
      vertex 19.28753662109375 18.24632453918457 8
    endloop
  endfacet
  facet normal 0 0 1
    outer loop
      vertex 19.523849487304688 18.161245346069336 8
      vertex 19.105363845825195 16.720806121826172 8
      vertex 19.534311294555664 16.624923706054688 8
    endloop
  endfacet
  facet normal 0 0 1
    outer loop
      vertex 18.691814422607422 16.869691848754883 8
      vertex 19.28753662109375 18.24632453918457 8
      vertex 19.063749313354492 18.360349655151367 8
    endloop
  endfacet
  facet normal 0 0 1
    outer loop
      vertex 18.300188064575195 17.069236755371094 8
      vertex 19.063749313354492 18.360349655151367 8
      vertex 18.85601806640625 18.501523971557617 8
    endloop
  endfacet
  facet normal 0 0 1
    outer loop
      vertex 19.28753662109375 18.24632453918457 8
      vertex 18.691814422607422 16.869691848754883 8
      vertex 19.105363845825195 16.720806121826172 8
    endloop
  endfacet
  facet normal 0 0 1
    outer loop
      vertex 17.936656951904297 17.31629180908203 8
      vertex 18.85601806640625 18.501523971557617 8
      vertex 18.667619705200195 18.667619705200195 8
    endloop
  endfacet
  facet normal 0 0 1
    outer loop
      vertex 17.936656951904297 17.31629180908203 8
      vertex 18.667619705200195 18.667619705200195 8
      vertex 18.501523971557617 18.85601806640625 8
    endloop
  endfacet
  facet normal 0 0 1
    outer loop
      vertex 17.936656951904297 17.31629180908203 8
      vertex 18.501523971557617 18.85601806640625 8
      vertex 18.360349655151367 19.063749313354492 8
    endloop
  endfacet
  facet normal 0 0 1
    outer loop
      vertex 19.063749313354492 18.360349655151367 8
      vertex 18.300188064575195 17.069236755371094 8
      vertex 18.691814422607422 16.869691848754883 8
    endloop
  endfacet
  facet normal 0 0 1
    outer loop
      vertex 17.936656951904297 17.31629180908203 8
      vertex 18.360349655151367 19.063749313354492 8
      vertex 18.24632453918457 19.28753662109375 8
    endloop
  endfacet
  facet normal 0 0 1
    outer loop
      vertex 17.936656951904297 17.31629180908203 8
      vertex 18.24632453918457 19.28753662109375 8
      vertex 18.161245346069336 19.523849487304688 8
    endloop
  endfacet
  facet normal 0 0 1
    outer loop
      vertex 17.936656951904297 17.31629180908203 8
      vertex 18.161245346069336 19.523849487304688 8
      vertex 18.106456756591797 19.768964767456055 8
    endloop
  endfacet
  facet normal 0 0 1
    outer loop
      vertex 17.936656951904297 17.31629180908203 8
      vertex 18.106456756591797 19.768964767456055 8
      vertex 18.08281898498535 20.019010543823242 8
    endloop
  endfacet
  facet normal 0 0 1
    outer loop
      vertex 18.85601806640625 18.501523971557617 8
      vertex 17.936656951904297 17.31629180908203 8
      vertex 18.300188064575195 17.069236755371094 8
    endloop
  endfacet
  facet normal -0.9759163381937381 -0.21814513711409075 0
    outer loop
      vertex 23.538742065429688 20.629352569580078 8
      vertex 23.442859649658203 21.05830192565918 10
      vertex 23.442859649658203 21.05830192565918 8
    endloop
  endfacet
  facet normal -0.9759163381937381 -0.21814513711409075 0
    outer loop
      vertex 23.442859649658203 21.05830192565918 10
      vertex 23.538742065429688 20.629352569580078 8
      vertex 23.538742065429688 20.629352569580078 10
    endloop
  endfacet
  facet normal -0.0941062466528774 -0.9955621599583362 0
    outer loop
      vertex 20.191770553588867 23.58010482788086 8
      vertex 20.629352569580078 23.538742065429688 10
      vertex 20.191770553588867 23.58010482788086 10
    endloop
  endfacet
  facet normal -0.0941062466528774 -0.9955621599583362 0
    outer loop
      vertex 20.629352569580078 23.538742065429688 10
      vertex 20.191770553588867 23.58010482788086 8
      vertex 20.629352569580078 23.538742065429688 8
    endloop
  endfacet
  facet normal -0.27899286795927963 0.9602931737900962 0
    outer loop
      vertex 21.26741600036621 16.78875160217285 8
      vertex 20.845333099365234 16.66612434387207 10
      vertex 21.26741600036621 16.78875160217285 10
    endloop
  endfacet
  facet normal -0.27899286795927963 0.9602931737900962 0
    outer loop
      vertex 20.845333099365234 16.66612434387207 10
      vertex 21.26741600036621 16.78875160217285 8
      vertex 20.845333099365234 16.66612434387207 8
    endloop
  endfacet
  facet normal -0.9408802755004574 -0.33873929086272747 0
    outer loop
      vertex 23.442859649658203 21.05830192565918 8
      vertex 23.29397201538086 21.471851348876953 10
      vertex 23.29397201538086 21.471851348876953 8
    endloop
  endfacet
  facet normal -0.9408802755004574 -0.33873929086272747 0
    outer loop
      vertex 23.29397201538086 21.471851348876953 10
      vertex 23.442859649658203 21.05830192565918 8
      vertex 23.442859649658203 21.05830192565918 10
    endloop
  endfacet
  facet normal 0.5090431698709855 -0.8607409896174916 0
    outer loop
      vertex 18.11454200744629 22.976613998413086 8
      vertex 18.49286651611328 23.200355529785156 9.799999237060547
      vertex 18.11454200744629 22.976613998413086 9.799999237060547
    endloop
  endfacet
  facet normal 0.5090431698709855 -0.8607409896174916 0
    outer loop
      vertex 18.49286651611328 23.200355529785156 9.799999237060547
      vertex 18.11454200744629 22.976613998413086 8
      vertex 18.49286651611328 23.200355529785156 8
    endloop
  endfacet
  facet normal -0.03140924606679795 0.9995066079128819 0
    outer loop
      vertex 20.411211013793945 16.597366333007812 8
      vertex 19.971895217895508 16.583560943603516 10
      vertex 20.411211013793945 16.597366333007812 10
    endloop
  endfacet
  facet normal -0.03140924606679795 0.9995066079128819 0
    outer loop
      vertex 19.971895217895508 16.583560943603516 10
      vertex 20.411211013793945 16.597366333007812 8
      vertex 19.971895217895508 16.583560943603516 8
    endloop
  endfacet
  facet normal -0.987687837005978 0.156437644543929 0
    outer loop
      vertex 23.497539520263672 19.318330764770508 8
      vertex 23.566299438476562 19.75245475769043 10
      vertex 23.566299438476562 19.75245475769043 8
    endloop
  endfacet
  facet normal -0.987687837005978 0.156437644543929 0
    outer loop
      vertex 23.566299438476562 19.75245475769043 10
      vertex 23.497539520263672 19.318330764770508 8
      vertex 23.497539520263672 19.318330764770508 10
    endloop
  endfacet
  facet normal -0.8910070734714552 -0.4539894217091767 0
    outer loop
      vertex 23.29397201538086 21.471851348876953 8
      vertex 23.09442901611328 21.86347770690918 10
      vertex 23.09442901611328 21.86347770690918 8
    endloop
  endfacet
  facet normal -0.8910070734714552 -0.4539894217091767 0
    outer loop
      vertex 23.09442901611328 21.86347770690918 10
      vertex 23.29397201538086 21.471851348876953 8
      vertex 23.29397201538086 21.471851348876953 10
    endloop
  endfacet
  facet normal -0.7901579113780864 0.6129033162633566 0
    outer loop
      vertex 22.70722198486328 17.767240524291992 8
      vertex 22.976613998413086 18.11454200744629 10
      vertex 22.976613998413086 18.11454200744629 8
    endloop
  endfacet
  facet normal -0.7901579113780864 0.6129033162633566 0
    outer loop
      vertex 22.976613998413086 18.11454200744629 10
      vertex 22.70722198486328 17.767240524291992 8
      vertex 22.70722198486328 17.767240524291992 10
    endloop
  endfacet
  facet normal -0.8270796637227115 -0.5620847176861569 0
    outer loop
      vertex 23.09442901611328 21.86347770690918 8
      vertex 22.847373962402344 22.227006912231445 10
      vertex 22.847373962402344 22.227006912231445 8
    endloop
  endfacet
  facet normal -0.8270796637227115 -0.5620847176861569 0
    outer loop
      vertex 22.847373962402344 22.227006912231445 10
      vertex 23.09442901611328 21.86347770690918 8
      vertex 23.09442901611328 21.86347770690918 10
    endloop
  endfacet
  facet normal 0.790156281243307 -0.6129054178352057 0
    outer loop
      vertex 17.18705177307129 22.049123764038086 9.799999237060547
      vertex 17.456443786621094 22.39642333984375 8
      vertex 17.456443786621094 22.39642333984375 9.799999237060547
    endloop
  endfacet
  facet normal 0.790156281243307 -0.6129054178352057 0
    outer loop
      vertex 17.456443786621094 22.39642333984375 8
      vertex 17.18705177307129 22.049123764038086 9.799999237060547
      vertex 17.18705177307129 22.049123764038086 8
    endloop
  endfacet
  facet normal 0.8607409896174916 -0.5090431698709855 0
    outer loop
      vertex 16.96331024169922 21.670799255371094 9.799999237060547
      vertex 17.18705177307129 22.049123764038086 8
      vertex 17.18705177307129 22.049123764038086 9.799999237060547
    endloop
  endfacet
  facet normal 0.8607409896174916 -0.5090431698709855 0
    outer loop
      vertex 17.18705177307129 22.049123764038086 8
      vertex 16.96331024169922 21.670799255371094 9.799999237060547
      vertex 16.96331024169922 21.670799255371094 8
    endloop
  endfacet
  facet normal 0.6613095578721827 0.7501131039162683 0
    outer loop
      vertex 17.936656951904297 17.31629180908203 8
      vertex 17.606958389282227 17.606958389282227 9.799999237060547
      vertex 17.936656951904297 17.31629180908203 9.799999237060547
    endloop
  endfacet
  facet normal 0.6613095578721827 0.7501131039162683 0
    outer loop
      vertex 17.606958389282227 17.606958389282227 9.799999237060547
      vertex 17.936656951904297 17.31629180908203 8
      vertex 17.606958389282227 17.606958389282227 8
    endloop
  endfacet
  facet normal 0.33873816512375887 0.9408806807925163 0
    outer loop
      vertex 19.105363845825195 16.720806121826172 10
      vertex 19 16.758739471435547 9.799999237060547
      vertex 19 16.758739471435547 10
    endloop
  endfacet
  facet normal 0.33873816512375887 0.9408806807925163 0
    outer loop
      vertex 19.105363845825195 16.720806121826172 8
      vertex 19 16.758739471435547 9.799999237060547
      vertex 19.105363845825195 16.720806121826172 10
    endloop
  endfacet
  facet normal 0.33873544931075156 0.9408816585417163 -1.7957663457659162e-7
    outer loop
      vertex 18.691814422607422 16.869691848754883 8
      vertex 19 16.758739471435547 9.799999237060547
      vertex 19.105363845825195 16.720806121826172 8
    endloop
  endfacet
  facet normal 0.33873452081467553 0.9408819928176179 0
    outer loop
      vertex 19 16.758739471435547 9.799999237060547
      vertex 18.691814422607422 16.869691848754883 8
      vertex 18.691814422607422 16.869691848754883 9.799999237060547
    endloop
  endfacet
  facet normal -0.7637944460484075 0.6454595604572035 0
    outer loop
      vertex -25.988773345947266 5.966175079345703 0
      vertex -25.826658248901367 6.158011436462402 8
      vertex -25.826658248901367 6.158011436462402 0
    endloop
  endfacet
  facet normal -0.7637944460484075 0.6454595604572035 0
    outer loop
      vertex -25.826658248901367 6.158011436462402 8
      vertex -25.988773345947266 5.966175079345703 0
      vertex -25.988773345947266 5.966175079345703 8
    endloop
  endfacet
  facet normal -0.47254760086542924 0.8813051485815382 0
    outer loop
      vertex -26.378381729125977 5.6506757736206055 0
      vertex -26.599733352661133 5.531989097595215 8
      vertex -26.378381729125977 5.6506757736206055 8
    endloop
  endfacet
  facet normal -0.47254760086542924 0.8813051485815382 0
    outer loop
      vertex -26.599733352661133 5.531989097595215 8
      vertex -26.378381729125977 5.6506757736206055 0
      vertex -26.599733352661133 5.531989097595215 0
    endloop
  endfacet
  facet normal 0.9802721280569168 -0.1976526118086063 0
    outer loop
      vertex -29.413787841796875 7.621892929077148 8
      vertex -29.364145278930664 7.868098735809326 0
      vertex -29.364145278930664 7.868098735809326 8
    endloop
  endfacet
  facet normal 0.9802721280569168 -0.1976526118086063 0
    outer loop
      vertex -29.364145278930664 7.868098735809326 0
      vertex -29.413787841796875 7.621892929077148 8
      vertex -29.413787841796875 7.621892929077148 0
    endloop
  endfacet
  facet normal 0.9542407693846277 0.29903938543983466 0
    outer loop
      vertex -29.299453735351562 6.633724689483643 8
      vertex -29.374561309814453 6.87339448928833 0
      vertex -29.374561309814453 6.87339448928833 8
    endloop
  endfacet
  facet normal 0.9542407693846277 0.29903938543983466 0
    outer loop
      vertex -29.374561309814453 6.87339448928833 0
      vertex -29.299453735351562 6.633724689483643 8
      vertex -29.299453735351562 6.633724689483643 0
    endloop
  endfacet
  facet normal 0.13571588555744668 0.990747797578858 0
    outer loop
      vertex -27.57876968383789 5.355832576751709 0
      vertex -27.827608108520508 5.389919281005859 8
      vertex -27.57876968383789 5.355832576751709 8
    endloop
  endfacet
  facet normal 0.13571588555744668 0.990747797578858 0
    outer loop
      vertex -27.827608108520508 5.389919281005859 8
      vertex -27.57876968383789 5.355832576751709 0
      vertex -27.827608108520508 5.389919281005859 0
    endloop
  endfacet
  facet normal -0.9003212922106124 0.43522588479111984 0
    outer loop
      vertex -25.689865112304688 6.368653774261475 0
      vertex -25.58055305480957 6.594779968261719 8
      vertex -25.58055305480957 6.594779968261719 0
    endloop
  endfacet
  facet normal -0.9003212922106124 0.43522588479111984 0
    outer loop
      vertex -25.58055305480957 6.594779968261719 8
      vertex -25.689865112304688 6.368653774261475 0
      vertex -25.689865112304688 6.368653774261475 8
    endloop
  endfacet
  facet normal -0.23853283964432537 0.9711344316886382 0
    outer loop
      vertex -26.834211349487305 5.441981315612793 0
      vertex -27.078125 5.382070541381836 8
      vertex -26.834211349487305 5.441981315612793 8
    endloop
  endfacet
  facet normal -0.23853283964432537 0.9711344316886382 0
    outer loop
      vertex -27.078125 5.382070541381836 8
      vertex -26.834211349487305 5.441981315612793 0
      vertex -27.078125 5.382070541381836 0
    endloop
  endfacet
  facet normal -0.9092367299956916 -0.4162794359883055 0
    outer loop
      vertex -25.565134048461914 8.0671968460083 0
      vertex -25.669687271118164 8.295561790466309 8
      vertex -25.669687271118164 8.295561790466309 0
    endloop
  endfacet
  facet normal -0.9092367299956916 -0.4162794359883055 0
    outer loop
      vertex -25.669687271118164 8.295561790466309 8
      vertex -25.565134048461914 8.0671968460083 0
      vertex -25.565134048461914 8.0671968460083 8
    endloop
  endfacet
  facet normal 0.9986294059116247 0.052338414654967774 0
    outer loop
      vertex -29.419038772583008 7.120586395263672 8
      vertex -29.43218421936035 7.371404647827148 0
      vertex -29.43218421936035 7.371404647827148 8
    endloop
  endfacet
  facet normal 0.9986294059116247 0.052338414654967774 0
    outer loop
      vertex -29.43218421936035 7.371404647827148 0
      vertex -29.419038772583008 7.120586395263672 8
      vertex -29.419038772583008 7.120586395263672 0
    endloop
  endfacet
  facet normal 0.6768734036165658 -0.736099446730213 0
    outer loop
      vertex -28.87581443786621 8.734746932983398 0
      vertex -28.690933227539062 8.904752731323242 8
      vertex -28.87581443786621 8.734746932983398 8
    endloop
  endfacet
  facet normal 0.6768734036165658 -0.736099446730213 0
    outer loop
      vertex -28.690933227539062 8.904752731323242 8
      vertex -28.87581443786621 8.734746932983398 0
      vertex -28.690933227539062 8.904752731323242 0
    endloop
  endfacet
  facet normal -0.8386698350691913 0.5446401635437982 0
    outer loop
      vertex -25.826658248901367 6.158011436462402 0
      vertex -25.689865112304688 6.368653774261475 8
      vertex -25.689865112304688 6.368653774261475 0
    endloop
  endfacet
  facet normal -0.8386698350691913 0.5446401635437982 0
    outer loop
      vertex -25.689865112304688 6.368653774261475 8
      vertex -25.826658248901367 6.158011436462402 0
      vertex -25.826658248901367 6.158011436462402 8
    endloop
  endfacet
  facet normal -0.954238602353593 -0.29904630039219887 0
    outer loop
      vertex -25.49002456665039 7.827527046203613 0
      vertex -25.565134048461914 8.0671968460083 8
      vertex -25.565134048461914 8.0671968460083 0
    endloop
  endfacet
  facet normal -0.954238602353593 -0.29904630039219887 0
    outer loop
      vertex -25.565134048461914 8.0671968460083 8
      vertex -25.49002456665039 7.827527046203613 0
      vertex -25.49002456665039 7.827527046203613 8
    endloop
  endfacet
  facet normal 0.49090361046298975 0.8712138917822657 0
    outer loop
      vertex -28.30275535583496 5.549823760986328 0
      vertex -28.521570205688477 5.67311954498291 8
      vertex -28.30275535583496 5.549823760986328 8
    endloop
  endfacet
  facet normal 0.49090361046298975 0.8712138917822657 0
    outer loop
      vertex -28.521570205688477 5.67311954498291 8
      vertex -28.30275535583496 5.549823760986328 0
      vertex -28.521570205688477 5.67311954498291 0
    endloop
  endfacet
  facet normal -0.596226684028969 -0.8028161316589373 0
    outer loop
      vertex -26.343015670776367 9.027802467346191 0
      vertex -26.14137840270996 8.878052711486816 8
      vertex -26.343015670776367 9.027802467346191 8
    endloop
  endfacet
  facet normal -0.596226684028969 -0.8028161316589373 0
    outer loop
      vertex -26.14137840270996 8.878052711486816 8
      vertex -26.343015670776367 9.027802467346191 0
      vertex -26.14137840270996 8.878052711486816 0
    endloop
  endfacet
  facet normal 0.3778399380402602 0.925870931189511 0
    outer loop
      vertex -28.07021141052246 5.454924583435059 0
      vertex -28.30275535583496 5.549823760986328 8
      vertex -28.07021141052246 5.454924583435059 8
    endloop
  endfacet
  facet normal 0.3778399380402602 0.925870931189511 0
    outer loop
      vertex -28.30275535583496 5.549823760986328 8
      vertex -28.07021141052246 5.454924583435059 0
      vertex -28.30275535583496 5.549823760986328 0
    endloop
  endfacet
  facet normal -0.9986294059116247 -0.052338414654967774 0
    outer loop
      vertex -25.432403564453125 7.329516887664795 0
      vertex -25.44554901123047 7.5803351402282715 8
      vertex -25.44554901123047 7.5803351402282715 0
    endloop
  endfacet
  facet normal -0.9986294059116247 -0.052338414654967774 0
    outer loop
      vertex -25.44554901123047 7.5803351402282715 8
      vertex -25.432403564453125 7.329516887664795 0
      vertex -25.432403564453125 7.329516887664795 8
    endloop
  endfacet
  facet normal -0.7771446761239067 -0.6293219783006693 0
    outer loop
      vertex -25.802038192749023 8.50902271270752 0
      vertex -25.960100173950195 8.704212188720703 8
      vertex -25.960100173950195 8.704212188720703 0
    endloop
  endfacet
  facet normal -0.7771446761239067 -0.6293219783006693 0
    outer loop
      vertex -25.960100173950195 8.704212188720703 8
      vertex -25.802038192749023 8.50902271270752 0
      vertex -25.802038192749023 8.50902271270752 8
    endloop
  endfacet
  facet normal 0.838670398231706 -0.5446392963511463 0
    outer loop
      vertex -29.174720764160156 8.332267761230469 8
      vertex -29.037927627563477 8.5429105758667 0
      vertex -29.037927627563477 8.5429105758667 8
    endloop
  endfacet
  facet normal 0.838670398231706 -0.5446392963511463 0
    outer loop
      vertex -29.037927627563477 8.5429105758667 0
      vertex -29.174720764160156 8.332267761230469 8
      vertex -29.174720764160156 8.332267761230469 0
    endloop
  endfacet
  facet normal 0.25881883550144075 0.965925882451484 0
    outer loop
      vertex -27.827608108520508 5.389919281005859 0
      vertex -28.07021141052246 5.454924583435059 8
      vertex -27.827608108520508 5.389919281005859 8
    endloop
  endfacet
  facet normal 0.25881883550144075 0.965925882451484 0
    outer loop
      vertex -28.07021141052246 5.454924583435059 8
      vertex -27.827608108520508 5.389919281005859 0
      vertex -28.07021141052246 5.454924583435059 0
    endloop
  endfacet
  facet normal -0.9841965020997968 -0.17707977087890264 0
    outer loop
      vertex -25.44554901123047 7.5803351402282715 0
      vertex -25.49002456665039 7.827527046203613 8
      vertex -25.49002456665039 7.827527046203613 0
    endloop
  endfacet
  facet normal -0.9841965020997968 -0.17707977087890264 0
    outer loop
      vertex -25.49002456665039 7.827527046203613 8
      vertex -25.44554901123047 7.5803351402282715 0
      vertex -25.44554901123047 7.5803351402282715 8
    endloop
  endfacet
  facet normal 0.9003179568687731 -0.4352327843116117 0
    outer loop
      vertex -29.284034729003906 8.106142044067383 8
      vertex -29.174720764160156 8.332267761230469 0
      vertex -29.174720764160156 8.332267761230469 8
    endloop
  endfacet
  facet normal 0.9003179568687731 -0.4352327843116117 0
    outer loop
      vertex -29.174720764160156 8.332267761230469 0
      vertex -29.284034729003906 8.106142044067383 8
      vertex -29.284034729003906 8.106142044067383 0
    endloop
  endfacet
  facet normal 0.11494001541577527 -0.9933724341133195 0
    outer loop
      vertex -27.786462783813477 9.318851470947266 0
      vertex -27.536964416503906 9.3477201461792 8
      vertex -27.786462783813477 9.318851470947266 8
    endloop
  endfacet
  facet normal 0.11494001541577527 -0.9933724341133195 0
    outer loop
      vertex -27.536964416503906 9.3477201461792 8
      vertex -27.786462783813477 9.318851470947266 0
      vertex -27.536964416503906 9.3477201461792 0
    endloop
  endfacet
  facet normal 0.7637981899276471 -0.6454551301703706 0
    outer loop
      vertex -29.037927627563477 8.5429105758667 8
      vertex -28.87581443786621 8.734746932983398 0
      vertex -28.87581443786621 8.734746932983398 8
    endloop
  endfacet
  facet normal 0.7637981899276471 -0.6454551301703706 0
    outer loop
      vertex -28.87581443786621 8.734746932983398 0
      vertex -29.037927627563477 8.5429105758667 8
      vertex -29.037927627563477 8.5429105758667 0
    endloop
  endfacet
  facet normal 0.9973139921167669 -0.07324480273792501 0
    outer loop
      vertex -29.43218421936035 7.371404647827148 8
      vertex -29.413787841796875 7.621892929077148 0
      vertex -29.413787841796875 7.621892929077148 8
    endloop
  endfacet
  facet normal 0.9973139921167669 -0.07324480273792501 0
    outer loop
      vertex -29.413787841796875 7.621892929077148 0
      vertex -29.43218421936035 7.371404647827148 8
      vertex -29.43218421936035 7.371404647827148 0
    endloop
  endfacet
  facet normal -0.6921451473909127 -0.7217583355550607 0
    outer loop
      vertex -26.14137840270996 8.878052711486816 0
      vertex -25.960100173950195 8.704212188720703 8
      vertex -26.14137840270996 8.878052711486816 8
    endloop
  endfacet
  facet normal -0.6921451473909127 -0.7217583355550607 0
    outer loop
      vertex -25.960100173950195 8.704212188720703 8
      vertex -26.14137840270996 8.878052711486816 0
      vertex -25.960100173950195 8.704212188720703 0
    endloop
  endfacet
  facet normal -0.9802707308168002 0.1976595413935195 0
    outer loop
      vertex -25.500442504882812 6.832822799682617 0
      vertex -25.45079803466797 7.079029083251953 8
      vertex -25.45079803466797 7.079029083251953 0
    endloop
  endfacet
  facet normal -0.9802707308168002 0.1976595413935195 0
    outer loop
      vertex -25.45079803466797 7.079029083251953 8
      vertex -25.500442504882812 6.832822799682617 0
      vertex -25.500442504882812 6.832822799682617 8
    endloop
  endfacet
  facet normal 0.9841951785604454 0.17708712685673408 0
    outer loop
      vertex -29.374561309814453 6.87339448928833 8
      vertex -29.419038772583008 7.120586395263672 0
      vertex -29.419038772583008 7.120586395263672 8
    endloop
  endfacet
  facet normal 0.9841951785604454 0.17708712685673408 0
    outer loop
      vertex -29.419038772583008 7.120586395263672 0
      vertex -29.374561309814453 6.87339448928833 8
      vertex -29.374561309814453 6.87339448928833 0
    endloop
  endfacet
  facet normal -0.9477680653027257 0.31896033357194764 0
    outer loop
      vertex -25.58055305480957 6.594779968261719 0
      vertex -25.500442504882812 6.832822799682617 8
      vertex -25.500442504882812 6.832822799682617 0
    endloop
  endfacet
  facet normal -0.9477680653027257 0.31896033357194764 0
    outer loop
      vertex -25.500442504882812 6.832822799682617 8
      vertex -25.58055305480957 6.594779968261719 0
      vertex -25.58055305480957 6.594779968261719 8
    endloop
  endfacet
  facet normal 0.010474158456100132 0.9999451444977552 0
    outer loop
      vertex -27.327621459960938 5.353201866149902 0
      vertex -27.57876968383789 5.355832576751709 8
      vertex -27.327621459960938 5.353201866149902 8
    endloop
  endfacet
  facet normal 0.010474158456100132 0.9999451444977552 0
    outer loop
      vertex -27.57876968383789 5.355832576751709 8
      vertex -27.327621459960938 5.353201866149902 0
      vertex -27.57876968383789 5.355832576751709 0
    endloop
  endfacet
  facet normal -0.5792814981079759 0.8151275642191099 0
    outer loop
      vertex -26.17365264892578 5.796169281005859 0
      vertex -26.378381729125977 5.6506757736206055 8
      vertex -26.17365264892578 5.796169281005859 8
    endloop
  endfacet
  facet normal -0.5792814981079759 0.8151275642191099 0
    outer loop
      vertex -26.378381729125977 5.6506757736206055 8
      vertex -26.17365264892578 5.796169281005859 0
      vertex -26.378381729125977 5.6506757736206055 0
    endloop
  endfacet
  facet normal 0.9477682584502903 -0.3189597596470496 0
    outer loop
      vertex -29.364145278930664 7.868098735809326 8
      vertex -29.284034729003906 8.106142044067383 0
      vertex -29.284034729003906 8.106142044067383 8
    endloop
  endfacet
  facet normal 0.9477682584502903 -0.3189597596470496 0
    outer loop
      vertex -29.284034729003906 8.106142044067383 0
      vertex -29.364145278930664 7.868098735809326 8
      vertex -29.364145278930664 7.868098735809326 0
    endloop
  endfacet
  facet normal 0.47254760086542924 -0.8813051485815382 0
    outer loop
      vertex -28.4862060546875 9.050246238708496 0
      vertex -28.264854431152344 9.168932914733887 8
      vertex -28.4862060546875 9.050246238708496 8
    endloop
  endfacet
  facet normal 0.47254760086542924 -0.8813051485815382 0
    outer loop
      vertex -28.264854431152344 9.168932914733887 8
      vertex -28.4862060546875 9.050246238708496 0
      vertex -28.264854431152344 9.168932914733887 0
    endloop
  endfacet
  facet normal -0.8498935088900914 -0.5269544795772099 0
    outer loop
      vertex -25.669687271118164 8.295561790466309 0
      vertex -25.802038192749023 8.50902271270752 8
      vertex -25.802038192749023 8.50902271270752 0
    endloop
  endfacet
  facet normal -0.8498935088900914 -0.5269544795772099 0
    outer loop
      vertex -25.802038192749023 8.50902271270752 8
      vertex -25.669687271118164 8.295561790466309 0
      vertex -25.669687271118164 8.295561790466309 8
    endloop
  endfacet
  facet normal -0.3583683381845244 0.9335802773124883 0
    outer loop
      vertex -26.599733352661133 5.531989097595215 0
      vertex -26.834211349487305 5.441981315612793 8
      vertex -26.599733352661133 5.531989097595215 8
    endloop
  endfacet
  facet normal -0.3583683381845244 0.9335802773124883 0
    outer loop
      vertex -26.834211349487305 5.441981315612793 8
      vertex -26.599733352661133 5.531989097595215 0
      vertex -26.834211349487305 5.441981315612793 0
    endloop
  endfacet
  facet normal 0.7771476383037511 0.6293183203108758 0
    outer loop
      vertex -28.90448760986328 5.996709823608398 8
      vertex -29.06254768371582 6.191898822784424 0
      vertex -29.06254768371582 6.191898822784424 8
    endloop
  endfacet
  facet normal 0.7771476383037511 0.6293183203108758 0
    outer loop
      vertex -29.06254768371582 6.191898822784424 0
      vertex -28.90448760986328 5.996709823608398 8
      vertex -28.90448760986328 5.996709823608398 0
    endloop
  endfacet
  facet normal 0.2385345987987524 -0.9711339995983655 0
    outer loop
      vertex -28.03037452697754 9.258940696716309 0
      vertex -27.786462783813477 9.318851470947266 8
      vertex -28.03037452697754 9.258940696716309 8
    endloop
  endfacet
  facet normal 0.2385345987987524 -0.9711339995983655 0
    outer loop
      vertex -27.786462783813477 9.318851470947266 8
      vertex -28.03037452697754 9.258940696716309 0
      vertex -27.786462783813477 9.318851470947266 0
    endloop
  endfacet
  facet normal -0.11494088249960716 0.9933723337853796 0
    outer loop
      vertex -27.078125 5.382070541381836 0
      vertex -27.327621459960938 5.353201866149902 8
      vertex -27.078125 5.382070541381836 8
    endloop
  endfacet
  facet normal -0.11494088249960716 0.9933723337853796 0
    outer loop
      vertex -27.327621459960938 5.353201866149902 8
      vertex -27.078125 5.382070541381836 0
      vertex -27.327621459960938 5.353201866149902 0
    endloop
  endfacet
  facet normal 0.3583657974569302 -0.9335812526036812 0
    outer loop
      vertex -28.264854431152344 9.168932914733887 0
      vertex -28.03037452697754 9.258940696716309 8
      vertex -28.264854431152344 9.168932914733887 8
    endloop
  endfacet
  facet normal 0.3583657974569302 -0.9335812526036812 0
    outer loop
      vertex -28.03037452697754 9.258940696716309 8
      vertex -28.264854431152344 9.168932914733887 0
      vertex -28.03037452697754 9.258940696716309 0
    endloop
  endfacet
  facet normal 0.8498901078296598 0.5269599649055794 0
    outer loop
      vertex -29.06254768371582 6.191898822784424 8
      vertex -29.194900512695312 6.405359745025635 0
      vertex -29.194900512695312 6.405359745025635 8
    endloop
  endfacet
  facet normal 0.8498901078296598 0.5269599649055794 0
    outer loop
      vertex -29.194900512695312 6.405359745025635 0
      vertex -29.06254768371582 6.191898822784424 8
      vertex -29.06254768371582 6.191898822784424 0
    endloop
  endfacet
  facet normal -0.2588169369875066 -0.9659263911543183 0
    outer loop
      vertex -27.03697967529297 9.311002731323242 0
      vertex -26.794374465942383 9.245997428894043 8
      vertex -27.03697967529297 9.311002731323242 8
    endloop
  endfacet
  facet normal -0.2588169369875066 -0.9659263911543183 0
    outer loop
      vertex -26.794374465942383 9.245997428894043 8
      vertex -27.03697967529297 9.311002731323242 0
      vertex -26.794374465942383 9.245997428894043 0
    endloop
  endfacet
  facet normal -0.9973145366374827 0.07323738807168997 0
    outer loop
      vertex -25.45079803466797 7.079029083251953 0
      vertex -25.432403564453125 7.329516887664795 8
      vertex -25.432403564453125 7.329516887664795 0
    endloop
  endfacet
  facet normal -0.9973145366374827 0.07323738807168997 0
    outer loop
      vertex -25.432403564453125 7.329516887664795 8
      vertex -25.45079803466797 7.079029083251953 0
      vertex -25.45079803466797 7.079029083251953 8
    endloop
  endfacet
  facet normal 0.5792850839683339 -0.8151250158667691 0
    outer loop
      vertex -28.690933227539062 8.904752731323242 0
      vertex -28.4862060546875 9.050246238708496 8
      vertex -28.690933227539062 8.904752731323242 8
    endloop
  endfacet
  facet normal 0.5792850839683339 -0.8151250158667691 0
    outer loop
      vertex -28.4862060546875 9.050246238708496 8
      vertex -28.690933227539062 8.904752731323242 0
      vertex -28.4862060546875 9.050246238708496 0
    endloop
  endfacet
  facet normal 0.596226684028969 0.8028161316589373 0
    outer loop
      vertex -28.521570205688477 5.67311954498291 0
      vertex -28.723207473754883 5.822869300842285 8
      vertex -28.521570205688477 5.67311954498291 8
    endloop
  endfacet
  facet normal 0.596226684028969 0.8028161316589373 0
    outer loop
      vertex -28.723207473754883 5.822869300842285 8
      vertex -28.521570205688477 5.67311954498291 0
      vertex -28.723207473754883 5.822869300842285 0
    endloop
  endfacet
  facet normal 0.6921413536825468 0.7217619735913575 0
    outer loop
      vertex -28.723207473754883 5.822869300842285 0
      vertex -28.90448760986328 5.996709823608398 8
      vertex -28.723207473754883 5.822869300842285 8
    endloop
  endfacet
  facet normal 0.6921413536825468 0.7217619735913575 0
    outer loop
      vertex -28.90448760986328 5.996709823608398 8
      vertex -28.723207473754883 5.822869300842285 0
      vertex -28.90448760986328 5.996709823608398 0
    endloop
  endfacet
  facet normal -0.4909003626076088 -0.8712157218460409 0
    outer loop
      vertex -26.561832427978516 9.151098251342773 0
      vertex -26.343015670776367 9.027802467346191 8
      vertex -26.561832427978516 9.151098251342773 8
    endloop
  endfacet
  facet normal -0.4909003626076088 -0.8712157218460409 0
    outer loop
      vertex -26.343015670776367 9.027802467346191 8
      vertex -26.561832427978516 9.151098251342773 0
      vertex -26.343015670776367 9.027802467346191 0
    endloop
  endfacet
  facet normal -0.37784259470410225 -0.9258698470234741 0
    outer loop
      vertex -26.794374465942383 9.245997428894043 0
      vertex -26.561832427978516 9.151098251342773 8
      vertex -26.794374465942383 9.245997428894043 8
    endloop
  endfacet
  facet normal -0.37784259470410225 -0.9258698470234741 0
    outer loop
      vertex -26.561832427978516 9.151098251342773 8
      vertex -26.794374465942383 9.245997428894043 0
      vertex -26.561832427978516 9.151098251342773 0
    endloop
  endfacet
  facet normal -0.6768771873378713 0.736095967426512 0
    outer loop
      vertex -25.988773345947266 5.966175079345703 0
      vertex -26.17365264892578 5.796169281005859 8
      vertex -25.988773345947266 5.966175079345703 8
    endloop
  endfacet
  facet normal -0.6768771873378713 0.736095967426512 0
    outer loop
      vertex -26.17365264892578 5.796169281005859 8
      vertex -25.988773345947266 5.966175079345703 0
      vertex -26.17365264892578 5.796169281005859 0
    endloop
  endfacet
  facet normal 0.9092367299956916 0.4162794359883055 0
    outer loop
      vertex -29.194900512695312 6.405359745025635 8
      vertex -29.299453735351562 6.633724689483643 0
      vertex -29.299453735351562 6.633724689483643 8
    endloop
  endfacet
  facet normal 0.9092367299956916 0.4162794359883055 0
    outer loop
      vertex -29.299453735351562 6.633724689483643 0
      vertex -29.194900512695312 6.405359745025635 8
      vertex -29.194900512695312 6.405359745025635 0
    endloop
  endfacet
  facet normal -0.010476136324470208 -0.9999451237781556 0
    outer loop
      vertex -27.536964416503906 9.3477201461792 0
      vertex -27.285818099975586 9.345088958740234 8
      vertex -27.536964416503906 9.3477201461792 8
    endloop
  endfacet
  facet normal -0.010476136324470208 -0.9999451237781556 0
    outer loop
      vertex -27.285818099975586 9.345088958740234 8
      vertex -27.536964416503906 9.3477201461792 0
      vertex -27.285818099975586 9.345088958740234 0
    endloop
  endfacet
  facet normal -0.13571402200267194 -0.9907480528529231 0
    outer loop
      vertex -27.285818099975586 9.345088958740234 0
      vertex -27.03697967529297 9.311002731323242 8
      vertex -27.285818099975586 9.345088958740234 8
    endloop
  endfacet
  facet normal -0.13571402200267194 -0.9907480528529231 0
    outer loop
      vertex -27.03697967529297 9.311002731323242 8
      vertex -27.285818099975586 9.345088958740234 0
      vertex -27.03697967529297 9.311002731323242 0
    endloop
  endfacet
  facet normal 0.9802716140115215 -0.197655161236044 0
    outer loop
      vertex -30.89990997314453 7.825466156005859 10
      vertex -30.813034057617188 8.256327629089355 8
      vertex -30.813034057617188 8.256327629089355 10
    endloop
  endfacet
  facet normal 0.9802716140115215 -0.197655161236044 0
    outer loop
      vertex -30.813034057617188 8.256327629089355 8
      vertex -30.89990997314453 7.825466156005859 10
      vertex -30.89990997314453 7.825466156005859 8
    endloop
  endfacet
  facet normal 0.8498922359093699 0.5269565326864939 0
    outer loop
      vertex -30.285240173339844 5.322977542877197 10
      vertex -30.516855239868164 5.696533679962158 8
      vertex -30.516855239868164 5.696533679962158 10
    endloop
  endfacet
  facet normal 0.8498922359093699 0.5269565326864939 0
    outer loop
      vertex -30.516855239868164 5.696533679962158 8
      vertex -30.285240173339844 5.322977542877197 10
      vertex -30.285240173339844 5.322977542877197 8
    endloop
  endfacet
  facet normal 0.9841954611981684 0.17708555603697462 0
    outer loop
      vertex -30.831262588500977 6.515594482421875 10
      vertex -30.90909767150879 6.948181629180908 8
      vertex -30.90909767150879 6.948181629180908 10
    endloop
  endfacet
  facet normal 0.9841954611981684 0.17708555603697462 0
    outer loop
      vertex -30.90909767150879 6.948181629180908 8
      vertex -30.831262588500977 6.515594482421875 10
      vertex -30.831262588500977 6.515594482421875 8
    endloop
  endfacet
  facet normal -0.2588208962421312 -0.9659253302758034 0
    outer loop
      vertex -26.74049186706543 10.781410217285156 8
      vertex -26.315937042236328 10.66765022277832 10
      vertex -26.74049186706543 10.781410217285156 10
    endloop
  endfacet
  facet normal -0.2588208962421312 -0.9659253302758034 0
    outer loop
      vertex -26.315937042236328 10.66765022277832 10
      vertex -26.74049186706543 10.781410217285156 8
      vertex -26.315937042236328 10.66765022277832 8
    endloop
  endfacet
  facet normal 0.9986296267696578 0.052334200461016826 0
    outer loop
      vertex -30.90909767150879 6.948181629180908 10
      vertex -30.932100296020508 7.387112617492676 8
      vertex -30.932100296020508 7.387112617492676 10
    endloop
  endfacet
  facet normal 0.9986296267696578 0.052334200461016826 0
    outer loop
      vertex -30.932100296020508 7.387112617492676 8
      vertex -30.90909767150879 6.948181629180908 10
      vertex -30.90909767150879 6.948181629180908 8
    endloop
  endfacet
  facet normal 0.7771459521161902 0.6293204025847409 0
    outer loop
      vertex -30.00863265991211 4.981395721435547 10
      vertex -30.285240173339844 5.322977542877197 8
      vertex -30.285240173339844 5.322977542877197 10
    endloop
  endfacet
  facet normal 0.7771459521161902 0.6293204025847409 0
    outer loop
      vertex -30.285240173339844 5.322977542877197 8
      vertex -30.00863265991211 4.981395721435547 10
      vertex -30.00863265991211 4.981395721435547 8
    endloop
  endfacet
  facet normal -0.2385335935645699 0.9711342465082634 0
    outer loop
      vertex -26.385650634765625 4.010621070861816 8
      vertex -26.812498092651367 3.9057772159576416 10
      vertex -26.385650634765625 4.010621070861816 10
    endloop
  endfacet
  facet normal -0.2385335935645699 0.9711342465082634 0
    outer loop
      vertex -26.812498092651367 3.9057772159576416 10
      vertex -26.385650634765625 4.010621070861816 8
      vertex -26.812498092651367 3.9057772159576416 8
    endloop
  endfacet
  facet normal 0.9477676269735558 -0.31896163603310496 0
    outer loop
      vertex -30.813034057617188 8.256327629089355 10
      vertex -30.672840118408203 8.67290210723877 8
      vertex -30.672840118408203 8.67290210723877 10
    endloop
  endfacet
  facet normal 0.9477676269735558 -0.31896163603310496 0
    outer loop
      vertex -30.672840118408203 8.67290210723877 8
      vertex -30.813034057617188 8.256327629089355 10
      vertex -30.813034057617188 8.256327629089355 8
    endloop
  endfacet
  facet normal -0.9986293999680219 -0.052338528060203095 0
    outer loop
      vertex -23.932485580444336 7.313808917999268 8
      vertex -23.955490112304688 7.752739906311035 10
      vertex -23.955490112304688 7.752739906311035 8
    endloop
  endfacet
  facet normal -0.9986293999680219 -0.052338528060203095 0
    outer loop
      vertex -23.955490112304688 7.752739906311035 10
      vertex -23.932485580444336 7.313808917999268 8
      vertex -23.932485580444336 7.313808917999268 10
    endloop
  endfacet
  facet normal 0.47255121529976385 -0.8813032105460165 0
    outer loop
      vertex -29.27663803100586 10.325084686279297 8
      vertex -28.8892765045166 10.53278636932373 10
      vertex -29.27663803100586 10.325084686279297 10
    endloop
  endfacet
  facet normal 0.47255121529976385 -0.8813032105460165 0
    outer loop
      vertex -28.8892765045166 10.53278636932373 10
      vertex -29.27663803100586 10.325084686279297 8
      vertex -28.8892765045166 10.53278636932373 8
    endloop
  endfacet
  facet normal -0.6768782684055861 0.7360949733290231 0
    outer loop
      vertex -24.9061336517334 4.927960395812988 8
      vertex -25.229671478271484 4.630450248718262 10
      vertex -24.9061336517334 4.927960395812988 10
    endloop
  endfacet
  facet normal -0.6768782684055861 0.7360949733290231 0
    outer loop
      vertex -25.229671478271484 4.630450248718262 10
      vertex -24.9061336517334 4.927960395812988 8
      vertex -25.229671478271484 4.630450248718262 8
    endloop
  endfacet
  facet normal 0.6921437808976593 0.7217596459796662 0
    outer loop
      vertex -29.691394805908203 4.677175045013428 8
      vertex -30.00863265991211 4.981395721435547 10
      vertex -29.691394805908203 4.677175045013428 10
    endloop
  endfacet
  facet normal 0.6921437808976593 0.7217596459796662 0
    outer loop
      vertex -30.00863265991211 4.981395721435547 10
      vertex -29.691394805908203 4.677175045013428 8
      vertex -30.00863265991211 4.981395721435547 8
    endloop
  endfacet
  facet normal 0.37784226301208607 0.9258699823851648 0
    outer loop
      vertex -28.54865074157715 4.033271312713623 8
      vertex -28.955602645874023 4.19934606552124 10
      vertex -28.54865074157715 4.033271312713623 10
    endloop
  endfacet
  facet normal 0.37784226301208607 0.9258699823851648 0
    outer loop
      vertex -28.955602645874023 4.19934606552124 10
      vertex -28.54865074157715 4.033271312713623 8
      vertex -28.955602645874023 4.19934606552124 8
    endloop
  endfacet
  facet normal -0.947767737344697 0.31896130807437056 0
    outer loop
      vertex -24.191747665405273 6.028019428253174 8
      vertex -24.05155372619629 6.444594383239746 10
      vertex -24.05155372619629 6.444594383239746 8
    endloop
  endfacet
  facet normal -0.947767737344697 0.31896130807437056 0
    outer loop
      vertex -24.05155372619629 6.444594383239746 10
      vertex -24.191747665405273 6.028019428253174 8
      vertex -24.191747665405273 6.028019428253174 10
    endloop
  endfacet
  facet normal 0.23853511037070965 -0.9711338739434606 0
    outer loop
      vertex -28.47893524169922 10.690300941467285 8
      vertex -28.05208969116211 10.795145034790039 10
      vertex -28.47893524169922 10.690300941467285 10
    endloop
  endfacet
  facet normal 0.23853511037070965 -0.9711338739434606 0
    outer loop
      vertex -28.05208969116211 10.795145034790039 10
      vertex -28.47893524169922 10.690300941467285 8
      vertex -28.05208969116211 10.795145034790039 8
    endloop
  endfacet
  facet normal -0.7771442594489795 -0.6293224928488551 0
    outer loop
      vertex -24.579345703125 9.377943992614746 8
      vertex -24.855955123901367 9.719526290893555 10
      vertex -24.855955123901367 9.719526290893555 8
    endloop
  endfacet
  facet normal -0.7771442594489795 -0.6293224928488551 0
    outer loop
      vertex -24.855955123901367 9.719526290893555 10
      vertex -24.579345703125 9.377943992614746 8
      vertex -24.579345703125 9.377943992614746 10
    endloop
  endfacet
  facet normal -0.49090309421795897 -0.8712141826710775 0
    outer loop
      vertex -25.908985137939453 10.501575469970703 8
      vertex -25.526058197021484 10.285807609558105 10
      vertex -25.908985137939453 10.501575469970703 10
    endloop
  endfacet
  facet normal -0.49090309421795897 -0.8712141826710775 0
    outer loop
      vertex -25.526058197021484 10.285807609558105 10
      vertex -25.908985137939453 10.501575469970703 8
      vertex -25.526058197021484 10.285807609558105 8
    endloop
  endfacet
  facet normal -0.47254940807667856 0.8813041795693362 0
    outer loop
      vertex -25.587947845458984 4.375837326049805 8
      vertex -25.975311279296875 4.168135643005371 10
      vertex -25.587947845458984 4.375837326049805 10
    endloop
  endfacet
  facet normal -0.47254940807667856 0.8813041795693362 0
    outer loop
      vertex -25.975311279296875 4.168135643005371 10
      vertex -25.587947845458984 4.375837326049805 8
      vertex -25.975311279296875 4.168135643005371 8
    endloop
  endfacet
  facet normal -0.5962252856002067 -0.8028171702267909 0
    outer loop
      vertex -25.526058197021484 10.285807609558105 8
      vertex -25.173192977905273 10.023746490478516 10
      vertex -25.526058197021484 10.285807609558105 10
    endloop
  endfacet
  facet normal -0.5962252856002067 -0.8028171702267909 0
    outer loop
      vertex -25.173192977905273 10.023746490478516 10
      vertex -25.526058197021484 10.285807609558105 8
      vertex -25.173192977905273 10.023746490478516 8
    endloop
  endfacet
  facet normal 0.5962245863837903 0.8028176895108118 0
    outer loop
      vertex -29.338529586791992 4.415114402770996 8
      vertex -29.691394805908203 4.677175045013428 10
      vertex -29.338529586791992 4.415114402770996 10
    endloop
  endfacet
  facet normal 0.5962245863837903 0.8028176895108118 0
    outer loop
      vertex -29.691394805908203 4.677175045013428 10
      vertex -29.338529586791992 4.415114402770996 8
      vertex -29.691394805908203 4.677175045013428 8
    endloop
  endfacet
  facet normal 0.5792799046073629 -0.8151286966596653 0
    outer loop
      vertex -29.63491439819336 10.07047176361084 8
      vertex -29.27663803100586 10.325084686279297 10
      vertex -29.63491439819336 10.07047176361084 10
    endloop
  endfacet
  facet normal 0.5792799046073629 -0.8151286966596653 0
    outer loop
      vertex -29.27663803100586 10.325084686279297 10
      vertex -29.63491439819336 10.07047176361084 8
      vertex -29.27663803100586 10.325084686279297 8
    endloop
  endfacet
  facet normal -0.9092352755052668 -0.41628261286878354 0
    outer loop
      vertex -24.164762496948242 8.604748725891113 8
      vertex -24.347732543945312 9.004387855529785 10
      vertex -24.347732543945312 9.004387855529785 8
    endloop
  endfacet
  facet normal -0.9092352755052668 -0.41628261286878354 0
    outer loop
      vertex -24.347732543945312 9.004387855529785 10
      vertex -24.164762496948242 8.604748725891113 8
      vertex -24.164762496948242 8.604748725891113 10
    endloop
  endfacet
  facet normal -0.7637956588500076 0.6454581253047194 0
    outer loop
      vertex -24.9061336517334 4.927960395812988 8
      vertex -24.622432708740234 5.263674736022949 10
      vertex -24.622432708740234 5.263674736022949 8
    endloop
  endfacet
  facet normal -0.7637956588500076 0.6454581253047194 0
    outer loop
      vertex -24.622432708740234 5.263674736022949 10
      vertex -24.9061336517334 4.927960395812988 8
      vertex -24.9061336517334 4.927960395812988 10
    endloop
  endfacet
  facet normal 0.11493771067574579 -0.9933727007848658 0
    outer loop
      vertex -28.05208969116211 10.795145034790039 8
      vertex -27.615468978881836 10.845664024353027 10
      vertex -28.05208969116211 10.795145034790039 10
    endloop
  endfacet
  facet normal 0.11493771067574579 -0.9933727007848658 0
    outer loop
      vertex -27.615468978881836 10.845664024353027 10
      vertex -28.05208969116211 10.795145034790039 8
      vertex -27.615468978881836 10.845664024353027 8
    endloop
  endfacet
  facet normal -0.954239956206388 -0.29904198029579515 0
    outer loop
      vertex -24.033323287963867 8.185327529907227 8
      vertex -24.164762496948242 8.604748725891113 10
      vertex -24.164762496948242 8.604748725891113 8
    endloop
  endfacet
  facet normal -0.954239956206388 -0.29904198029579515 0
    outer loop
      vertex -24.164762496948242 8.604748725891113 10
      vertex -24.033323287963867 8.185327529907227 8
      vertex -24.033323287963867 8.185327529907227 10
    endloop
  endfacet
  facet normal 0.9973145351827489 -0.07323740788161025 0
    outer loop
      vertex -30.932100296020508 7.387112617492676 10
      vertex -30.89990997314453 7.825466156005859 8
      vertex -30.89990997314453 7.825466156005859 10
    endloop
  endfacet
  facet normal 0.9973145351827489 -0.07323740788161025 0
    outer loop
      vertex -30.89990997314453 7.825466156005859 8
      vertex -30.932100296020508 7.387112617492676 10
      vertex -30.932100296020508 7.387112617492676 8
    endloop
  endfacet
  facet normal -0.010473367615350669 -0.9999451527812881 0
    outer loop
      vertex -27.615468978881836 10.845664024353027 8
      vertex -27.175960540771484 10.841060638427734 10
      vertex -27.615468978881836 10.845664024353027 10
    endloop
  endfacet
  facet normal -0.010473367615350669 -0.9999451527812881 0
    outer loop
      vertex -27.175960540771484 10.841060638427734 10
      vertex -27.615468978881836 10.845664024353027 8
      vertex -27.175960540771484 10.841060638427734 8
    endloop
  endfacet
  facet normal 0.9542411945032072 0.2990380288744097 0
    outer loop
      vertex -30.699825286865234 6.096173286437988 10
      vertex -30.831262588500977 6.515594482421875 8
      vertex -30.831262588500977 6.515594482421875 10
    endloop
  endfacet
  facet normal 0.9542411945032072 0.2990380288744097 0
    outer loop
      vertex -30.831262588500977 6.515594482421875 8
      vertex -30.699825286865234 6.096173286437988 10
      vertex -30.699825286865234 6.096173286437988 8
    endloop
  endfacet
  facet normal -0.9973142123950692 0.07324180332844471 0
    outer loop
      vertex -23.964677810668945 6.875455856323242 8
      vertex -23.932485580444336 7.313808917999268 10
      vertex -23.932485580444336 7.313808917999268 8
    endloop
  endfacet
  facet normal -0.9973142123950692 0.07324180332844471 0
    outer loop
      vertex -23.932485580444336 7.313808917999268 10
      vertex -23.964677810668945 6.875455856323242 8
      vertex -23.964677810668945 6.875455856323242 10
    endloop
  endfacet
  facet normal -0.37784226301208607 -0.9258699823851648 0
    outer loop
      vertex -26.315937042236328 10.66765022277832 8
      vertex -25.908985137939453 10.501575469970703 10
      vertex -26.315937042236328 10.66765022277832 10
    endloop
  endfacet
  facet normal -0.37784226301208607 -0.9258699823851648 0
    outer loop
      vertex -25.908985137939453 10.501575469970703 10
      vertex -26.315937042236328 10.66765022277832 8
      vertex -25.908985137939453 10.501575469970703 8
    endloop
  endfacet
  facet normal -0.8386704110601926 0.5446392765970222 0
    outer loop
      vertex -24.622432708740234 5.263674736022949 8
      vertex -24.383045196533203 5.632298946380615 10
      vertex -24.383045196533203 5.632298946380615 8
    endloop
  endfacet
  facet normal -0.8386704110601926 0.5446392765970222 0
    outer loop
      vertex -24.383045196533203 5.632298946380615 10
      vertex -24.622432708740234 5.263674736022949 8
      vertex -24.622432708740234 5.263674736022949 10
    endloop
  endfacet
  facet normal 0.258818799165613 0.9659258921876306 0
    outer loop
      vertex -28.124094009399414 3.9195117950439453 8
      vertex -28.54865074157715 4.033271312713623 10
      vertex -28.124094009399414 3.9195117950439453 10
    endloop
  endfacet
  facet normal 0.258818799165613 0.9659258921876306 0
    outer loop
      vertex -28.54865074157715 4.033271312713623 10
      vertex -28.124094009399414 3.9195117950439453 8
      vertex -28.54865074157715 4.033271312713623 8
    endloop
  endfacet
  facet normal -0.1149382061425842 0.9933726434569883 0
    outer loop
      vertex -26.812498092651367 3.9057772159576416 8
      vertex -27.249116897583008 3.8552582263946533 10
      vertex -26.812498092651367 3.9057772159576416 10
    endloop
  endfacet
  facet normal -0.1149382061425842 0.9933726434569883 0
    outer loop
      vertex -27.249116897583008 3.8552582263946533 10
      vertex -26.812498092651367 3.9057772159576416 8
      vertex -27.249116897583008 3.8552582263946533 8
    endloop
  endfacet
  facet normal -0.35836805150763373 0.9335803873575226 0
    outer loop
      vertex -25.975311279296875 4.168135643005371 8
      vertex -26.385650634765625 4.010621070861816 10
      vertex -25.975311279296875 4.168135643005371 10
    endloop
  endfacet
  facet normal -0.35836805150763373 0.9335803873575226 0
    outer loop
      vertex -26.385650634765625 4.010621070861816 10
      vertex -25.975311279296875 4.168135643005371 8
      vertex -26.385650634765625 4.010621070861816 8
    endloop
  endfacet
  facet normal -0.5792799046073629 0.8151286966596653 0
    outer loop
      vertex -25.229671478271484 4.630450248718262 8
      vertex -25.587947845458984 4.375837326049805 10
      vertex -25.229671478271484 4.630450248718262 10
    endloop
  endfacet
  facet normal -0.5792799046073629 0.8151286966596653 0
    outer loop
      vertex -25.587947845458984 4.375837326049805 10
      vertex -25.229671478271484 4.630450248718262 8
      vertex -25.587947845458984 4.375837326049805 8
    endloop
  endfacet
  facet normal -0.9003198627835663 0.4352288417342998 0
    outer loop
      vertex -24.383045196533203 5.632298946380615 8
      vertex -24.191747665405273 6.028019428253174 10
      vertex -24.191747665405273 6.028019428253174 8
    endloop
  endfacet
  facet normal -0.9003198627835663 0.4352288417342998 0
    outer loop
      vertex -24.191747665405273 6.028019428253174 10
      vertex -24.383045196533203 5.632298946380615 8
      vertex -24.383045196533203 5.632298946380615 10
    endloop
  endfacet
  facet normal 0 0 1
    outer loop
      vertex -25.432403564453125 7.329516887664795 8
      vertex -23.932485580444336 7.313808917999268 8
      vertex -23.955490112304688 7.752739906311035 8
    endloop
  endfacet
  facet normal 0 0 1
    outer loop
      vertex -25.44554901123047 7.5803351402282715 8
      vertex -23.955490112304688 7.752739906311035 8
      vertex -24.033323287963867 8.185327529907227 8
    endloop
  endfacet
  facet normal 0 0 1
    outer loop
      vertex -23.932485580444336 7.313808917999268 8
      vertex -25.432403564453125 7.329516887664795 8
      vertex -23.964677810668945 6.875455856323242 8
    endloop
  endfacet
  facet normal 0 0 1
    outer loop
      vertex -25.49002456665039 7.827527046203613 8
      vertex -24.033323287963867 8.185327529907227 8
      vertex -24.164762496948242 8.604748725891113 8
    endloop
  endfacet
  facet normal 0 0 1
    outer loop
      vertex -25.45079803466797 7.079029083251953 8
      vertex -23.964677810668945 6.875455856323242 8
      vertex -25.432403564453125 7.329516887664795 8
    endloop
  endfacet
  facet normal 0 0 1
    outer loop
      vertex -25.565134048461914 8.0671968460083 8
      vertex -24.164762496948242 8.604748725891113 8
      vertex -24.347732543945312 9.004387855529785 8
    endloop
  endfacet
  facet normal 0 0 1
    outer loop
      vertex -23.964677810668945 6.875455856323242 8
      vertex -25.45079803466797 7.079029083251953 8
      vertex -24.05155372619629 6.444594383239746 8
    endloop
  endfacet
  facet normal 0 0 1
    outer loop
      vertex -25.669687271118164 8.295561790466309 8
      vertex -24.347732543945312 9.004387855529785 8
      vertex -24.579345703125 9.377943992614746 8
    endloop
  endfacet
  facet normal 0 0 1
    outer loop
      vertex -25.500442504882812 6.832822799682617 8
      vertex -24.05155372619629 6.444594383239746 8
      vertex -25.45079803466797 7.079029083251953 8
    endloop
  endfacet
  facet normal 0 0 1
    outer loop
      vertex -25.802038192749023 8.50902271270752 8
      vertex -24.579345703125 9.377943992614746 8
      vertex -24.855955123901367 9.719526290893555 8
    endloop
  endfacet
  facet normal 0 0 1
    outer loop
      vertex -24.05155372619629 6.444594383239746 8
      vertex -25.500442504882812 6.832822799682617 8
      vertex -24.191747665405273 6.028019428253174 8
    endloop
  endfacet
  facet normal 0 0 1
    outer loop
      vertex -25.960100173950195 8.704212188720703 8
      vertex -24.855955123901367 9.719526290893555 8
      vertex -25.173192977905273 10.023746490478516 8
    endloop
  endfacet
  facet normal 0 0 1
    outer loop
      vertex -25.58055305480957 6.594779968261719 8
      vertex -24.191747665405273 6.028019428253174 8
      vertex -25.500442504882812 6.832822799682617 8
    endloop
  endfacet
  facet normal 0 0 1
    outer loop
      vertex -24.191747665405273 6.028019428253174 8
      vertex -25.58055305480957 6.594779968261719 8
      vertex -24.383045196533203 5.632298946380615 8
    endloop
  endfacet
  facet normal 0 0 1
    outer loop
      vertex -23.955490112304688 7.752739906311035 8
      vertex -25.44554901123047 7.5803351402282715 8
      vertex -25.432403564453125 7.329516887664795 8
    endloop
  endfacet
  facet normal 0 0 1
    outer loop
      vertex -24.033323287963867 8.185327529907227 8
      vertex -25.49002456665039 7.827527046203613 8
      vertex -25.44554901123047 7.5803351402282715 8
    endloop
  endfacet
  facet normal 0 0 1
    outer loop
      vertex -26.14137840270996 8.878052711486816 8
      vertex -25.173192977905273 10.023746490478516 8
      vertex -25.526058197021484 10.285807609558105 8
    endloop
  endfacet
  facet normal 0 0 1
    outer loop
      vertex -24.164762496948242 8.604748725891113 8
      vertex -25.565134048461914 8.0671968460083 8
      vertex -25.49002456665039 7.827527046203613 8
    endloop
  endfacet
  facet normal 0 0 1
    outer loop
      vertex -24.347732543945312 9.004387855529785 8
      vertex -25.669687271118164 8.295561790466309 8
      vertex -25.565134048461914 8.0671968460083 8
    endloop
  endfacet
  facet normal 0 0 1
    outer loop
      vertex -24.579345703125 9.377943992614746 8
      vertex -25.802038192749023 8.50902271270752 8
      vertex -25.669687271118164 8.295561790466309 8
    endloop
  endfacet
  facet normal 0 0 1
    outer loop
      vertex -26.343015670776367 9.027802467346191 8
      vertex -25.526058197021484 10.285807609558105 8
      vertex -25.908985137939453 10.501575469970703 8
    endloop
  endfacet
  facet normal 0 0 1
    outer loop
      vertex -24.855955123901367 9.719526290893555 8
      vertex -25.960100173950195 8.704212188720703 8
      vertex -25.802038192749023 8.50902271270752 8
    endloop
  endfacet
  facet normal 0 0 1
    outer loop
      vertex -25.173192977905273 10.023746490478516 8
      vertex -26.14137840270996 8.878052711486816 8
      vertex -25.960100173950195 8.704212188720703 8
    endloop
  endfacet
  facet normal 0 0 1
    outer loop
      vertex -26.561832427978516 9.151098251342773 8
      vertex -25.908985137939453 10.501575469970703 8
      vertex -26.315937042236328 10.66765022277832 8
    endloop
  endfacet
  facet normal 0 0 1
    outer loop
      vertex -25.526058197021484 10.285807609558105 8
      vertex -26.343015670776367 9.027802467346191 8
      vertex -26.14137840270996 8.878052711486816 8
    endloop
  endfacet
  facet normal 0 0 1
    outer loop
      vertex -25.908985137939453 10.501575469970703 8
      vertex -26.561832427978516 9.151098251342773 8
      vertex -26.343015670776367 9.027802467346191 8
    endloop
  endfacet
  facet normal 0 0 1
    outer loop
      vertex -26.794374465942383 9.245997428894043 8
      vertex -26.315937042236328 10.66765022277832 8
      vertex -26.74049186706543 10.781410217285156 8
    endloop
  endfacet
  facet normal 0 0 1
    outer loop
      vertex -26.315937042236328 10.66765022277832 8
      vertex -26.794374465942383 9.245997428894043 8
      vertex -26.561832427978516 9.151098251342773 8
    endloop
  endfacet
  facet normal 0 0 1
    outer loop
      vertex -26.74049186706543 10.781410217285156 8
      vertex -27.03697967529297 9.311002731323242 8
      vertex -26.794374465942383 9.245997428894043 8
    endloop
  endfacet
  facet normal 0 0 1
    outer loop
      vertex -27.175960540771484 10.841060638427734 8
      vertex -27.03697967529297 9.311002731323242 8
      vertex -26.74049186706543 10.781410217285156 8
    endloop
  endfacet
  facet normal 0 0 1
    outer loop
      vertex -27.175960540771484 10.841060638427734 8
      vertex -27.285818099975586 9.345088958740234 8
      vertex -27.03697967529297 9.311002731323242 8
    endloop
  endfacet
  facet normal 0 0 1
    outer loop
      vertex -27.175960540771484 10.841060638427734 8
      vertex -27.536964416503906 9.3477201461792 8
      vertex -27.285818099975586 9.345088958740234 8
    endloop
  endfacet
  facet normal 0 0 1
    outer loop
      vertex -27.615468978881836 10.845664024353027 8
      vertex -27.536964416503906 9.3477201461792 8
      vertex -27.175960540771484 10.841060638427734 8
    endloop
  endfacet
  facet normal 0 0 1
    outer loop
      vertex -27.615468978881836 10.845664024353027 8
      vertex -27.786462783813477 9.318851470947266 8
      vertex -27.536964416503906 9.3477201461792 8
    endloop
  endfacet
  facet normal 0 0 1
    outer loop
      vertex -28.05208969116211 10.795145034790039 8
      vertex -27.786462783813477 9.318851470947266 8
      vertex -27.615468978881836 10.845664024353027 8
    endloop
  endfacet
  facet normal 0 0 1
    outer loop
      vertex -27.786462783813477 9.318851470947266 8
      vertex -28.05208969116211 10.795145034790039 8
      vertex -28.03037452697754 9.258940696716309 8
    endloop
  endfacet
  facet normal 0 0 1
    outer loop
      vertex -28.47893524169922 10.690300941467285 8
      vertex -28.03037452697754 9.258940696716309 8
      vertex -28.05208969116211 10.795145034790039 8
    endloop
  endfacet
  facet normal 0 0 1
    outer loop
      vertex -28.03037452697754 9.258940696716309 8
      vertex -28.47893524169922 10.690300941467285 8
      vertex -28.264854431152344 9.168932914733887 8
    endloop
  endfacet
  facet normal 0 0 1
    outer loop
      vertex -28.8892765045166 10.53278636932373 8
      vertex -28.264854431152344 9.168932914733887 8
      vertex -28.47893524169922 10.690300941467285 8
    endloop
  endfacet
  facet normal 0 0 1
    outer loop
      vertex -28.264854431152344 9.168932914733887 8
      vertex -28.8892765045166 10.53278636932373 8
      vertex -28.4862060546875 9.050246238708496 8
    endloop
  endfacet
  facet normal 0 0 1
    outer loop
      vertex -29.27663803100586 10.325084686279297 8
      vertex -28.4862060546875 9.050246238708496 8
      vertex -28.8892765045166 10.53278636932373 8
    endloop
  endfacet
  facet normal 0 0 1
    outer loop
      vertex -28.4862060546875 9.050246238708496 8
      vertex -29.27663803100586 10.325084686279297 8
      vertex -28.690933227539062 8.904752731323242 8
    endloop
  endfacet
  facet normal 0 0 1
    outer loop
      vertex -29.63491439819336 10.07047176361084 8
      vertex -28.690933227539062 8.904752731323242 8
      vertex -29.27663803100586 10.325084686279297 8
    endloop
  endfacet
  facet normal 0 0 1
    outer loop
      vertex -28.690933227539062 8.904752731323242 8
      vertex -29.63491439819336 10.07047176361084 8
      vertex -28.87581443786621 8.734746932983398 8
    endloop
  endfacet
  facet normal 0 0 1
    outer loop
      vertex -29.958454132080078 9.772961616516113 8
      vertex -28.87581443786621 8.734746932983398 8
      vertex -29.63491439819336 10.07047176361084 8
    endloop
  endfacet
  facet normal 0 0 1
    outer loop
      vertex -28.87581443786621 8.734746932983398 8
      vertex -29.958454132080078 9.772961616516113 8
      vertex -29.037927627563477 8.5429105758667 8
    endloop
  endfacet
  facet normal 0 0 1
    outer loop
      vertex -30.242155075073242 9.437247276306152 8
      vertex -29.037927627563477 8.5429105758667 8
      vertex -29.958454132080078 9.772961616516113 8
    endloop
  endfacet
  facet normal 0 0 1
    outer loop
      vertex -29.037927627563477 8.5429105758667 8
      vertex -30.242155075073242 9.437247276306152 8
      vertex -29.174720764160156 8.332267761230469 8
    endloop
  endfacet
  facet normal 0 0 1
    outer loop
      vertex -30.48154067993164 9.068622589111328 8
      vertex -29.174720764160156 8.332267761230469 8
      vertex -30.242155075073242 9.437247276306152 8
    endloop
  endfacet
  facet normal 0 0 1
    outer loop
      vertex -29.174720764160156 8.332267761230469 8
      vertex -30.48154067993164 9.068622589111328 8
      vertex -29.284034729003906 8.106142044067383 8
    endloop
  endfacet
  facet normal 0 0 1
    outer loop
      vertex -25.689865112304688 6.368653774261475 8
      vertex -24.383045196533203 5.632298946380615 8
      vertex -25.58055305480957 6.594779968261719 8
    endloop
  endfacet
  facet normal 0 0 1
    outer loop
      vertex -24.383045196533203 5.632298946380615 8
      vertex -25.689865112304688 6.368653774261475 8
      vertex -24.622432708740234 5.263674736022949 8
    endloop
  endfacet
  facet normal 0 0 1
    outer loop
      vertex -25.826658248901367 6.158011436462402 8
      vertex -24.622432708740234 5.263674736022949 8
      vertex -25.689865112304688 6.368653774261475 8
    endloop
  endfacet
  facet normal 0 0 1
    outer loop
      vertex -24.622432708740234 5.263674736022949 8
      vertex -25.826658248901367 6.158011436462402 8
      vertex -24.9061336517334 4.927960395812988 8
    endloop
  endfacet
  facet normal 0 0 1
    outer loop
      vertex -25.988773345947266 5.966175079345703 8
      vertex -24.9061336517334 4.927960395812988 8
      vertex -25.826658248901367 6.158011436462402 8
    endloop
  endfacet
  facet normal 0 0 1
    outer loop
      vertex -24.9061336517334 4.927960395812988 8
      vertex -25.988773345947266 5.966175079345703 8
      vertex -25.229671478271484 4.630450248718262 8
    endloop
  endfacet
  facet normal 0 0 1
    outer loop
      vertex -26.17365264892578 5.796169281005859 8
      vertex -25.229671478271484 4.630450248718262 8
      vertex -25.988773345947266 5.966175079345703 8
    endloop
  endfacet
  facet normal 0 0 1
    outer loop
      vertex -25.229671478271484 4.630450248718262 8
      vertex -26.17365264892578 5.796169281005859 8
      vertex -25.587947845458984 4.375837326049805 8
    endloop
  endfacet
  facet normal 0 0 1
    outer loop
      vertex -26.378381729125977 5.6506757736206055 8
      vertex -25.587947845458984 4.375837326049805 8
      vertex -26.17365264892578 5.796169281005859 8
    endloop
  endfacet
  facet normal 0 0 1
    outer loop
      vertex -25.587947845458984 4.375837326049805 8
      vertex -26.378381729125977 5.6506757736206055 8
      vertex -25.975311279296875 4.168135643005371 8
    endloop
  endfacet
  facet normal 0 0 1
    outer loop
      vertex -26.599733352661133 5.531989097595215 8
      vertex -25.975311279296875 4.168135643005371 8
      vertex -26.378381729125977 5.6506757736206055 8
    endloop
  endfacet
  facet normal 0 0 1
    outer loop
      vertex -25.975311279296875 4.168135643005371 8
      vertex -26.599733352661133 5.531989097595215 8
      vertex -26.385650634765625 4.010621070861816 8
    endloop
  endfacet
  facet normal 0 0 1
    outer loop
      vertex -26.834211349487305 5.441981315612793 8
      vertex -26.385650634765625 4.010621070861816 8
      vertex -26.599733352661133 5.531989097595215 8
    endloop
  endfacet
  facet normal 0 0 1
    outer loop
      vertex -26.385650634765625 4.010621070861816 8
      vertex -26.834211349487305 5.441981315612793 8
      vertex -26.812498092651367 3.9057772159576416 8
    endloop
  endfacet
  facet normal 0 0 1
    outer loop
      vertex -27.078125 5.382070541381836 8
      vertex -26.812498092651367 3.9057772159576416 8
      vertex -26.834211349487305 5.441981315612793 8
    endloop
  endfacet
  facet normal 0 0 1
    outer loop
      vertex -27.078125 5.382070541381836 8
      vertex -27.249116897583008 3.8552582263946533 8
      vertex -26.812498092651367 3.9057772159576416 8
    endloop
  endfacet
  facet normal 0 0 1
    outer loop
      vertex -27.327621459960938 5.353201866149902 8
      vertex -27.249116897583008 3.8552582263946533 8
      vertex -27.078125 5.382070541381836 8
    endloop
  endfacet
  facet normal 0 0 1
    outer loop
      vertex -27.57876968383789 5.355832576751709 8
      vertex -27.249116897583008 3.8552582263946533 8
      vertex -27.327621459960938 5.353201866149902 8
    endloop
  endfacet
  facet normal 0 0 1
    outer loop
      vertex -27.57876968383789 5.355832576751709 8
      vertex -27.688627243041992 3.859861135482788 8
      vertex -27.249116897583008 3.8552582263946533 8
    endloop
  endfacet
  facet normal 0 0 1
    outer loop
      vertex -27.827608108520508 5.389919281005859 8
      vertex -27.688627243041992 3.859861135482788 8
      vertex -27.57876968383789 5.355832576751709 8
    endloop
  endfacet
  facet normal 0 0 1
    outer loop
      vertex -28.124094009399414 3.9195117950439453 8
      vertex -27.827608108520508 5.389919281005859 8
      vertex -28.07021141052246 5.454924583435059 8
    endloop
  endfacet
  facet normal 0 0 1
    outer loop
      vertex -27.827608108520508 5.389919281005859 8
      vertex -28.124094009399414 3.9195117950439453 8
      vertex -27.688627243041992 3.859861135482788 8
    endloop
  endfacet
  facet normal 0 0 1
    outer loop
      vertex -28.54865074157715 4.033271312713623 8
      vertex -28.07021141052246 5.454924583435059 8
      vertex -28.30275535583496 5.549823760986328 8
    endloop
  endfacet
  facet normal 0 0 1
    outer loop
      vertex -28.955602645874023 4.19934606552124 8
      vertex -28.30275535583496 5.549823760986328 8
      vertex -28.521570205688477 5.67311954498291 8
    endloop
  endfacet
  facet normal 0 0 1
    outer loop
      vertex -28.07021141052246 5.454924583435059 8
      vertex -28.54865074157715 4.033271312713623 8
      vertex -28.124094009399414 3.9195117950439453 8
    endloop
  endfacet
  facet normal 0 0 1
    outer loop
      vertex -29.338529586791992 4.415114402770996 8
      vertex -28.521570205688477 5.67311954498291 8
      vertex -28.723207473754883 5.822869300842285 8
    endloop
  endfacet
  facet normal 0 0 1
    outer loop
      vertex -29.691394805908203 4.677175045013428 8
      vertex -28.723207473754883 5.822869300842285 8
      vertex -28.90448760986328 5.996709823608398 8
    endloop
  endfacet
  facet normal 0 0 1
    outer loop
      vertex -28.30275535583496 5.549823760986328 8
      vertex -28.955602645874023 4.19934606552124 8
      vertex -28.54865074157715 4.033271312713623 8
    endloop
  endfacet
  facet normal 0 0 1
    outer loop
      vertex -30.00863265991211 4.981395721435547 8
      vertex -28.90448760986328 5.996709823608398 8
      vertex -29.06254768371582 6.191898822784424 8
    endloop
  endfacet
  facet normal 0 0 1
    outer loop
      vertex -30.285240173339844 5.322977542877197 8
      vertex -29.06254768371582 6.191898822784424 8
      vertex -29.194900512695312 6.405359745025635 8
    endloop
  endfacet
  facet normal 0 0 1
    outer loop
      vertex -30.516855239868164 5.696533679962158 8
      vertex -29.194900512695312 6.405359745025635 8
      vertex -29.299453735351562 6.633724689483643 8
    endloop
  endfacet
  facet normal 0 0 1
    outer loop
      vertex -28.521570205688477 5.67311954498291 8
      vertex -29.338529586791992 4.415114402770996 8
      vertex -28.955602645874023 4.19934606552124 8
    endloop
  endfacet
  facet normal 0 0 1
    outer loop
      vertex -30.699825286865234 6.096173286437988 8
      vertex -29.299453735351562 6.633724689483643 8
      vertex -29.374561309814453 6.87339448928833 8
    endloop
  endfacet
  facet normal 0 0 1
    outer loop
      vertex -30.831262588500977 6.515594482421875 8
      vertex -29.374561309814453 6.87339448928833 8
      vertex -29.419038772583008 7.120586395263672 8
    endloop
  endfacet
  facet normal 0 0 1
    outer loop
      vertex -30.90909767150879 6.948181629180908 8
      vertex -29.419038772583008 7.120586395263672 8
      vertex -29.43218421936035 7.371404647827148 8
    endloop
  endfacet
  facet normal 0 0 1
    outer loop
      vertex -30.672840118408203 8.67290210723877 8
      vertex -29.284034729003906 8.106142044067383 8
      vertex -30.48154067993164 9.068622589111328 8
    endloop
  endfacet
  facet normal 0 0 1
    outer loop
      vertex -28.723207473754883 5.822869300842285 8
      vertex -29.691394805908203 4.677175045013428 8
      vertex -29.338529586791992 4.415114402770996 8
    endloop
  endfacet
  facet normal 0 0 1
    outer loop
      vertex -29.284034729003906 8.106142044067383 8
      vertex -30.672840118408203 8.67290210723877 8
      vertex -29.364145278930664 7.868098735809326 8
    endloop
  endfacet
  facet normal 0 0 1
    outer loop
      vertex -28.90448760986328 5.996709823608398 8
      vertex -30.00863265991211 4.981395721435547 8
      vertex -29.691394805908203 4.677175045013428 8
    endloop
  endfacet
  facet normal 0 0 1
    outer loop
      vertex -30.813034057617188 8.256327629089355 8
      vertex -29.364145278930664 7.868098735809326 8
      vertex -30.672840118408203 8.67290210723877 8
    endloop
  endfacet
  facet normal 0 0 1
    outer loop
      vertex -29.06254768371582 6.191898822784424 8
      vertex -30.285240173339844 5.322977542877197 8
      vertex -30.00863265991211 4.981395721435547 8
    endloop
  endfacet
  facet normal 0 0 1
    outer loop
      vertex -29.364145278930664 7.868098735809326 8
      vertex -30.813034057617188 8.256327629089355 8
      vertex -29.413787841796875 7.621892929077148 8
    endloop
  endfacet
  facet normal 0 0 1
    outer loop
      vertex -29.194900512695312 6.405359745025635 8
      vertex -30.516855239868164 5.696533679962158 8
      vertex -30.285240173339844 5.322977542877197 8
    endloop
  endfacet
  facet normal 0 0 1
    outer loop
      vertex -30.89990997314453 7.825466156005859 8
      vertex -29.413787841796875 7.621892929077148 8
      vertex -30.813034057617188 8.256327629089355 8
    endloop
  endfacet
  facet normal 0 0 1
    outer loop
      vertex -29.299453735351562 6.633724689483643 8
      vertex -30.699825286865234 6.096173286437988 8
      vertex -30.516855239868164 5.696533679962158 8
    endloop
  endfacet
  facet normal 0 0 1
    outer loop
      vertex -29.413787841796875 7.621892929077148 8
      vertex -30.89990997314453 7.825466156005859 8
      vertex -29.43218421936035 7.371404647827148 8
    endloop
  endfacet
  facet normal 0 0 1
    outer loop
      vertex -29.374561309814453 6.87339448928833 8
      vertex -30.831262588500977 6.515594482421875 8
      vertex -30.699825286865234 6.096173286437988 8
    endloop
  endfacet
  facet normal 0 0 1
    outer loop
      vertex -30.932100296020508 7.387112617492676 8
      vertex -29.43218421936035 7.371404647827148 8
      vertex -30.89990997314453 7.825466156005859 8
    endloop
  endfacet
  facet normal 0 0 1
    outer loop
      vertex -29.419038772583008 7.120586395263672 8
      vertex -30.90909767150879 6.948181629180908 8
      vertex -30.831262588500977 6.515594482421875 8
    endloop
  endfacet
  facet normal 0 0 1
    outer loop
      vertex -29.43218421936035 7.371404647827148 8
      vertex -30.932100296020508 7.387112617492676 8
      vertex -30.90909767150879 6.948181629180908 8
    endloop
  endfacet
  facet normal 0.6768761062721496 -0.7360969615192374 0
    outer loop
      vertex -29.958454132080078 9.772961616516113 8
      vertex -29.63491439819336 10.07047176361084 10
      vertex -29.958454132080078 9.772961616516113 10
    endloop
  endfacet
  facet normal 0.6768761062721496 -0.7360969615192374 0
    outer loop
      vertex -29.63491439819336 10.07047176361084 10
      vertex -29.958454132080078 9.772961616516113 8
      vertex -29.63491439819336 10.07047176361084 8
    endloop
  endfacet
  facet normal 0.909235463503715 0.4162822022464864 0
    outer loop
      vertex -30.516855239868164 5.696533679962158 10
      vertex -30.699825286865234 6.096173286437988 8
      vertex -30.699825286865234 6.096173286437988 10
    endloop
  endfacet
  facet normal 0.909235463503715 0.4162822022464864 0
    outer loop
      vertex -30.699825286865234 6.096173286437988 8
      vertex -30.516855239868164 5.696533679962158 10
      vertex -30.516855239868164 5.696533679962158 8
    endloop
  endfacet
  facet normal -0.6921432157481341 -0.7217601879390633 0
    outer loop
      vertex -25.173192977905273 10.023746490478516 8
      vertex -24.855955123901367 9.719526290893555 10
      vertex -25.173192977905273 10.023746490478516 10
    endloop
  endfacet
  facet normal -0.6921432157481341 -0.7217601879390633 0
    outer loop
      vertex -24.855955123901367 9.719526290893555 10
      vertex -25.173192977905273 10.023746490478516 8
      vertex -24.855955123901367 9.719526290893555 8
    endloop
  endfacet
  facet normal 0.7637956588500076 -0.6454581253047194 0
    outer loop
      vertex -30.242155075073242 9.437247276306152 10
      vertex -29.958454132080078 9.772961616516113 8
      vertex -29.958454132080078 9.772961616516113 10
    endloop
  endfacet
  facet normal 0.7637956588500076 -0.6454581253047194 0
    outer loop
      vertex -29.958454132080078 9.772961616516113 8
      vertex -30.242155075073242 9.437247276306152 10
      vertex -30.242155075073242 9.437247276306152 8
    endloop
  endfacet
  facet normal 0.49090391765164965 0.8712137186903466 0
    outer loop
      vertex -28.955602645874023 4.19934606552124 8
      vertex -29.338529586791992 4.415114402770996 10
      vertex -28.955602645874023 4.19934606552124 10
    endloop
  endfacet
  facet normal 0.49090391765164965 0.8712137186903466 0
    outer loop
      vertex -29.338529586791992 4.415114402770996 10
      vertex -28.955602645874023 4.19934606552124 8
      vertex -29.338529586791992 4.415114402770996 8
    endloop
  endfacet
  facet normal -0.8498941793730307 -0.5269533981936567 0
    outer loop
      vertex -24.347732543945312 9.004387855529785 8
      vertex -24.579345703125 9.377943992614746 10
      vertex -24.579345703125 9.377943992614746 8
    endloop
  endfacet
  facet normal -0.8498941793730307 -0.5269533981936567 0
    outer loop
      vertex -24.579345703125 9.377943992614746 10
      vertex -24.347732543945312 9.004387855529785 8
      vertex -24.347732543945312 9.004387855529785 10
    endloop
  endfacet
  facet normal 0.3583665996701497 -0.9335809446646042 0
    outer loop
      vertex -28.8892765045166 10.53278636932373 8
      vertex -28.47893524169922 10.690300941467285 10
      vertex -28.8892765045166 10.53278636932373 10
    endloop
  endfacet
  facet normal 0.3583665996701497 -0.9335809446646042 0
    outer loop
      vertex -28.47893524169922 10.690300941467285 10
      vertex -28.8892765045166 10.53278636932373 8
      vertex -28.47893524169922 10.690300941467285 8
    endloop
  endfacet
  facet normal 0.8386727150190035 -0.5446357287973801 0
    outer loop
      vertex -30.48154067993164 9.068622589111328 10
      vertex -30.242155075073242 9.437247276306152 8
      vertex -30.242155075073242 9.437247276306152 10
    endloop
  endfacet
  facet normal 0.8386727150190035 -0.5446357287973801 0
    outer loop
      vertex -30.242155075073242 9.437247276306152 8
      vertex -30.48154067993164 9.068622589111328 10
      vertex -30.48154067993164 9.068622589111328 8
    endloop
  endfacet
  facet normal -0.13571251950849428 -0.9907482586654678 0
    outer loop
      vertex -27.175960540771484 10.841060638427734 8
      vertex -26.74049186706543 10.781410217285156 10
      vertex -27.175960540771484 10.841060638427734 10
    endloop
  endfacet
  facet normal -0.13571251950849428 -0.9907482586654678 0
    outer loop
      vertex -26.74049186706543 10.781410217285156 10
      vertex -27.175960540771484 10.841060638427734 8
      vertex -26.74049186706543 10.781410217285156 8
    endloop
  endfacet
  facet normal 0.9003181623729078 -0.43523235920766545 0
    outer loop
      vertex -30.672840118408203 8.67290210723877 10
      vertex -30.48154067993164 9.068622589111328 8
      vertex -30.48154067993164 9.068622589111328 10
    endloop
  endfacet
  facet normal 0.9003181623729078 -0.43523235920766545 0
    outer loop
      vertex -30.48154067993164 9.068622589111328 8
      vertex -30.672840118408203 8.67290210723877 10
      vertex -30.672840118408203 8.67290210723877 8
    endloop
  endfacet
  facet normal 0.13571363542772077 0.9907481058064112 0
    outer loop
      vertex -27.688627243041992 3.859861135482788 8
      vertex -28.124094009399414 3.9195117950439453 10
      vertex -27.688627243041992 3.859861135482788 10
    endloop
  endfacet
  facet normal 0.13571363542772077 0.9907481058064112 0
    outer loop
      vertex -28.124094009399414 3.9195117950439453 10
      vertex -27.688627243041992 3.859861135482788 8
      vertex -28.124094009399414 3.9195117950439453 8
    endloop
  endfacet
  facet normal 0.010472237419237996 0.999945164618258 0
    outer loop
      vertex -27.249116897583008 3.8552582263946533 8
      vertex -27.688627243041992 3.859861135482788 10
      vertex -27.249116897583008 3.8552582263946533 10
    endloop
  endfacet
  facet normal 0.010472237419237996 0.999945164618258 0
    outer loop
      vertex -27.688627243041992 3.859861135482788 10
      vertex -27.249116897583008 3.8552582263946533 8
      vertex -27.688627243041992 3.859861135482788 8
    endloop
  endfacet
  facet normal -0.9802716140115215 0.197655161236044 0
    outer loop
      vertex -24.05155372619629 6.444594383239746 8
      vertex -23.964677810668945 6.875455856323242 10
      vertex -23.964677810668945 6.875455856323242 8
    endloop
  endfacet
  facet normal -0.9802716140115215 0.197655161236044 0
    outer loop
      vertex -23.964677810668945 6.875455856323242 10
      vertex -24.05155372619629 6.444594383239746 8
      vertex -24.05155372619629 6.444594383239746 10
    endloop
  endfacet
  facet normal -0.9841962515232234 -0.1770811635596402 0
    outer loop
      vertex -23.955490112304688 7.752739906311035 8
      vertex -24.033323287963867 8.185327529907227 10
      vertex -24.033323287963867 8.185327529907227 8
    endloop
  endfacet
  facet normal -0.9841962515232234 -0.1770811635596402 0
    outer loop
      vertex -24.033323287963867 8.185327529907227 10
      vertex -23.955490112304688 7.752739906311035 8
      vertex -23.955490112304688 7.752739906311035 10
    endloop
  endfacet
  facet normal -0.17707977087890264 -0.9841965020997968 0
    outer loop
      vertex 7.5803351402282715 -25.44554901123047 0
      vertex 7.827527046203613 -25.49002456665039 8
      vertex 7.5803351402282715 -25.44554901123047 8
    endloop
  endfacet
  facet normal -0.17707977087890264 -0.9841965020997968 0
    outer loop
      vertex 7.827527046203613 -25.49002456665039 8
      vertex 7.5803351402282715 -25.44554901123047 0
      vertex 7.827527046203613 -25.49002456665039 0
    endloop
  endfacet
  facet normal -0.5269544795772099 -0.8498935088900914 0
    outer loop
      vertex 8.295561790466309 -25.669687271118164 0
      vertex 8.50902271270752 -25.802038192749023 8
      vertex 8.295561790466309 -25.669687271118164 8
    endloop
  endfacet
  facet normal -0.5269544795772099 -0.8498935088900914 0
    outer loop
      vertex 8.50902271270752 -25.802038192749023 8
      vertex 8.295561790466309 -25.669687271118164 0
      vertex 8.50902271270752 -25.802038192749023 0
    endloop
  endfacet
  facet normal -0.3189597596470496 0.9477682584502903 0
    outer loop
      vertex 8.106142044067383 -29.284034729003906 0
      vertex 7.868098735809326 -29.364145278930664 8
      vertex 8.106142044067383 -29.284034729003906 8
    endloop
  endfacet
  facet normal -0.3189597596470496 0.9477682584502903 0
    outer loop
      vertex 7.868098735809326 -29.364145278930664 8
      vertex 8.106142044067383 -29.284034729003906 0
      vertex 7.868098735809326 -29.364145278930664 0
    endloop
  endfacet
  facet normal -0.736099446730213 0.6768734036165658 0
    outer loop
      vertex 8.734746932983398 -28.87581443786621 0
      vertex 8.904752731323242 -28.690933227539062 8
      vertex 8.904752731323242 -28.690933227539062 0
    endloop
  endfacet
  facet normal -0.736099446730213 0.6768734036165658 0
    outer loop
      vertex 8.904752731323242 -28.690933227539062 8
      vertex 8.734746932983398 -28.87581443786621 0
      vertex 8.734746932983398 -28.87581443786621 8
    endloop
  endfacet
  facet normal -0.9258698470234741 -0.37784259470410225 0
    outer loop
      vertex 9.245997428894043 -26.794374465942383 0
      vertex 9.151098251342773 -26.561832427978516 8
      vertex 9.151098251342773 -26.561832427978516 0
    endloop
  endfacet
  facet normal -0.9258698470234741 -0.37784259470410225 0
    outer loop
      vertex 9.151098251342773 -26.561832427978516 8
      vertex 9.245997428894043 -26.794374465942383 0
      vertex 9.245997428894043 -26.794374465942383 8
    endloop
  endfacet
  facet normal 0.07323738807168997 -0.9973145366374827 0
    outer loop
      vertex 7.079029083251953 -25.45079803466797 0
      vertex 7.329516887664795 -25.432403564453125 8
      vertex 7.079029083251953 -25.45079803466797 8
    endloop
  endfacet
  facet normal 0.07323738807168997 -0.9973145366374827 0
    outer loop
      vertex 7.329516887664795 -25.432403564453125 8
      vertex 7.079029083251953 -25.45079803466797 0
      vertex 7.329516887664795 -25.432403564453125 0
    endloop
  endfacet
  facet normal -0.7217583355550607 -0.6921451473909127 0
    outer loop
      vertex 8.878052711486816 -26.14137840270996 0
      vertex 8.704212188720703 -25.960100173950195 8
      vertex 8.704212188720703 -25.960100173950195 0
    endloop
  endfacet
  facet normal -0.7217583355550607 -0.6921451473909127 0
    outer loop
      vertex 8.704212188720703 -25.960100173950195 8
      vertex 8.878052711486816 -26.14137840270996 0
      vertex 8.878052711486816 -26.14137840270996 8
    endloop
  endfacet
  facet normal 0.8151275642191099 -0.5792814981079759 0
    outer loop
      vertex 5.6506757736206055 -26.378381729125977 8
      vertex 5.796169281005859 -26.17365264892578 0
      vertex 5.796169281005859 -26.17365264892578 8
    endloop
  endfacet
  facet normal 0.8151275642191099 -0.5792814981079759 0
    outer loop
      vertex 5.796169281005859 -26.17365264892578 0
      vertex 5.6506757736206055 -26.378381729125977 8
      vertex 5.6506757736206055 -26.378381729125977 0
    endloop
  endfacet
  facet normal -0.5446392963511463 0.838670398231706 0
    outer loop
      vertex 8.5429105758667 -29.037927627563477 0
      vertex 8.332267761230469 -29.174720764160156 8
      vertex 8.5429105758667 -29.037927627563477 8
    endloop
  endfacet
  facet normal -0.5446392963511463 0.838670398231706 0
    outer loop
      vertex 8.332267761230469 -29.174720764160156 8
      vertex 8.5429105758667 -29.037927627563477 0
      vertex 8.332267761230469 -29.174720764160156 0
    endloop
  endfacet
  facet normal 0.29903938543983466 0.9542407693846277 0
    outer loop
      vertex 6.87339448928833 -29.374561309814453 0
      vertex 6.633724689483643 -29.299453735351562 8
      vertex 6.87339448928833 -29.374561309814453 8
    endloop
  endfacet
  facet normal 0.29903938543983466 0.9542407693846277 0
    outer loop
      vertex 6.633724689483643 -29.299453735351562 8
      vertex 6.87339448928833 -29.374561309814453 0
      vertex 6.633724689483643 -29.299453735351562 0
    endloop
  endfacet
  facet normal -0.052338414654967774 -0.9986294059116247 0
    outer loop
      vertex 7.329516887664795 -25.432403564453125 0
      vertex 7.5803351402282715 -25.44554901123047 8
      vertex 7.329516887664795 -25.432403564453125 8
    endloop
  endfacet
  facet normal -0.052338414654967774 -0.9986294059116247 0
    outer loop
      vertex 7.5803351402282715 -25.44554901123047 8
      vertex 7.329516887664795 -25.432403564453125 0
      vertex 7.5803351402282715 -25.44554901123047 0
    endloop
  endfacet
  facet normal 0.736095967426512 -0.6768771873378713 0
    outer loop
      vertex 5.796169281005859 -26.17365264892578 8
      vertex 5.966175079345703 -25.988773345947266 0
      vertex 5.966175079345703 -25.988773345947266 8
    endloop
  endfacet
  facet normal 0.736095967426512 -0.6768771873378713 0
    outer loop
      vertex 5.966175079345703 -25.988773345947266 0
      vertex 5.796169281005859 -26.17365264892578 8
      vertex 5.796169281005859 -26.17365264892578 0
    endloop
  endfacet
  facet normal -0.9999451237781556 -0.010476136324470208 0
    outer loop
      vertex 9.3477201461792 -27.536964416503906 0
      vertex 9.345088958740234 -27.285818099975586 8
      vertex 9.345088958740234 -27.285818099975586 0
    endloop
  endfacet
  facet normal -0.9999451237781556 -0.010476136324470208 0
    outer loop
      vertex 9.345088958740234 -27.285818099975586 8
      vertex 9.3477201461792 -27.536964416503906 0
      vertex 9.3477201461792 -27.536964416503906 8
    endloop
  endfacet
  facet normal 0.9933723337853796 -0.11494088249960716 0
    outer loop
      vertex 5.353201866149902 -27.327621459960938 8
      vertex 5.382070541381836 -27.078125 0
      vertex 5.382070541381836 -27.078125 8
    endloop
  endfacet
  facet normal 0.9933723337853796 -0.11494088249960716 0
    outer loop
      vertex 5.382070541381836 -27.078125 0
      vertex 5.353201866149902 -27.327621459960938 8
      vertex 5.353201866149902 -27.327621459960938 0
    endloop
  endfacet
  facet normal -0.9907480528529231 -0.13571402200267194 0
    outer loop
      vertex 9.345088958740234 -27.285818099975586 0
      vertex 9.311002731323242 -27.03697967529297 8
      vertex 9.311002731323242 -27.03697967529297 0
    endloop
  endfacet
  facet normal -0.9907480528529231 -0.13571402200267194 0
    outer loop
      vertex 9.311002731323242 -27.03697967529297 8
      vertex 9.345088958740234 -27.285818099975586 0
      vertex 9.345088958740234 -27.285818099975586 8
    endloop
  endfacet
  facet normal 0.5446401635437982 -0.8386698350691913 0
    outer loop
      vertex 6.158011436462402 -25.826658248901367 0
      vertex 6.368653774261475 -25.689865112304688 8
      vertex 6.158011436462402 -25.826658248901367 8
    endloop
  endfacet
  facet normal 0.5446401635437982 -0.8386698350691913 0
    outer loop
      vertex 6.368653774261475 -25.689865112304688 8
      vertex 6.158011436462402 -25.826658248901367 0
      vertex 6.368653774261475 -25.689865112304688 0
    endloop
  endfacet
  facet normal 0.9335802773124883 -0.3583683381845244 0
    outer loop
      vertex 5.441981315612793 -26.834211349487305 8
      vertex 5.531989097595215 -26.599733352661133 0
      vertex 5.531989097595215 -26.599733352661133 8
    endloop
  endfacet
  facet normal 0.9335802773124883 -0.3583683381845244 0
    outer loop
      vertex 5.531989097595215 -26.599733352661133 0
      vertex 5.441981315612793 -26.834211349487305 8
      vertex 5.441981315612793 -26.834211349487305 0
    endloop
  endfacet
  facet normal 0.052338414654967774 0.9986294059116247 0
    outer loop
      vertex 7.371404647827148 -29.43218421936035 0
      vertex 7.120586395263672 -29.419038772583008 8
      vertex 7.371404647827148 -29.43218421936035 8
    endloop
  endfacet
  facet normal 0.052338414654967774 0.9986294059116247 0
    outer loop
      vertex 7.120586395263672 -29.419038772583008 8
      vertex 7.371404647827148 -29.43218421936035 0
      vertex 7.120586395263672 -29.419038772583008 0
    endloop
  endfacet
  facet normal -0.9659263911543183 -0.2588169369875066 0
    outer loop
      vertex 9.311002731323242 -27.03697967529297 0
      vertex 9.245997428894043 -26.794374465942383 8
      vertex 9.245997428894043 -26.794374465942383 0
    endloop
  endfacet
  facet normal -0.9659263911543183 -0.2588169369875066 0
    outer loop
      vertex 9.245997428894043 -26.794374465942383 8
      vertex 9.311002731323242 -27.03697967529297 0
      vertex 9.311002731323242 -27.03697967529297 8
    endloop
  endfacet
  facet normal 0.6454595604572035 -0.7637944460484075 0
    outer loop
      vertex 5.966175079345703 -25.988773345947266 0
      vertex 6.158011436462402 -25.826658248901367 8
      vertex 5.966175079345703 -25.988773345947266 8
    endloop
  endfacet
  facet normal 0.6454595604572035 -0.7637944460484075 0
    outer loop
      vertex 6.158011436462402 -25.826658248901367 8
      vertex 5.966175079345703 -25.988773345947266 0
      vertex 6.158011436462402 -25.826658248901367 0
    endloop
  endfacet
  facet normal -0.07324480273792501 0.9973139921167669 0
    outer loop
      vertex 7.621892929077148 -29.413787841796875 0
      vertex 7.371404647827148 -29.43218421936035 8
      vertex 7.621892929077148 -29.413787841796875 8
    endloop
  endfacet
  facet normal -0.07324480273792501 0.9973139921167669 0
    outer loop
      vertex 7.371404647827148 -29.43218421936035 8
      vertex 7.621892929077148 -29.413787841796875 0
      vertex 7.371404647827148 -29.43218421936035 0
    endloop
  endfacet
  facet normal 0.8028161316589373 0.596226684028969 0
    outer loop
      vertex 5.822869300842285 -28.723207473754883 8
      vertex 5.67311954498291 -28.521570205688477 0
      vertex 5.67311954498291 -28.521570205688477 8
    endloop
  endfacet
  facet normal 0.8028161316589373 0.596226684028969 0
    outer loop
      vertex 5.67311954498291 -28.521570205688477 0
      vertex 5.822869300842285 -28.723207473754883 8
      vertex 5.822869300842285 -28.723207473754883 0
    endloop
  endfacet
  facet normal 0.17708712685673408 0.9841951785604454 0
    outer loop
      vertex 7.120586395263672 -29.419038772583008 0
      vertex 6.87339448928833 -29.374561309814453 8
      vertex 7.120586395263672 -29.419038772583008 8
    endloop
  endfacet
  facet normal 0.17708712685673408 0.9841951785604454 0
    outer loop
      vertex 6.87339448928833 -29.374561309814453 8
      vertex 7.120586395263672 -29.419038772583008 0
      vertex 6.87339448928833 -29.374561309814453 0
    endloop
  endfacet
  facet normal -0.4352327843116117 0.9003179568687731 0
    outer loop
      vertex 8.332267761230469 -29.174720764160156 0
      vertex 8.106142044067383 -29.284034729003906 8
      vertex 8.332267761230469 -29.174720764160156 8
    endloop
  endfacet
  facet normal -0.4352327843116117 0.9003179568687731 0
    outer loop
      vertex 8.106142044067383 -29.284034729003906 8
      vertex 8.332267761230469 -29.174720764160156 0
      vertex 8.106142044067383 -29.284034729003906 0
    endloop
  endfacet
  facet normal 0.9711344316886382 -0.23853283964432537 0
    outer loop
      vertex 5.382070541381836 -27.078125 8
      vertex 5.441981315612793 -26.834211349487305 0
      vertex 5.441981315612793 -26.834211349487305 8
    endloop
  endfacet
  facet normal 0.9711344316886382 -0.23853283964432537 0
    outer loop
      vertex 5.441981315612793 -26.834211349487305 0
      vertex 5.382070541381836 -27.078125 8
      vertex 5.382070541381836 -27.078125 0
    endloop
  endfacet
  facet normal 0.31896033357194764 -0.9477680653027257 0
    outer loop
      vertex 6.594779968261719 -25.58055305480957 0
      vertex 6.832822799682617 -25.500442504882812 8
      vertex 6.594779968261719 -25.58055305480957 8
    endloop
  endfacet
  facet normal 0.31896033357194764 -0.9477680653027257 0
    outer loop
      vertex 6.832822799682617 -25.500442504882812 8
      vertex 6.594779968261719 -25.58055305480957 0
      vertex 6.832822799682617 -25.500442504882812 0
    endloop
  endfacet
  facet normal -0.6454551301703706 0.7637981899276471 0
    outer loop
      vertex 8.734746932983398 -28.87581443786621 0
      vertex 8.5429105758667 -29.037927627563477 8
      vertex 8.734746932983398 -28.87581443786621 8
    endloop
  endfacet
  facet normal -0.6454551301703706 0.7637981899276471 0
    outer loop
      vertex 8.5429105758667 -29.037927627563477 8
      vertex 8.734746932983398 -28.87581443786621 0
      vertex 8.5429105758667 -29.037927627563477 0
    endloop
  endfacet
  facet normal 0.1976595413935195 -0.9802707308168002 0
    outer loop
      vertex 6.832822799682617 -25.500442504882812 0
      vertex 7.079029083251953 -25.45079803466797 8
      vertex 6.832822799682617 -25.500442504882812 8
    endloop
  endfacet
  facet normal 0.1976595413935195 -0.9802707308168002 0
    outer loop
      vertex 7.079029083251953 -25.45079803466797 8
      vertex 6.832822799682617 -25.500442504882812 0
      vertex 7.079029083251953 -25.45079803466797 0
    endloop
  endfacet
  facet normal -0.8712157218460409 -0.4909003626076088 0
    outer loop
      vertex 9.151098251342773 -26.561832427978516 0
      vertex 9.027802467346191 -26.343015670776367 8
      vertex 9.027802467346191 -26.343015670776367 0
    endloop
  endfacet
  facet normal -0.8712157218460409 -0.4909003626076088 0
    outer loop
      vertex 9.027802467346191 -26.343015670776367 8
      vertex 9.151098251342773 -26.561832427978516 0
      vertex 9.151098251342773 -26.561832427978516 8
    endloop
  endfacet
  facet normal -0.4162794359883055 -0.9092367299956916 0
    outer loop
      vertex 8.0671968460083 -25.565134048461914 0
      vertex 8.295561790466309 -25.669687271118164 8
      vertex 8.0671968460083 -25.565134048461914 8
    endloop
  endfacet
  facet normal -0.4162794359883055 -0.9092367299956916 0
    outer loop
      vertex 8.295561790466309 -25.669687271118164 8
      vertex 8.0671968460083 -25.565134048461914 0
      vertex 8.295561790466309 -25.669687271118164 0
    endloop
  endfacet
  facet normal -0.1976526118086063 0.9802721280569168 0
    outer loop
      vertex 7.868098735809326 -29.364145278930664 0
      vertex 7.621892929077148 -29.413787841796875 8
      vertex 7.868098735809326 -29.364145278930664 8
    endloop
  endfacet
  facet normal -0.1976526118086063 0.9802721280569168 0
    outer loop
      vertex 7.621892929077148 -29.413787841796875 8
      vertex 7.868098735809326 -29.364145278930664 0
      vertex 7.621892929077148 -29.413787841796875 0
    endloop
  endfacet
  facet normal 0.5269599649055794 0.8498901078296598 0
    outer loop
      vertex 6.405359745025635 -29.194900512695312 0
      vertex 6.191898822784424 -29.06254768371582 8
      vertex 6.405359745025635 -29.194900512695312 8
    endloop
  endfacet
  facet normal 0.5269599649055794 0.8498901078296598 0
    outer loop
      vertex 6.191898822784424 -29.06254768371582 8
      vertex 6.405359745025635 -29.194900512695312 0
      vertex 6.191898822784424 -29.06254768371582 0
    endloop
  endfacet
  facet normal 0.8813051485815382 -0.47254760086542924 0
    outer loop
      vertex 5.531989097595215 -26.599733352661133 8
      vertex 5.6506757736206055 -26.378381729125977 0
      vertex 5.6506757736206055 -26.378381729125977 8
    endloop
  endfacet
  facet normal 0.8813051485815382 -0.47254760086542924 0
    outer loop
      vertex 5.6506757736206055 -26.378381729125977 0
      vertex 5.531989097595215 -26.599733352661133 8
      vertex 5.531989097595215 -26.599733352661133 0
    endloop
  endfacet
  facet normal -0.6293219783006693 -0.7771446761239067 0
    outer loop
      vertex 8.50902271270752 -25.802038192749023 0
      vertex 8.704212188720703 -25.960100173950195 8
      vertex 8.50902271270752 -25.802038192749023 8
    endloop
  endfacet
  facet normal -0.6293219783006693 -0.7771446761239067 0
    outer loop
      vertex 8.704212188720703 -25.960100173950195 8
      vertex 8.50902271270752 -25.802038192749023 0
      vertex 8.704212188720703 -25.960100173950195 0
    endloop
  endfacet
  facet normal -0.9335812526036812 0.3583657974569302 0
    outer loop
      vertex 9.168932914733887 -28.264854431152344 0
      vertex 9.258940696716309 -28.03037452697754 8
      vertex 9.258940696716309 -28.03037452697754 0
    endloop
  endfacet
  facet normal -0.9335812526036812 0.3583657974569302 0
    outer loop
      vertex 9.258940696716309 -28.03037452697754 8
      vertex 9.168932914733887 -28.264854431152344 0
      vertex 9.168932914733887 -28.264854431152344 8
    endloop
  endfacet
  facet normal 0.7217619735913575 0.6921413536825468 0
    outer loop
      vertex 5.996709823608398 -28.90448760986328 8
      vertex 5.822869300842285 -28.723207473754883 0
      vertex 5.822869300842285 -28.723207473754883 8
    endloop
  endfacet
  facet normal 0.7217619735913575 0.6921413536825468 0
    outer loop
      vertex 5.822869300842285 -28.723207473754883 0
      vertex 5.996709823608398 -28.90448760986328 8
      vertex 5.996709823608398 -28.90448760986328 0
    endloop
  endfacet
  facet normal -0.8028161316589373 -0.596226684028969 0
    outer loop
      vertex 9.027802467346191 -26.343015670776367 0
      vertex 8.878052711486816 -26.14137840270996 8
      vertex 8.878052711486816 -26.14137840270996 0
    endloop
  endfacet
  facet normal -0.8028161316589373 -0.596226684028969 0
    outer loop
      vertex 8.878052711486816 -26.14137840270996 8
      vertex 9.027802467346191 -26.343015670776367 0
      vertex 9.027802467346191 -26.343015670776367 8
    endloop
  endfacet
  facet normal 0.6293183203108758 0.7771476383037511 0
    outer loop
      vertex 6.191898822784424 -29.06254768371582 0
      vertex 5.996709823608398 -28.90448760986328 8
      vertex 6.191898822784424 -29.06254768371582 8
    endloop
  endfacet
  facet normal 0.6293183203108758 0.7771476383037511 0
    outer loop
      vertex 5.996709823608398 -28.90448760986328 8
      vertex 6.191898822784424 -29.06254768371582 0
      vertex 5.996709823608398 -28.90448760986328 0
    endloop
  endfacet
  facet normal -0.8813051485815382 0.47254760086542924 0
    outer loop
      vertex 9.050246238708496 -28.4862060546875 0
      vertex 9.168932914733887 -28.264854431152344 8
      vertex 9.168932914733887 -28.264854431152344 0
    endloop
  endfacet
  facet normal -0.8813051485815382 0.47254760086542924 0
    outer loop
      vertex 9.168932914733887 -28.264854431152344 8
      vertex 9.050246238708496 -28.4862060546875 0
      vertex 9.050246238708496 -28.4862060546875 8
    endloop
  endfacet
  facet normal 0.965925882451484 0.25881883550144075 0
    outer loop
      vertex 5.454924583435059 -28.07021141052246 8
      vertex 5.389919281005859 -27.827608108520508 0
      vertex 5.389919281005859 -27.827608108520508 8
    endloop
  endfacet
  facet normal 0.965925882451484 0.25881883550144075 0
    outer loop
      vertex 5.389919281005859 -27.827608108520508 0
      vertex 5.454924583435059 -28.07021141052246 8
      vertex 5.454924583435059 -28.07021141052246 0
    endloop
  endfacet
  facet normal 0.43522588479111984 -0.9003212922106124 0
    outer loop
      vertex 6.368653774261475 -25.689865112304688 0
      vertex 6.594779968261719 -25.58055305480957 8
      vertex 6.368653774261475 -25.689865112304688 8
    endloop
  endfacet
  facet normal 0.43522588479111984 -0.9003212922106124 0
    outer loop
      vertex 6.594779968261719 -25.58055305480957 8
      vertex 6.368653774261475 -25.689865112304688 0
      vertex 6.594779968261719 -25.58055305480957 0
    endloop
  endfacet
  facet normal 0.4162794359883055 0.9092367299956916 0
    outer loop
      vertex 6.633724689483643 -29.299453735351562 0
      vertex 6.405359745025635 -29.194900512695312 8
      vertex 6.633724689483643 -29.299453735351562 8
    endloop
  endfacet
  facet normal 0.4162794359883055 0.9092367299956916 0
    outer loop
      vertex 6.405359745025635 -29.194900512695312 8
      vertex 6.633724689483643 -29.299453735351562 0
      vertex 6.405359745025635 -29.194900512695312 0
    endloop
  endfacet
  facet normal -0.9933724341133195 0.11494001541577527 0
    outer loop
      vertex 9.318851470947266 -27.786462783813477 0
      vertex 9.3477201461792 -27.536964416503906 8
      vertex 9.3477201461792 -27.536964416503906 0
    endloop
  endfacet
  facet normal -0.9933724341133195 0.11494001541577527 0
    outer loop
      vertex 9.3477201461792 -27.536964416503906 8
      vertex 9.318851470947266 -27.786462783813477 0
      vertex 9.318851470947266 -27.786462783813477 8
    endloop
  endfacet
  facet normal -0.9711339995983655 0.2385345987987524 0
    outer loop
      vertex 9.258940696716309 -28.03037452697754 0
      vertex 9.318851470947266 -27.786462783813477 8
      vertex 9.318851470947266 -27.786462783813477 0
    endloop
  endfacet
  facet normal -0.9711339995983655 0.2385345987987524 0
    outer loop
      vertex 9.318851470947266 -27.786462783813477 8
      vertex 9.258940696716309 -28.03037452697754 0
      vertex 9.258940696716309 -28.03037452697754 8
    endloop
  endfacet
  facet normal 0.9999451444977552 0.010474158456100132 0
    outer loop
      vertex 5.355832576751709 -27.57876968383789 8
      vertex 5.353201866149902 -27.327621459960938 0
      vertex 5.353201866149902 -27.327621459960938 8
    endloop
  endfacet
  facet normal 0.9999451444977552 0.010474158456100132 0
    outer loop
      vertex 5.353201866149902 -27.327621459960938 0
      vertex 5.355832576751709 -27.57876968383789 8
      vertex 5.355832576751709 -27.57876968383789 0
    endloop
  endfacet
  facet normal 0.990747797578858 0.13571588555744668 0
    outer loop
      vertex 5.389919281005859 -27.827608108520508 8
      vertex 5.355832576751709 -27.57876968383789 0
      vertex 5.355832576751709 -27.57876968383789 8
    endloop
  endfacet
  facet normal 0.990747797578858 0.13571588555744668 0
    outer loop
      vertex 5.355832576751709 -27.57876968383789 0
      vertex 5.389919281005859 -27.827608108520508 8
      vertex 5.389919281005859 -27.827608108520508 0
    endloop
  endfacet
  facet normal -0.29904630039219887 -0.954238602353593 0
    outer loop
      vertex 7.827527046203613 -25.49002456665039 0
      vertex 8.0671968460083 -25.565134048461914 8
      vertex 7.827527046203613 -25.49002456665039 8
    endloop
  endfacet
  facet normal -0.29904630039219887 -0.954238602353593 0
    outer loop
      vertex 8.0671968460083 -25.565134048461914 8
      vertex 7.827527046203613 -25.49002456665039 0
      vertex 8.0671968460083 -25.565134048461914 0
    endloop
  endfacet
  facet normal -0.8151250158667691 0.5792850839683339 0
    outer loop
      vertex 8.904752731323242 -28.690933227539062 0
      vertex 9.050246238708496 -28.4862060546875 8
      vertex 9.050246238708496 -28.4862060546875 0
    endloop
  endfacet
  facet normal -0.8151250158667691 0.5792850839683339 0
    outer loop
      vertex 9.050246238708496 -28.4862060546875 8
      vertex 8.904752731323242 -28.690933227539062 0
      vertex 8.904752731323242 -28.690933227539062 8
    endloop
  endfacet
  facet normal 0.8712138917822657 0.49090361046298975 0
    outer loop
      vertex 5.67311954498291 -28.521570205688477 8
      vertex 5.549823760986328 -28.30275535583496 0
      vertex 5.549823760986328 -28.30275535583496 8
    endloop
  endfacet
  facet normal 0.8712138917822657 0.49090361046298975 0
    outer loop
      vertex 5.549823760986328 -28.30275535583496 0
      vertex 5.67311954498291 -28.521570205688477 8
      vertex 5.67311954498291 -28.521570205688477 0
    endloop
  endfacet
  facet normal 0.925870931189511 0.3778399380402602 0
    outer loop
      vertex 5.549823760986328 -28.30275535583496 8
      vertex 5.454924583435059 -28.07021141052246 0
      vertex 5.454924583435059 -28.07021141052246 8
    endloop
  endfacet
  facet normal 0.925870931189511 0.3778399380402602 0
    outer loop
      vertex 5.454924583435059 -28.07021141052246 0
      vertex 5.549823760986328 -28.30275535583496 8
      vertex 5.549823760986328 -28.30275535583496 0
    endloop
  endfacet
  facet normal -0.31896163603310496 0.9477676269735558 0
    outer loop
      vertex 8.67290210723877 -30.672840118408203 8
      vertex 8.256327629089355 -30.813034057617188 10
      vertex 8.67290210723877 -30.672840118408203 10
    endloop
  endfacet
  facet normal -0.31896163603310496 0.9477676269735558 0
    outer loop
      vertex 8.256327629089355 -30.813034057617188 10
      vertex 8.67290210723877 -30.672840118408203 8
      vertex 8.256327629089355 -30.813034057617188 8
    endloop
  endfacet
  facet normal -0.8813032105460165 0.47255121529976385 0
    outer loop
      vertex 10.325084686279297 -29.27663803100586 8
      vertex 10.53278636932373 -28.8892765045166 10
      vertex 10.53278636932373 -28.8892765045166 8
    endloop
  endfacet
  facet normal -0.8813032105460165 0.47255121529976385 0
    outer loop
      vertex 10.53278636932373 -28.8892765045166 10
      vertex 10.325084686279297 -29.27663803100586 8
      vertex 10.325084686279297 -29.27663803100586 10
    endloop
  endfacet
  facet normal -0.6454581253047194 0.7637956588500076 0
    outer loop
      vertex 9.772961616516113 -29.958454132080078 8
      vertex 9.437247276306152 -30.242155075073242 10
      vertex 9.772961616516113 -29.958454132080078 10
    endloop
  endfacet
  facet normal -0.6454581253047194 0.7637956588500076 0
    outer loop
      vertex 9.437247276306152 -30.242155075073242 10
      vertex 9.772961616516113 -29.958454132080078 8
      vertex 9.437247276306152 -30.242155075073242 8
    endloop
  endfacet
  facet normal 0.9659258921876306 0.258818799165613 0
    outer loop
      vertex 4.033271312713623 -28.54865074157715 10
      vertex 3.9195117950439453 -28.124094009399414 8
      vertex 3.9195117950439453 -28.124094009399414 10
    endloop
  endfacet
  facet normal 0.9659258921876306 0.258818799165613 0
    outer loop
      vertex 3.9195117950439453 -28.124094009399414 8
      vertex 4.033271312713623 -28.54865074157715 10
      vertex 4.033271312713623 -28.54865074157715 8
    endloop
  endfacet
  facet normal -0.5446357287973801 0.8386727150190035 0
    outer loop
      vertex 9.437247276306152 -30.242155075073242 8
      vertex 9.068622589111328 -30.48154067993164 10
      vertex 9.437247276306152 -30.242155075073242 10
    endloop
  endfacet
  facet normal -0.5446357287973801 0.8386727150190035 0
    outer loop
      vertex 9.068622589111328 -30.48154067993164 10
      vertex 9.437247276306152 -30.242155075073242 8
      vertex 9.068622589111328 -30.48154067993164 8
    endloop
  endfacet
  facet normal -0.9335809446646042 0.3583665996701497 0
    outer loop
      vertex 10.53278636932373 -28.8892765045166 8
      vertex 10.690300941467285 -28.47893524169922 10
      vertex 10.690300941467285 -28.47893524169922 8
    endloop
  endfacet
  facet normal -0.9335809446646042 0.3583665996701497 0
    outer loop
      vertex 10.690300941467285 -28.47893524169922 10
      vertex 10.53278636932373 -28.8892765045166 8
      vertex 10.53278636932373 -28.8892765045166 10
    endloop
  endfacet
  facet normal -0.7217601879390633 -0.6921432157481341 0
    outer loop
      vertex 10.023746490478516 -25.173192977905273 8
      vertex 9.719526290893555 -24.855955123901367 10
      vertex 9.719526290893555 -24.855955123901367 8
    endloop
  endfacet
  facet normal -0.7217601879390633 -0.6921432157481341 0
    outer loop
      vertex 9.719526290893555 -24.855955123901367 10
      vertex 10.023746490478516 -25.173192977905273 8
      vertex 10.023746490478516 -25.173192977905273 10
    endloop
  endfacet
  facet normal -0.197655161236044 0.9802716140115215 0
    outer loop
      vertex 8.256327629089355 -30.813034057617188 8
      vertex 7.825466156005859 -30.89990997314453 10
      vertex 8.256327629089355 -30.813034057617188 10
    endloop
  endfacet
  facet normal -0.197655161236044 0.9802716140115215 0
    outer loop
      vertex 7.825466156005859 -30.89990997314453 10
      vertex 8.256327629089355 -30.813034057617188 8
      vertex 7.825466156005859 -30.89990997314453 8
    endloop
  endfacet
  facet normal 0.5446392765970222 -0.8386704110601926 0
    outer loop
      vertex 5.263674736022949 -24.622432708740234 8
      vertex 5.632298946380615 -24.383045196533203 10
      vertex 5.263674736022949 -24.622432708740234 10
    endloop
  endfacet
  facet normal 0.5446392765970222 -0.8386704110601926 0
    outer loop
      vertex 5.632298946380615 -24.383045196533203 10
      vertex 5.263674736022949 -24.622432708740234 8
      vertex 5.632298946380615 -24.383045196533203 8
    endloop
  endfacet
  facet normal 0.5269565326864939 0.8498922359093699 0
    outer loop
      vertex 5.696533679962158 -30.516855239868164 8
      vertex 5.322977542877197 -30.285240173339844 10
      vertex 5.696533679962158 -30.516855239868164 10
    endloop
  endfacet
  facet normal 0.5269565326864939 0.8498922359093699 0
    outer loop
      vertex 5.322977542877197 -30.285240173339844 10
      vertex 5.696533679962158 -30.516855239868164 8
      vertex 5.322977542877197 -30.285240173339844 8
    endloop
  endfacet
  facet normal -0.29904198029579515 -0.954239956206388 0
    outer loop
      vertex 8.185327529907227 -24.033323287963867 8
      vertex 8.604748725891113 -24.164762496948242 10
      vertex 8.185327529907227 -24.033323287963867 10
    endloop
  endfacet
  facet normal -0.29904198029579515 -0.954239956206388 0
    outer loop
      vertex 8.604748725891113 -24.164762496948242 10
      vertex 8.185327529907227 -24.033323287963867 8
      vertex 8.604748725891113 -24.164762496948242 8
    endloop
  endfacet
  facet normal -0.9711338739434606 0.23853511037070965 0
    outer loop
      vertex 10.690300941467285 -28.47893524169922 8
      vertex 10.795145034790039 -28.05208969116211 10
      vertex 10.795145034790039 -28.05208969116211 8
    endloop
  endfacet
  facet normal -0.9711338739434606 0.23853511037070965 0
    outer loop
      vertex 10.795145034790039 -28.05208969116211 10
      vertex 10.690300941467285 -28.47893524169922 8
      vertex 10.690300941467285 -28.47893524169922 10
    endloop
  endfacet
  facet normal -0.9907482586654678 -0.13571251950849428 0
    outer loop
      vertex 10.841060638427734 -27.175960540771484 8
      vertex 10.781410217285156 -26.74049186706543 10
      vertex 10.781410217285156 -26.74049186706543 8
    endloop
  endfacet
  facet normal -0.9907482586654678 -0.13571251950849428 0
    outer loop
      vertex 10.781410217285156 -26.74049186706543 10
      vertex 10.841060638427734 -27.175960540771484 8
      vertex 10.841060638427734 -27.175960540771484 10
    endloop
  endfacet
  facet normal 0.197655161236044 -0.9802716140115215 0
    outer loop
      vertex 6.444594383239746 -24.05155372619629 8
      vertex 6.875455856323242 -23.964677810668945 10
      vertex 6.444594383239746 -24.05155372619629 10
    endloop
  endfacet
  facet normal 0.197655161236044 -0.9802716140115215 0
    outer loop
      vertex 6.875455856323242 -23.964677810668945 10
      vertex 6.444594383239746 -24.05155372619629 8
      vertex 6.875455856323242 -23.964677810668945 8
    endloop
  endfacet
  facet normal 0.7217596459796662 0.6921437808976593 0
    outer loop
      vertex 4.981395721435547 -30.00863265991211 10
      vertex 4.677175045013428 -29.691394805908203 8
      vertex 4.677175045013428 -29.691394805908203 10
    endloop
  endfacet
  facet normal 0.7217596459796662 0.6921437808976593 0
    outer loop
      vertex 4.677175045013428 -29.691394805908203 8
      vertex 4.981395721435547 -30.00863265991211 10
      vertex 4.981395721435547 -30.00863265991211 8
    endloop
  endfacet
  facet normal 0.9335803873575226 -0.35836805150763373 0
    outer loop
      vertex 4.010621070861816 -26.385650634765625 10
      vertex 4.168135643005371 -25.975311279296875 8
      vertex 4.168135643005371 -25.975311279296875 10
    endloop
  endfacet
  facet normal 0.9335803873575226 -0.35836805150763373 0
    outer loop
      vertex 4.168135643005371 -25.975311279296875 8
      vertex 4.010621070861816 -26.385650634765625 10
      vertex 4.010621070861816 -26.385650634765625 8
    endloop
  endfacet
  facet normal 0.999945164618258 0.010472237419237996 0
    outer loop
      vertex 3.859861135482788 -27.688627243041992 10
      vertex 3.8552582263946533 -27.249116897583008 8
      vertex 3.8552582263946533 -27.249116897583008 10
    endloop
  endfacet
  facet normal 0.999945164618258 0.010472237419237996 0
    outer loop
      vertex 3.8552582263946533 -27.249116897583008 8
      vertex 3.859861135482788 -27.688627243041992 10
      vertex 3.859861135482788 -27.688627243041992 8
    endloop
  endfacet
  facet normal -0.5269533981936567 -0.8498941793730307 0
    outer loop
      vertex 9.004387855529785 -24.347732543945312 8
      vertex 9.377943992614746 -24.579345703125 10
      vertex 9.004387855529785 -24.347732543945312 10
    endloop
  endfacet
  facet normal -0.5269533981936567 -0.8498941793730307 0
    outer loop
      vertex 9.377943992614746 -24.579345703125 10
      vertex 9.004387855529785 -24.347732543945312 8
      vertex 9.377943992614746 -24.579345703125 8
    endloop
  endfacet
  facet normal 0.9933726434569883 -0.1149382061425842 0
    outer loop
      vertex 3.8552582263946533 -27.249116897583008 10
      vertex 3.9057772159576416 -26.812498092651367 8
      vertex 3.9057772159576416 -26.812498092651367 10
    endloop
  endfacet
  facet normal 0.9933726434569883 -0.1149382061425842 0
    outer loop
      vertex 3.9057772159576416 -26.812498092651367 8
      vertex 3.8552582263946533 -27.249116897583008 10
      vertex 3.8552582263946533 -27.249116897583008 8
    endloop
  endfacet
  facet normal -0.9933727007848658 0.11493771067574579 0
    outer loop
      vertex 10.795145034790039 -28.05208969116211 8
      vertex 10.845664024353027 -27.615468978881836 10
      vertex 10.845664024353027 -27.615468978881836 8
    endloop
  endfacet
  facet normal -0.9933727007848658 0.11493771067574579 0
    outer loop
      vertex 10.845664024353027 -27.615468978881836 10
      vertex 10.795145034790039 -28.05208969116211 8
      vertex 10.795145034790039 -28.05208969116211 10
    endloop
  endfacet
  facet normal 0.4162822022464864 0.909235463503715 0
    outer loop
      vertex 6.096173286437988 -30.699825286865234 8
      vertex 5.696533679962158 -30.516855239868164 10
      vertex 6.096173286437988 -30.699825286865234 10
    endloop
  endfacet
  facet normal 0.4162822022464864 0.909235463503715 0
    outer loop
      vertex 5.696533679962158 -30.516855239868164 10
      vertex 6.096173286437988 -30.699825286865234 8
      vertex 5.696533679962158 -30.516855239868164 8
    endloop
  endfacet
  facet normal 0.8151286966596653 -0.5792799046073629 0
    outer loop
      vertex 4.375837326049805 -25.587947845458984 10
      vertex 4.630450248718262 -25.229671478271484 8
      vertex 4.630450248718262 -25.229671478271484 10
    endloop
  endfacet
  facet normal 0.8151286966596653 -0.5792799046073629 0
    outer loop
      vertex 4.630450248718262 -25.229671478271484 8
      vertex 4.375837326049805 -25.587947845458984 10
      vertex 4.375837326049805 -25.587947845458984 8
    endloop
  endfacet
  facet normal -0.1770811635596402 -0.9841962515232234 0
    outer loop
      vertex 7.752739906311035 -23.955490112304688 8
      vertex 8.185327529907227 -24.033323287963867 10
      vertex 7.752739906311035 -23.955490112304688 10
    endloop
  endfacet
  facet normal -0.1770811635596402 -0.9841962515232234 0
    outer loop
      vertex 8.185327529907227 -24.033323287963867 10
      vertex 7.752739906311035 -23.955490112304688 8
      vertex 8.185327529907227 -24.033323287963867 8
    endloop
  endfacet
  facet normal 0.8028176895108118 0.5962245863837903 0
    outer loop
      vertex 4.677175045013428 -29.691394805908203 10
      vertex 4.415114402770996 -29.338529586791992 8
      vertex 4.415114402770996 -29.338529586791992 10
    endloop
  endfacet
  facet normal 0.8028176895108118 0.5962245863837903 0
    outer loop
      vertex 4.415114402770996 -29.338529586791992 8
      vertex 4.677175045013428 -29.691394805908203 10
      vertex 4.677175045013428 -29.691394805908203 8
    endloop
  endfacet
  facet normal 0.7360949733290231 -0.6768782684055861 0
    outer loop
      vertex 4.630450248718262 -25.229671478271484 10
      vertex 4.927960395812988 -24.9061336517334 8
      vertex 4.927960395812988 -24.9061336517334 10
    endloop
  endfacet
  facet normal 0.7360949733290231 -0.6768782684055861 0
    outer loop
      vertex 4.927960395812988 -24.9061336517334 8
      vertex 4.630450248718262 -25.229671478271484 10
      vertex 4.630450248718262 -25.229671478271484 8
    endloop
  endfacet
  facet normal -0.43523235920766545 0.9003181623729078 0
    outer loop
      vertex 9.068622589111328 -30.48154067993164 8
      vertex 8.67290210723877 -30.672840118408203 10
      vertex 9.068622589111328 -30.48154067993164 10
    endloop
  endfacet
  facet normal -0.43523235920766545 0.9003181623729078 0
    outer loop
      vertex 8.67290210723877 -30.672840118408203 10
      vertex 9.068622589111328 -30.48154067993164 8
      vertex 8.67290210723877 -30.672840118408203 8
    endloop
  endfacet
  facet normal 0.8712137186903466 0.49090391765164965 0
    outer loop
      vertex 4.415114402770996 -29.338529586791992 10
      vertex 4.19934606552124 -28.955602645874023 8
      vertex 4.19934606552124 -28.955602645874023 10
    endloop
  endfacet
  facet normal 0.8712137186903466 0.49090391765164965 0
    outer loop
      vertex 4.19934606552124 -28.955602645874023 8
      vertex 4.415114402770996 -29.338529586791992 10
      vertex 4.415114402770996 -29.338529586791992 8
    endloop
  endfacet
  facet normal -0.7360969615192374 0.6768761062721496 0
    outer loop
      vertex 9.772961616516113 -29.958454132080078 8
      vertex 10.07047176361084 -29.63491439819336 10
      vertex 10.07047176361084 -29.63491439819336 8
    endloop
  endfacet
  facet normal -0.7360969615192374 0.6768761062721496 0
    outer loop
      vertex 10.07047176361084 -29.63491439819336 10
      vertex 9.772961616516113 -29.958454132080078 8
      vertex 9.772961616516113 -29.958454132080078 10
    endloop
  endfacet
  facet normal 0.4352288417342998 -0.9003198627835663 0
    outer loop
      vertex 5.632298946380615 -24.383045196533203 8
      vertex 6.028019428253174 -24.191747665405273 10
      vertex 5.632298946380615 -24.383045196533203 10
    endloop
  endfacet
  facet normal 0.4352288417342998 -0.9003198627835663 0
    outer loop
      vertex 6.028019428253174 -24.191747665405273 10
      vertex 5.632298946380615 -24.383045196533203 8
      vertex 6.028019428253174 -24.191747665405273 8
    endloop
  endfacet
  facet normal 0.9907481058064112 0.13571363542772077 0
    outer loop
      vertex 3.9195117950439453 -28.124094009399414 10
      vertex 3.859861135482788 -27.688627243041992 8
      vertex 3.859861135482788 -27.688627243041992 10
    endloop
  endfacet
  facet normal 0.9907481058064112 0.13571363542772077 0
    outer loop
      vertex 3.859861135482788 -27.688627243041992 8
      vertex 3.9195117950439453 -28.124094009399414 10
      vertex 3.9195117950439453 -28.124094009399414 8
    endloop
  endfacet
  facet normal -0.052338528060203095 -0.9986293999680219 0
    outer loop
      vertex 7.313808917999268 -23.932485580444336 8
      vertex 7.752739906311035 -23.955490112304688 10
      vertex 7.313808917999268 -23.932485580444336 10
    endloop
  endfacet
  facet normal -0.052338528060203095 -0.9986293999680219 0
    outer loop
      vertex 7.752739906311035 -23.955490112304688 10
      vertex 7.313808917999268 -23.932485580444336 8
      vertex 7.752739906311035 -23.955490112304688 8
    endloop
  endfacet
  facet normal -0.9659253302758034 -0.2588208962421312 0
    outer loop
      vertex 10.781410217285156 -26.74049186706543 8
      vertex 10.66765022277832 -26.315937042236328 10
      vertex 10.66765022277832 -26.315937042236328 8
    endloop
  endfacet
  facet normal -0.9659253302758034 -0.2588208962421312 0
    outer loop
      vertex 10.66765022277832 -26.315937042236328 10
      vertex 10.781410217285156 -26.74049186706543 8
      vertex 10.781410217285156 -26.74049186706543 10
    endloop
  endfacet
  facet normal -0.8028171702267909 -0.5962252856002067 0
    outer loop
      vertex 10.285807609558105 -25.526058197021484 8
      vertex 10.023746490478516 -25.173192977905273 10
      vertex 10.023746490478516 -25.173192977905273 8
    endloop
  endfacet
  facet normal -0.8028171702267909 -0.5962252856002067 0
    outer loop
      vertex 10.023746490478516 -25.173192977905273 10
      vertex 10.285807609558105 -25.526058197021484 8
      vertex 10.285807609558105 -25.526058197021484 10
    endloop
  endfacet
  facet normal -0.6293224928488551 -0.7771442594489795 0
    outer loop
      vertex 9.377943992614746 -24.579345703125 8
      vertex 9.719526290893555 -24.855955123901367 10
      vertex 9.377943992614746 -24.579345703125 10
    endloop
  endfacet
  facet normal -0.6293224928488551 -0.7771442594489795 0
    outer loop
      vertex 9.719526290893555 -24.855955123901367 10
      vertex 9.377943992614746 -24.579345703125 8
      vertex 9.719526290893555 -24.855955123901367 8
    endloop
  endfacet
  facet normal -0.41628261286878354 -0.9092352755052668 0
    outer loop
      vertex 8.604748725891113 -24.164762496948242 8
      vertex 9.004387855529785 -24.347732543945312 10
      vertex 8.604748725891113 -24.164762496948242 10
    endloop
  endfacet
  facet normal -0.41628261286878354 -0.9092352755052668 0
    outer loop
      vertex 9.004387855529785 -24.347732543945312 10
      vertex 8.604748725891113 -24.164762496948242 8
      vertex 9.004387855529785 -24.347732543945312 8
    endloop
  endfacet
  facet normal 0.07324180332844471 -0.9973142123950692 0
    outer loop
      vertex 6.875455856323242 -23.964677810668945 8
      vertex 7.313808917999268 -23.932485580444336 10
      vertex 6.875455856323242 -23.964677810668945 10
    endloop
  endfacet
  facet normal 0.07324180332844471 -0.9973142123950692 0
    outer loop
      vertex 7.313808917999268 -23.932485580444336 10
      vertex 6.875455856323242 -23.964677810668945 8
      vertex 7.313808917999268 -23.932485580444336 8
    endloop
  endfacet
  facet normal 0 0 1
    outer loop
      vertex 10.841060638427734 -27.175960540771484 8
      vertex 9.345088958740234 -27.285818099975586 8
      vertex 9.3477201461792 -27.536964416503906 8
    endloop
  endfacet
  facet normal 0 0 1
    outer loop
      vertex 9.719526290893555 -24.855955123901367 8
      vertex 9.311002731323242 -27.03697967529297 8
      vertex 9.345088958740234 -27.285818099975586 8
    endloop
  endfacet
  facet normal 0 0 1
    outer loop
      vertex 9.719526290893555 -24.855955123901367 8
      vertex 9.245997428894043 -26.794374465942383 8
      vertex 9.311002731323242 -27.03697967529297 8
    endloop
  endfacet
  facet normal 0 0 1
    outer loop
      vertex 9.719526290893555 -24.855955123901367 8
      vertex 9.151098251342773 -26.561832427978516 8
      vertex 9.245997428894043 -26.794374465942383 8
    endloop
  endfacet
  facet normal 0 0 1
    outer loop
      vertex 9.719526290893555 -24.855955123901367 8
      vertex 9.027802467346191 -26.343015670776367 8
      vertex 9.151098251342773 -26.561832427978516 8
    endloop
  endfacet
  facet normal 0 0 1
    outer loop
      vertex 8.50902271270752 -25.802038192749023 8
      vertex 9.377943992614746 -24.579345703125 8
      vertex 9.004387855529785 -24.347732543945312 8
    endloop
  endfacet
  facet normal 0 0 1
    outer loop
      vertex 9.719526290893555 -24.855955123901367 8
      vertex 8.878052711486816 -26.14137840270996 8
      vertex 9.027802467346191 -26.343015670776367 8
    endloop
  endfacet
  facet normal 0 0 1
    outer loop
      vertex 9.719526290893555 -24.855955123901367 8
      vertex 8.704212188720703 -25.960100173950195 8
      vertex 8.878052711486816 -26.14137840270996 8
    endloop
  endfacet
  facet normal 0 0 1
    outer loop
      vertex 8.295561790466309 -25.669687271118164 8
      vertex 9.004387855529785 -24.347732543945312 8
      vertex 8.604748725891113 -24.164762496948242 8
    endloop
  endfacet
  facet normal 0 0 1
    outer loop
      vertex 9.377943992614746 -24.579345703125 8
      vertex 8.50902271270752 -25.802038192749023 8
      vertex 8.704212188720703 -25.960100173950195 8
    endloop
  endfacet
  facet normal 0 0 1
    outer loop
      vertex 9.004387855529785 -24.347732543945312 8
      vertex 8.295561790466309 -25.669687271118164 8
      vertex 8.50902271270752 -25.802038192749023 8
    endloop
  endfacet
  facet normal 0 0 1
    outer loop
      vertex 8.0671968460083 -25.565134048461914 8
      vertex 8.604748725891113 -24.164762496948242 8
      vertex 8.185327529907227 -24.033323287963867 8
    endloop
  endfacet
  facet normal 0 0 1
    outer loop
      vertex 8.604748725891113 -24.164762496948242 8
      vertex 8.0671968460083 -25.565134048461914 8
      vertex 8.295561790466309 -25.669687271118164 8
    endloop
  endfacet
  facet normal 0 0 1
    outer loop
      vertex 8.185327529907227 -24.033323287963867 8
      vertex 7.827527046203613 -25.49002456665039 8
      vertex 8.0671968460083 -25.565134048461914 8
    endloop
  endfacet
  facet normal 0 0 1
    outer loop
      vertex 7.752739906311035 -23.955490112304688 8
      vertex 7.827527046203613 -25.49002456665039 8
      vertex 8.185327529907227 -24.033323287963867 8
    endloop
  endfacet
  facet normal 0 0 1
    outer loop
      vertex 7.752739906311035 -23.955490112304688 8
      vertex 7.5803351402282715 -25.44554901123047 8
      vertex 7.827527046203613 -25.49002456665039 8
    endloop
  endfacet
  facet normal 0 0 1
    outer loop
      vertex 7.752739906311035 -23.955490112304688 8
      vertex 7.329516887664795 -25.432403564453125 8
      vertex 7.5803351402282715 -25.44554901123047 8
    endloop
  endfacet
  facet normal 0 0 1
    outer loop
      vertex 7.313808917999268 -23.932485580444336 8
      vertex 7.329516887664795 -25.432403564453125 8
      vertex 7.752739906311035 -23.955490112304688 8
    endloop
  endfacet
  facet normal 0 0 1
    outer loop
      vertex 7.313808917999268 -23.932485580444336 8
      vertex 7.079029083251953 -25.45079803466797 8
      vertex 7.329516887664795 -25.432403564453125 8
    endloop
  endfacet
  facet normal 0 0 1
    outer loop
      vertex 6.875455856323242 -23.964677810668945 8
      vertex 7.079029083251953 -25.45079803466797 8
      vertex 7.313808917999268 -23.932485580444336 8
    endloop
  endfacet
  facet normal 0 0 1
    outer loop
      vertex 6.875455856323242 -23.964677810668945 8
      vertex 6.832822799682617 -25.500442504882812 8
      vertex 7.079029083251953 -25.45079803466797 8
    endloop
  endfacet
  facet normal 0 0 1
    outer loop
      vertex 6.444594383239746 -24.05155372619629 8
      vertex 6.832822799682617 -25.500442504882812 8
      vertex 6.875455856323242 -23.964677810668945 8
    endloop
  endfacet
  facet normal 0 0 1
    outer loop
      vertex 6.832822799682617 -25.500442504882812 8
      vertex 6.444594383239746 -24.05155372619629 8
      vertex 6.594779968261719 -25.58055305480957 8
    endloop
  endfacet
  facet normal 0 0 1
    outer loop
      vertex 6.028019428253174 -24.191747665405273 8
      vertex 6.594779968261719 -25.58055305480957 8
      vertex 6.444594383239746 -24.05155372619629 8
    endloop
  endfacet
  facet normal 0 0 1
    outer loop
      vertex 6.594779968261719 -25.58055305480957 8
      vertex 6.028019428253174 -24.191747665405273 8
      vertex 6.368653774261475 -25.689865112304688 8
    endloop
  endfacet
  facet normal 0 0 1
    outer loop
      vertex 5.632298946380615 -24.383045196533203 8
      vertex 6.368653774261475 -25.689865112304688 8
      vertex 6.028019428253174 -24.191747665405273 8
    endloop
  endfacet
  facet normal 0 0 1
    outer loop
      vertex 6.368653774261475 -25.689865112304688 8
      vertex 5.632298946380615 -24.383045196533203 8
      vertex 6.158011436462402 -25.826658248901367 8
    endloop
  endfacet
  facet normal 0 0 1
    outer loop
      vertex 5.263674736022949 -24.622432708740234 8
      vertex 6.158011436462402 -25.826658248901367 8
      vertex 5.632298946380615 -24.383045196533203 8
    endloop
  endfacet
  facet normal 0 0 1
    outer loop
      vertex 6.158011436462402 -25.826658248901367 8
      vertex 5.263674736022949 -24.622432708740234 8
      vertex 5.966175079345703 -25.988773345947266 8
    endloop
  endfacet
  facet normal 0 0 1
    outer loop
      vertex 4.927960395812988 -24.9061336517334 8
      vertex 5.966175079345703 -25.988773345947266 8
      vertex 5.263674736022949 -24.622432708740234 8
    endloop
  endfacet
  facet normal 0 0 1
    outer loop
      vertex 5.966175079345703 -25.988773345947266 8
      vertex 4.927960395812988 -24.9061336517334 8
      vertex 5.796169281005859 -26.17365264892578 8
    endloop
  endfacet
  facet normal 0 0 1
    outer loop
      vertex 4.630450248718262 -25.229671478271484 8
      vertex 5.796169281005859 -26.17365264892578 8
      vertex 4.927960395812988 -24.9061336517334 8
    endloop
  endfacet
  facet normal 0 0 1
    outer loop
      vertex 5.796169281005859 -26.17365264892578 8
      vertex 4.630450248718262 -25.229671478271484 8
      vertex 5.6506757736206055 -26.378381729125977 8
    endloop
  endfacet
  facet normal 0 0 1
    outer loop
      vertex 4.375837326049805 -25.587947845458984 8
      vertex 5.6506757736206055 -26.378381729125977 8
      vertex 4.630450248718262 -25.229671478271484 8
    endloop
  endfacet
  facet normal 0 0 1
    outer loop
      vertex 5.6506757736206055 -26.378381729125977 8
      vertex 4.375837326049805 -25.587947845458984 8
      vertex 5.531989097595215 -26.599733352661133 8
    endloop
  endfacet
  facet normal 0 0 1
    outer loop
      vertex 4.168135643005371 -25.975311279296875 8
      vertex 5.531989097595215 -26.599733352661133 8
      vertex 4.375837326049805 -25.587947845458984 8
    endloop
  endfacet
  facet normal 0 0 1
    outer loop
      vertex 5.353201866149902 -27.327621459960938 8
      vertex 4.981395721435547 -30.00863265991211 8
      vertex 5.322977542877197 -30.285240173339844 8
    endloop
  endfacet
  facet normal 0 0 1
    outer loop
      vertex 5.531989097595215 -26.599733352661133 8
      vertex 4.168135643005371 -25.975311279296875 8
      vertex 5.441981315612793 -26.834211349487305 8
    endloop
  endfacet
  facet normal 0 0 1
    outer loop
      vertex 5.353201866149902 -27.327621459960938 8
      vertex 4.677175045013428 -29.691394805908203 8
      vertex 4.981395721435547 -30.00863265991211 8
    endloop
  endfacet
  facet normal 0 0 1
    outer loop
      vertex 4.010621070861816 -26.385650634765625 8
      vertex 5.441981315612793 -26.834211349487305 8
      vertex 4.168135643005371 -25.975311279296875 8
    endloop
  endfacet
  facet normal 0 0 1
    outer loop
      vertex 5.353201866149902 -27.327621459960938 8
      vertex 4.415114402770996 -29.338529586791992 8
      vertex 4.677175045013428 -29.691394805908203 8
    endloop
  endfacet
  facet normal 0 0 1
    outer loop
      vertex 5.441981315612793 -26.834211349487305 8
      vertex 4.010621070861816 -26.385650634765625 8
      vertex 5.382070541381836 -27.078125 8
    endloop
  endfacet
  facet normal 0 0 1
    outer loop
      vertex 5.353201866149902 -27.327621459960938 8
      vertex 4.19934606552124 -28.955602645874023 8
      vertex 4.415114402770996 -29.338529586791992 8
    endloop
  endfacet
  facet normal 0 0 1
    outer loop
      vertex 3.9057772159576416 -26.812498092651367 8
      vertex 5.382070541381836 -27.078125 8
      vertex 4.010621070861816 -26.385650634765625 8
    endloop
  endfacet
  facet normal 0 0 1
    outer loop
      vertex 5.353201866149902 -27.327621459960938 8
      vertex 4.033271312713623 -28.54865074157715 8
      vertex 4.19934606552124 -28.955602645874023 8
    endloop
  endfacet
  facet normal 0 0 1
    outer loop
      vertex 5.382070541381836 -27.078125 8
      vertex 3.9057772159576416 -26.812498092651367 8
      vertex 5.353201866149902 -27.327621459960938 8
    endloop
  endfacet
  facet normal 0 0 1
    outer loop
      vertex 5.353201866149902 -27.327621459960938 8
      vertex 3.9195117950439453 -28.124094009399414 8
      vertex 4.033271312713623 -28.54865074157715 8
    endloop
  endfacet
  facet normal 0 0 1
    outer loop
      vertex 3.8552582263946533 -27.249116897583008 8
      vertex 5.353201866149902 -27.327621459960938 8
      vertex 3.9057772159576416 -26.812498092651367 8
    endloop
  endfacet
  facet normal 0 0 1
    outer loop
      vertex 5.353201866149902 -27.327621459960938 8
      vertex 3.859861135482788 -27.688627243041992 8
      vertex 3.9195117950439453 -28.124094009399414 8
    endloop
  endfacet
  facet normal 0 0 1
    outer loop
      vertex 5.353201866149902 -27.327621459960938 8
      vertex 3.8552582263946533 -27.249116897583008 8
      vertex 3.859861135482788 -27.688627243041992 8
    endloop
  endfacet
  facet normal 0 0 1
    outer loop
      vertex 9.3477201461792 -27.536964416503906 8
      vertex 10.845664024353027 -27.615468978881836 8
      vertex 10.841060638427734 -27.175960540771484 8
    endloop
  endfacet
  facet normal 0 0 1
    outer loop
      vertex 9.345088958740234 -27.285818099975586 8
      vertex 10.841060638427734 -27.175960540771484 8
      vertex 10.781410217285156 -26.74049186706543 8
    endloop
  endfacet
  facet normal 0 0 1
    outer loop
      vertex 10.845664024353027 -27.615468978881836 8
      vertex 9.3477201461792 -27.536964416503906 8
      vertex 10.795145034790039 -28.05208969116211 8
    endloop
  endfacet
  facet normal 0 0 1
    outer loop
      vertex 9.345088958740234 -27.285818099975586 8
      vertex 10.781410217285156 -26.74049186706543 8
      vertex 10.66765022277832 -26.315937042236328 8
    endloop
  endfacet
  facet normal 0 0 1
    outer loop
      vertex 9.318851470947266 -27.786462783813477 8
      vertex 10.795145034790039 -28.05208969116211 8
      vertex 9.3477201461792 -27.536964416503906 8
    endloop
  endfacet
  facet normal 0 0 1
    outer loop
      vertex 9.345088958740234 -27.285818099975586 8
      vertex 10.66765022277832 -26.315937042236328 8
      vertex 10.501575469970703 -25.908985137939453 8
    endloop
  endfacet
  facet normal 0 0 1
    outer loop
      vertex 10.795145034790039 -28.05208969116211 8
      vertex 9.318851470947266 -27.786462783813477 8
      vertex 10.690300941467285 -28.47893524169922 8
    endloop
  endfacet
  facet normal 0 0 1
    outer loop
      vertex 9.345088958740234 -27.285818099975586 8
      vertex 10.501575469970703 -25.908985137939453 8
      vertex 10.285807609558105 -25.526058197021484 8
    endloop
  endfacet
  facet normal 0 0 1
    outer loop
      vertex 9.258940696716309 -28.03037452697754 8
      vertex 10.690300941467285 -28.47893524169922 8
      vertex 9.318851470947266 -27.786462783813477 8
    endloop
  endfacet
  facet normal 0 0 1
    outer loop
      vertex 9.345088958740234 -27.285818099975586 8
      vertex 10.285807609558105 -25.526058197021484 8
      vertex 10.023746490478516 -25.173192977905273 8
    endloop
  endfacet
  facet normal 0 0 1
    outer loop
      vertex 10.690300941467285 -28.47893524169922 8
      vertex 9.258940696716309 -28.03037452697754 8
      vertex 10.53278636932373 -28.8892765045166 8
    endloop
  endfacet
  facet normal 0 0 1
    outer loop
      vertex 9.345088958740234 -27.285818099975586 8
      vertex 10.023746490478516 -25.173192977905273 8
      vertex 9.719526290893555 -24.855955123901367 8
    endloop
  endfacet
  facet normal 0 0 1
    outer loop
      vertex 9.168932914733887 -28.264854431152344 8
      vertex 10.53278636932373 -28.8892765045166 8
      vertex 9.258940696716309 -28.03037452697754 8
    endloop
  endfacet
  facet normal 0 0 1
    outer loop
      vertex 8.704212188720703 -25.960100173950195 8
      vertex 9.719526290893555 -24.855955123901367 8
      vertex 9.377943992614746 -24.579345703125 8
    endloop
  endfacet
  facet normal 0 0 1
    outer loop
      vertex 10.53278636932373 -28.8892765045166 8
      vertex 9.168932914733887 -28.264854431152344 8
      vertex 10.325084686279297 -29.27663803100586 8
    endloop
  endfacet
  facet normal 0 0 1
    outer loop
      vertex 9.050246238708496 -28.4862060546875 8
      vertex 10.325084686279297 -29.27663803100586 8
      vertex 9.168932914733887 -28.264854431152344 8
    endloop
  endfacet
  facet normal 0 0 1
    outer loop
      vertex 10.325084686279297 -29.27663803100586 8
      vertex 9.050246238708496 -28.4862060546875 8
      vertex 10.07047176361084 -29.63491439819336 8
    endloop
  endfacet
  facet normal 0 0 1
    outer loop
      vertex 8.904752731323242 -28.690933227539062 8
      vertex 10.07047176361084 -29.63491439819336 8
      vertex 9.050246238708496 -28.4862060546875 8
    endloop
  endfacet
  facet normal 0 0 1
    outer loop
      vertex 10.07047176361084 -29.63491439819336 8
      vertex 8.904752731323242 -28.690933227539062 8
      vertex 9.772961616516113 -29.958454132080078 8
    endloop
  endfacet
  facet normal 0 0 1
    outer loop
      vertex 8.734746932983398 -28.87581443786621 8
      vertex 9.772961616516113 -29.958454132080078 8
      vertex 8.904752731323242 -28.690933227539062 8
    endloop
  endfacet
  facet normal 0 0 1
    outer loop
      vertex 9.772961616516113 -29.958454132080078 8
      vertex 8.734746932983398 -28.87581443786621 8
      vertex 9.437247276306152 -30.242155075073242 8
    endloop
  endfacet
  facet normal 0 0 1
    outer loop
      vertex 8.5429105758667 -29.037927627563477 8
      vertex 9.437247276306152 -30.242155075073242 8
      vertex 8.734746932983398 -28.87581443786621 8
    endloop
  endfacet
  facet normal 0 0 1
    outer loop
      vertex 9.437247276306152 -30.242155075073242 8
      vertex 8.5429105758667 -29.037927627563477 8
      vertex 9.068622589111328 -30.48154067993164 8
    endloop
  endfacet
  facet normal 0 0 1
    outer loop
      vertex 8.332267761230469 -29.174720764160156 8
      vertex 9.068622589111328 -30.48154067993164 8
      vertex 8.5429105758667 -29.037927627563477 8
    endloop
  endfacet
  facet normal 0 0 1
    outer loop
      vertex 9.068622589111328 -30.48154067993164 8
      vertex 8.332267761230469 -29.174720764160156 8
      vertex 8.67290210723877 -30.672840118408203 8
    endloop
  endfacet
  facet normal 0 0 1
    outer loop
      vertex 8.106142044067383 -29.284034729003906 8
      vertex 8.67290210723877 -30.672840118408203 8
      vertex 8.332267761230469 -29.174720764160156 8
    endloop
  endfacet
  facet normal 0 0 1
    outer loop
      vertex 8.67290210723877 -30.672840118408203 8
      vertex 8.106142044067383 -29.284034729003906 8
      vertex 8.256327629089355 -30.813034057617188 8
    endloop
  endfacet
  facet normal 0 0 1
    outer loop
      vertex 7.868098735809326 -29.364145278930664 8
      vertex 8.256327629089355 -30.813034057617188 8
      vertex 8.106142044067383 -29.284034729003906 8
    endloop
  endfacet
  facet normal 0 0 1
    outer loop
      vertex 7.868098735809326 -29.364145278930664 8
      vertex 7.825466156005859 -30.89990997314453 8
      vertex 8.256327629089355 -30.813034057617188 8
    endloop
  endfacet
  facet normal 0 0 1
    outer loop
      vertex 7.621892929077148 -29.413787841796875 8
      vertex 7.825466156005859 -30.89990997314453 8
      vertex 7.868098735809326 -29.364145278930664 8
    endloop
  endfacet
  facet normal 0 0 1
    outer loop
      vertex 7.621892929077148 -29.413787841796875 8
      vertex 7.387112617492676 -30.932100296020508 8
      vertex 7.825466156005859 -30.89990997314453 8
    endloop
  endfacet
  facet normal 0 0 1
    outer loop
      vertex 7.371404647827148 -29.43218421936035 8
      vertex 7.387112617492676 -30.932100296020508 8
      vertex 7.621892929077148 -29.413787841796875 8
    endloop
  endfacet
  facet normal 0 0 1
    outer loop
      vertex 7.120586395263672 -29.419038772583008 8
      vertex 7.387112617492676 -30.932100296020508 8
      vertex 7.371404647827148 -29.43218421936035 8
    endloop
  endfacet
  facet normal 0 0 1
    outer loop
      vertex 7.120586395263672 -29.419038772583008 8
      vertex 6.948181629180908 -30.90909767150879 8
      vertex 7.387112617492676 -30.932100296020508 8
    endloop
  endfacet
  facet normal 0 0 1
    outer loop
      vertex 6.87339448928833 -29.374561309814453 8
      vertex 6.948181629180908 -30.90909767150879 8
      vertex 7.120586395263672 -29.419038772583008 8
    endloop
  endfacet
  facet normal 0 0 1
    outer loop
      vertex 6.515594482421875 -30.831262588500977 8
      vertex 6.87339448928833 -29.374561309814453 8
      vertex 6.633724689483643 -29.299453735351562 8
    endloop
  endfacet
  facet normal 0 0 1
    outer loop
      vertex 6.87339448928833 -29.374561309814453 8
      vertex 6.515594482421875 -30.831262588500977 8
      vertex 6.948181629180908 -30.90909767150879 8
    endloop
  endfacet
  facet normal 0 0 1
    outer loop
      vertex 6.096173286437988 -30.699825286865234 8
      vertex 6.633724689483643 -29.299453735351562 8
      vertex 6.405359745025635 -29.194900512695312 8
    endloop
  endfacet
  facet normal 0 0 1
    outer loop
      vertex 5.696533679962158 -30.516855239868164 8
      vertex 6.405359745025635 -29.194900512695312 8
      vertex 6.191898822784424 -29.06254768371582 8
    endloop
  endfacet
  facet normal 0 0 1
    outer loop
      vertex 6.633724689483643 -29.299453735351562 8
      vertex 6.096173286437988 -30.699825286865234 8
      vertex 6.515594482421875 -30.831262588500977 8
    endloop
  endfacet
  facet normal 0 0 1
    outer loop
      vertex 5.322977542877197 -30.285240173339844 8
      vertex 6.191898822784424 -29.06254768371582 8
      vertex 5.996709823608398 -28.90448760986328 8
    endloop
  endfacet
  facet normal 0 0 1
    outer loop
      vertex 5.322977542877197 -30.285240173339844 8
      vertex 5.996709823608398 -28.90448760986328 8
      vertex 5.822869300842285 -28.723207473754883 8
    endloop
  endfacet
  facet normal 0 0 1
    outer loop
      vertex 6.405359745025635 -29.194900512695312 8
      vertex 5.696533679962158 -30.516855239868164 8
      vertex 6.096173286437988 -30.699825286865234 8
    endloop
  endfacet
  facet normal 0 0 1
    outer loop
      vertex 5.322977542877197 -30.285240173339844 8
      vertex 5.822869300842285 -28.723207473754883 8
      vertex 5.67311954498291 -28.521570205688477 8
    endloop
  endfacet
  facet normal 0 0 1
    outer loop
      vertex 5.322977542877197 -30.285240173339844 8
      vertex 5.67311954498291 -28.521570205688477 8
      vertex 5.549823760986328 -28.30275535583496 8
    endloop
  endfacet
  facet normal 0 0 1
    outer loop
      vertex 5.322977542877197 -30.285240173339844 8
      vertex 5.549823760986328 -28.30275535583496 8
      vertex 5.454924583435059 -28.07021141052246 8
    endloop
  endfacet
  facet normal 0 0 1
    outer loop
      vertex 5.322977542877197 -30.285240173339844 8
      vertex 5.454924583435059 -28.07021141052246 8
      vertex 5.389919281005859 -27.827608108520508 8
    endloop
  endfacet
  facet normal 0 0 1
    outer loop
      vertex 5.322977542877197 -30.285240173339844 8
      vertex 5.389919281005859 -27.827608108520508 8
      vertex 5.355832576751709 -27.57876968383789 8
    endloop
  endfacet
  facet normal 0 0 1
    outer loop
      vertex 6.191898822784424 -29.06254768371582 8
      vertex 5.322977542877197 -30.285240173339844 8
      vertex 5.696533679962158 -30.516855239868164 8
    endloop
  endfacet
  facet normal 0 0 1
    outer loop
      vertex 5.322977542877197 -30.285240173339844 8
      vertex 5.355832576751709 -27.57876968383789 8
      vertex 5.353201866149902 -27.327621459960938 8
    endloop
  endfacet
  facet normal 0.2990380288744097 0.9542411945032072 0
    outer loop
      vertex 6.515594482421875 -30.831262588500977 8
      vertex 6.096173286437988 -30.699825286865234 10
      vertex 6.515594482421875 -30.831262588500977 10
    endloop
  endfacet
  facet normal 0.2990380288744097 0.9542411945032072 0
    outer loop
      vertex 6.096173286437988 -30.699825286865234 10
      vertex 6.515594482421875 -30.831262588500977 8
      vertex 6.096173286437988 -30.699825286865234 8
    endloop
  endfacet
  facet normal -0.8151286966596653 0.5792799046073629 0
    outer loop
      vertex 10.07047176361084 -29.63491439819336 8
      vertex 10.325084686279297 -29.27663803100586 10
      vertex 10.325084686279297 -29.27663803100586 8
    endloop
  endfacet
  facet normal -0.8151286966596653 0.5792799046073629 0
    outer loop
      vertex 10.325084686279297 -29.27663803100586 10
      vertex 10.07047176361084 -29.63491439819336 8
      vertex 10.07047176361084 -29.63491439819336 10
    endloop
  endfacet
  facet normal 0.9711342465082634 -0.2385335935645699 0
    outer loop
      vertex 3.9057772159576416 -26.812498092651367 10
      vertex 4.010621070861816 -26.385650634765625 8
      vertex 4.010621070861816 -26.385650634765625 10
    endloop
  endfacet
  facet normal 0.9711342465082634 -0.2385335935645699 0
    outer loop
      vertex 4.010621070861816 -26.385650634765625 8
      vertex 3.9057772159576416 -26.812498092651367 10
      vertex 3.9057772159576416 -26.812498092651367 8
    endloop
  endfacet
  facet normal 0.17708555603697462 0.9841954611981684 0
    outer loop
      vertex 6.948181629180908 -30.90909767150879 8
      vertex 6.515594482421875 -30.831262588500977 10
      vertex 6.948181629180908 -30.90909767150879 10
    endloop
  endfacet
  facet normal 0.17708555603697462 0.9841954611981684 0
    outer loop
      vertex 6.515594482421875 -30.831262588500977 10
      vertex 6.948181629180908 -30.90909767150879 8
      vertex 6.515594482421875 -30.831262588500977 8
    endloop
  endfacet
  facet normal -0.9999451527812881 -0.010473367615350669 0
    outer loop
      vertex 10.845664024353027 -27.615468978881836 8
      vertex 10.841060638427734 -27.175960540771484 10
      vertex 10.841060638427734 -27.175960540771484 8
    endloop
  endfacet
  facet normal -0.9999451527812881 -0.010473367615350669 0
    outer loop
      vertex 10.841060638427734 -27.175960540771484 10
      vertex 10.845664024353027 -27.615468978881836 8
      vertex 10.845664024353027 -27.615468978881836 10
    endloop
  endfacet
  facet normal 0.8813041795693362 -0.47254940807667856 0
    outer loop
      vertex 4.168135643005371 -25.975311279296875 10
      vertex 4.375837326049805 -25.587947845458984 8
      vertex 4.375837326049805 -25.587947845458984 10
    endloop
  endfacet
  facet normal 0.8813041795693362 -0.47254940807667856 0
    outer loop
      vertex 4.375837326049805 -25.587947845458984 8
      vertex 4.168135643005371 -25.975311279296875 10
      vertex 4.168135643005371 -25.975311279296875 8
    endloop
  endfacet
  facet normal 0.6293204025847409 0.7771459521161902 0
    outer loop
      vertex 5.322977542877197 -30.285240173339844 8
      vertex 4.981395721435547 -30.00863265991211 10
      vertex 5.322977542877197 -30.285240173339844 10
    endloop
  endfacet
  facet normal 0.6293204025847409 0.7771459521161902 0
    outer loop
      vertex 4.981395721435547 -30.00863265991211 10
      vertex 5.322977542877197 -30.285240173339844 8
      vertex 4.981395721435547 -30.00863265991211 8
    endloop
  endfacet
  facet normal 0.052334200461016826 0.9986296267696578 0
    outer loop
      vertex 7.387112617492676 -30.932100296020508 8
      vertex 6.948181629180908 -30.90909767150879 10
      vertex 7.387112617492676 -30.932100296020508 10
    endloop
  endfacet
  facet normal 0.052334200461016826 0.9986296267696578 0
    outer loop
      vertex 6.948181629180908 -30.90909767150879 10
      vertex 7.387112617492676 -30.932100296020508 8
      vertex 6.948181629180908 -30.90909767150879 8
    endloop
  endfacet
  facet normal 0.9258699823851648 0.37784226301208607 0
    outer loop
      vertex 4.19934606552124 -28.955602645874023 10
      vertex 4.033271312713623 -28.54865074157715 8
      vertex 4.033271312713623 -28.54865074157715 10
    endloop
  endfacet
  facet normal 0.9258699823851648 0.37784226301208607 0
    outer loop
      vertex 4.033271312713623 -28.54865074157715 8
      vertex 4.19934606552124 -28.955602645874023 10
      vertex 4.19934606552124 -28.955602645874023 8
    endloop
  endfacet
  facet normal -0.07323740788161025 0.9973145351827489 0
    outer loop
      vertex 7.825466156005859 -30.89990997314453 8
      vertex 7.387112617492676 -30.932100296020508 10
      vertex 7.825466156005859 -30.89990997314453 10
    endloop
  endfacet
  facet normal -0.07323740788161025 0.9973145351827489 0
    outer loop
      vertex 7.387112617492676 -30.932100296020508 10
      vertex 7.825466156005859 -30.89990997314453 8
      vertex 7.387112617492676 -30.932100296020508 8
    endloop
  endfacet
  facet normal -0.9258699823851648 -0.37784226301208607 0
    outer loop
      vertex 10.66765022277832 -26.315937042236328 8
      vertex 10.501575469970703 -25.908985137939453 10
      vertex 10.501575469970703 -25.908985137939453 8
    endloop
  endfacet
  facet normal -0.9258699823851648 -0.37784226301208607 0
    outer loop
      vertex 10.501575469970703 -25.908985137939453 10
      vertex 10.66765022277832 -26.315937042236328 8
      vertex 10.66765022277832 -26.315937042236328 10
    endloop
  endfacet
  facet normal -0.8712141826710775 -0.49090309421795897 0
    outer loop
      vertex 10.501575469970703 -25.908985137939453 8
      vertex 10.285807609558105 -25.526058197021484 10
      vertex 10.285807609558105 -25.526058197021484 8
    endloop
  endfacet
  facet normal -0.8712141826710775 -0.49090309421795897 0
    outer loop
      vertex 10.285807609558105 -25.526058197021484 10
      vertex 10.501575469970703 -25.908985137939453 8
      vertex 10.501575469970703 -25.908985137939453 10
    endloop
  endfacet
  facet normal 0.31896130807437056 -0.947767737344697 0
    outer loop
      vertex 6.028019428253174 -24.191747665405273 8
      vertex 6.444594383239746 -24.05155372619629 10
      vertex 6.028019428253174 -24.191747665405273 10
    endloop
  endfacet
  facet normal 0.31896130807437056 -0.947767737344697 0
    outer loop
      vertex 6.444594383239746 -24.05155372619629 10
      vertex 6.028019428253174 -24.191747665405273 8
      vertex 6.444594383239746 -24.05155372619629 8
    endloop
  endfacet
  facet normal 0.6454581253047194 -0.7637956588500076 0
    outer loop
      vertex 4.927960395812988 -24.9061336517334 8
      vertex 5.263674736022949 -24.622432708740234 10
      vertex 4.927960395812988 -24.9061336517334 10
    endloop
  endfacet
  facet normal 0.6454581253047194 -0.7637956588500076 0
    outer loop
      vertex 5.263674736022949 -24.622432708740234 10
      vertex 4.927960395812988 -24.9061336517334 8
      vertex 5.263674736022949 -24.622432708740234 8
    endloop
  endfacet
  facet normal 0 -1 0
    outer loop
      vertex -19 27 9.799999237060547
      vertex -1 27 10
      vertex -19 27 10
    endloop
  endfacet
  facet normal 0 -1 0
    outer loop
      vertex -1 27 10
      vertex -19 27 9.799999237060547
      vertex -1 27 9.799999237060547
    endloop
  endfacet
  facet normal 0 0 1
    outer loop
      vertex -9.25 -4.799999237060547 9.799999237060547
      vertex -10.75 -4.799999237060547 9.799999237060547
      vertex -9.25 -6.242794036865234 9.799999237060547
    endloop
  endfacet
  facet normal 0 0 1
    outer loop
      vertex -3.7496767044067383 0.7895984649658203 9.799999237060547
      vertex -1 -15 9.799999237060547
      vertex -1 27 9.799999237060547
    endloop
  endfacet
  facet normal 0 0 1
    outer loop
      vertex -1 -15 9.799999237060547
      vertex -3.7496767044067383 0.7895984649658203 9.799999237060547
      vertex -3.6999998092651367 0 9.799999237060547
    endloop
  endfacet
  facet normal 0 0 1
    outer loop
      vertex -1 27 9.799999237060547
      vertex -3.89792537689209 1.5667457580566406 9.799999237060547
      vertex -3.7496767044067383 0.7895984649658203 9.799999237060547
    endloop
  endfacet
  facet normal 0 0 1
    outer loop
      vertex -1 27 9.799999237060547
      vertex -4.142407417297363 2.3191843032836914 9.799999237060547
      vertex -3.89792537689209 1.5667457580566406 9.799999237060547
    endloop
  endfacet
  facet normal 0 0 1
    outer loop
      vertex -1 27 9.799999237060547
      vertex -4.479267120361328 3.0350475311279297 9.799999237060547
      vertex -4.142407417297363 2.3191843032836914 9.799999237060547
    endloop
  endfacet
  facet normal 0 0 1
    outer loop
      vertex -1 27 9.799999237060547
      vertex -4.903192520141602 3.7030467987060547 9.799999237060547
      vertex -4.479267120361328 3.0350475311279297 9.799999237060547
    endloop
  endfacet
  facet normal 0 0 1
    outer loop
      vertex -1 27 9.799999237060547
      vertex -5.407497406005859 4.31264591217041 9.799999237060547
      vertex -4.903192520141602 3.7030467987060547 9.799999237060547
    endloop
  endfacet
  facet normal 0 0 1
    outer loop
      vertex -1 27 9.799999237060547
      vertex -5.984228134155273 4.8542327880859375 9.799999237060547
      vertex -5.407497406005859 4.31264591217041 9.799999237060547
    endloop
  endfacet
  facet normal 0 0 1
    outer loop
      vertex -1 27 9.799999237060547
      vertex -6.624290466308594 5.319265365600586 9.799999237060547
      vertex -5.984228134155273 4.8542327880859375 9.799999237060547
    endloop
  endfacet
  facet normal 0 0 1
    outer loop
      vertex -1 27 9.799999237060547
      vertex -7.31758975982666 5.700409889221191 9.799999237060547
      vertex -6.624290466308594 5.319265365600586 9.799999237060547
    endloop
  endfacet
  facet normal 0 0 1
    outer loop
      vertex -1 27 9.799999237060547
      vertex -8.053192138671875 5.991655349731445 9.799999237060547
      vertex -7.31758975982666 5.700409889221191 9.799999237060547
    endloop
  endfacet
  facet normal 0 0 1
    outer loop
      vertex -1 27 9.799999237060547
      vertex -8.819497108459473 6.188408851623535 9.799999237060547
      vertex -8.053192138671875 5.991655349731445 9.799999237060547
    endloop
  endfacet
  facet normal 0 0 1
    outer loop
      vertex -1 27 9.799999237060547
      vertex -9.604419708251953 6.287568092346191 9.799999237060547
      vertex -8.819497108459473 6.188408851623535 9.799999237060547
    endloop
  endfacet
  facet normal 0 0 1
    outer loop
      vertex -1 27 9.799999237060547
      vertex -10.39557933807373 6.287568092346191 9.799999237060547
      vertex -9.604419708251953 6.287568092346191 9.799999237060547
    endloop
  endfacet
  facet normal 0 0 1
    outer loop
      vertex -19 27 9.799999237060547
      vertex -10.39557933807373 6.287568092346191 9.799999237060547
      vertex -1 27 9.799999237060547
    endloop
  endfacet
  facet normal 0 0 1
    outer loop
      vertex -10.39557933807373 6.287568092346191 9.799999237060547
      vertex -19 27 9.799999237060547
      vertex -11.180501937866211 6.188408851623535 9.799999237060547
    endloop
  endfacet
  facet normal 0 0 1
    outer loop
      vertex -11.180501937866211 6.188408851623535 9.799999237060547
      vertex -19 27 9.799999237060547
      vertex -11.946806907653809 5.991655349731445 9.799999237060547
    endloop
  endfacet
  facet normal 0 0 1
    outer loop
      vertex -11.946806907653809 5.991655349731445 9.799999237060547
      vertex -19 27 9.799999237060547
      vertex -12.682409286499023 5.700409889221191 9.799999237060547
    endloop
  endfacet
  facet normal 0 0 1
    outer loop
      vertex -12.682409286499023 5.700409889221191 9.799999237060547
      vertex -19 27 9.799999237060547
      vertex -13.37570858001709 5.319265365600586 9.799999237060547
    endloop
  endfacet
  facet normal 0 0 1
    outer loop
      vertex -13.37570858001709 5.319265365600586 9.799999237060547
      vertex -19 27 9.799999237060547
      vertex -14.01577091217041 4.8542327880859375 9.799999237060547
    endloop
  endfacet
  facet normal 0 0 1
    outer loop
      vertex -14.01577091217041 4.8542327880859375 9.799999237060547
      vertex -19 27 9.799999237060547
      vertex -14.592501640319824 4.31264591217041 9.799999237060547
    endloop
  endfacet
  facet normal 0 0 1
    outer loop
      vertex -14.592501640319824 4.31264591217041 9.799999237060547
      vertex -19 27 9.799999237060547
      vertex -15.096806526184082 3.7030467987060547 9.799999237060547
    endloop
  endfacet
  facet normal 0 0 1
    outer loop
      vertex -19 -15 9.799999237060547
      vertex -16.250322341918945 0.7895984649658203 9.799999237060547
      vertex -19 27 9.799999237060547
    endloop
  endfacet
  facet normal 0 0 1
    outer loop
      vertex -16.102073669433594 1.5667457580566406 9.799999237060547
      vertex -19 27 9.799999237060547
      vertex -16.250322341918945 0.7895984649658203 9.799999237060547
    endloop
  endfacet
  facet normal 0 0 1
    outer loop
      vertex -15.85759162902832 2.3191843032836914 9.799999237060547
      vertex -19 27 9.799999237060547
      vertex -16.102073669433594 1.5667457580566406 9.799999237060547
    endloop
  endfacet
  facet normal 0 0 1
    outer loop
      vertex -15.520731925964355 3.0350475311279297 9.799999237060547
      vertex -19 27 9.799999237060547
      vertex -15.85759162902832 2.3191843032836914 9.799999237060547
    endloop
  endfacet
  facet normal 0 0 1
    outer loop
      vertex -15.096806526184082 3.7030467987060547 9.799999237060547
      vertex -19 27 9.799999237060547
      vertex -15.520731925964355 3.0350475311279297 9.799999237060547
    endloop
  endfacet
  facet normal 0 0 1
    outer loop
      vertex -3.7496767044067383 -0.7895984649658203 9.799999237060547
      vertex -1 -15 9.799999237060547
      vertex -3.6999998092651367 0 9.799999237060547
    endloop
  endfacet
  facet normal 0 0 1
    outer loop
      vertex -3.89792537689209 -1.5667457580566406 9.799999237060547
      vertex -1 -15 9.799999237060547
      vertex -3.7496767044067383 -0.7895984649658203 9.799999237060547
    endloop
  endfacet
  facet normal 0 0 1
    outer loop
      vertex -4.142407417297363 -2.3191843032836914 9.799999237060547
      vertex -1 -15 9.799999237060547
      vertex -3.89792537689209 -1.5667457580566406 9.799999237060547
    endloop
  endfacet
  facet normal 0 0 1
    outer loop
      vertex -4.479267120361328 -3.0350475311279297 9.799999237060547
      vertex -1 -15 9.799999237060547
      vertex -4.142407417297363 -2.3191843032836914 9.799999237060547
    endloop
  endfacet
  facet normal 0 0 1
    outer loop
      vertex -4.903192520141602 -3.7030467987060547 9.799999237060547
      vertex -1 -15 9.799999237060547
      vertex -4.479267120361328 -3.0350475311279297 9.799999237060547
    endloop
  endfacet
  facet normal 0 0 1
    outer loop
      vertex -5.407497406005859 -4.31264591217041 9.799999237060547
      vertex -1 -15 9.799999237060547
      vertex -4.903192520141602 -3.7030467987060547 9.799999237060547
    endloop
  endfacet
  facet normal 0 0 1
    outer loop
      vertex -5.984228134155273 -4.8542327880859375 9.799999237060547
      vertex -1 -15 9.799999237060547
      vertex -5.407497406005859 -4.31264591217041 9.799999237060547
    endloop
  endfacet
  facet normal 0 0 1
    outer loop
      vertex -6.624290466308594 -5.319265365600586 9.799999237060547
      vertex -1 -15 9.799999237060547
      vertex -5.984228134155273 -4.8542327880859375 9.799999237060547
    endloop
  endfacet
  facet normal 0 0 1
    outer loop
      vertex -7.31758975982666 -5.700409889221191 9.799999237060547
      vertex -1 -15 9.799999237060547
      vertex -6.624290466308594 -5.319265365600586 9.799999237060547
    endloop
  endfacet
  facet normal 0 0 1
    outer loop
      vertex -8.053192138671875 -5.991655349731445 9.799999237060547
      vertex -1 -15 9.799999237060547
      vertex -7.31758975982666 -5.700409889221191 9.799999237060547
    endloop
  endfacet
  facet normal 0 0 1
    outer loop
      vertex -8.819497108459473 -6.188408851623535 9.799999237060547
      vertex -1 -15 9.799999237060547
      vertex -8.053192138671875 -5.991655349731445 9.799999237060547
    endloop
  endfacet
  facet normal 0 0 1
    outer loop
      vertex -9.25 -6.242794036865234 9.799999237060547
      vertex -1 -15 9.799999237060547
      vertex -8.819497108459473 -6.188408851623535 9.799999237060547
    endloop
  endfacet
  facet normal 0 0 1
    outer loop
      vertex -10.75 -6.242794036865234 9.799999237060547
      vertex -9.25 -6.242794036865234 9.799999237060547
      vertex -10.75 -4.799999237060547 9.799999237060547
    endloop
  endfacet
  facet normal 0 0 1
    outer loop
      vertex -9.25 -6.242794036865234 9.799999237060547
      vertex -10.75 -6.242794036865234 9.799999237060547
      vertex -1 -15 9.799999237060547
    endloop
  endfacet
  facet normal 0 0 1
    outer loop
      vertex -19 -15 9.799999237060547
      vertex -10.75 -6.242794036865234 9.799999237060547
      vertex -11.180501937866211 -6.188408851623535 9.799999237060547
    endloop
  endfacet
  facet normal 0 0 1
    outer loop
      vertex -19 -15 9.799999237060547
      vertex -11.180501937866211 -6.188408851623535 9.799999237060547
      vertex -11.946806907653809 -5.991655349731445 9.799999237060547
    endloop
  endfacet
  facet normal 0 0 1
    outer loop
      vertex -19 -15 9.799999237060547
      vertex -11.946806907653809 -5.991655349731445 9.799999237060547
      vertex -12.682409286499023 -5.700409889221191 9.799999237060547
    endloop
  endfacet
  facet normal 0 0 1
    outer loop
      vertex -19 -15 9.799999237060547
      vertex -12.682409286499023 -5.700409889221191 9.799999237060547
      vertex -13.37570858001709 -5.319265365600586 9.799999237060547
    endloop
  endfacet
  facet normal 0 0 1
    outer loop
      vertex -19 -15 9.799999237060547
      vertex -13.37570858001709 -5.319265365600586 9.799999237060547
      vertex -14.01577091217041 -4.8542327880859375 9.799999237060547
    endloop
  endfacet
  facet normal 0 0 1
    outer loop
      vertex -16.250322341918945 0.7895984649658203 9.799999237060547
      vertex -19 -15 9.799999237060547
      vertex -16.299999237060547 0 9.799999237060547
    endloop
  endfacet
  facet normal 0 0 1
    outer loop
      vertex -10.75 -6.242794036865234 9.799999237060547
      vertex -19 -15 9.799999237060547
      vertex -1 -15 9.799999237060547
    endloop
  endfacet
  facet normal 0 0 1
    outer loop
      vertex -14.592501640319824 -4.31264591217041 9.799999237060547
      vertex -19 -15 9.799999237060547
      vertex -14.01577091217041 -4.8542327880859375 9.799999237060547
    endloop
  endfacet
  facet normal 0 0 1
    outer loop
      vertex -15.096806526184082 -3.7030467987060547 9.799999237060547
      vertex -19 -15 9.799999237060547
      vertex -14.592501640319824 -4.31264591217041 9.799999237060547
    endloop
  endfacet
  facet normal 0 0 1
    outer loop
      vertex -15.520731925964355 -3.0350475311279297 9.799999237060547
      vertex -19 -15 9.799999237060547
      vertex -15.096806526184082 -3.7030467987060547 9.799999237060547
    endloop
  endfacet
  facet normal 0 0 1
    outer loop
      vertex -15.85759162902832 -2.3191843032836914 9.799999237060547
      vertex -19 -15 9.799999237060547
      vertex -15.520731925964355 -3.0350475311279297 9.799999237060547
    endloop
  endfacet
  facet normal 0 0 1
    outer loop
      vertex -16.102073669433594 -1.5667457580566406 9.799999237060547
      vertex -19 -15 9.799999237060547
      vertex -15.85759162902832 -2.3191843032836914 9.799999237060547
    endloop
  endfacet
  facet normal 0 0 1
    outer loop
      vertex -16.250322341918945 -0.7895984649658203 9.799999237060547
      vertex -19 -15 9.799999237060547
      vertex -16.102073669433594 -1.5667457580566406 9.799999237060547
    endloop
  endfacet
  facet normal 0 0 1
    outer loop
      vertex -16.299999237060547 0 9.799999237060547
      vertex -19 -15 9.799999237060547
      vertex -16.250322341918945 -0.7895984649658203 9.799999237060547
    endloop
  endfacet
  facet normal 0 1 0
    outer loop
      vertex -1 -15 9.799999237060547
      vertex -19 -15 10
      vertex -1 -15 10
    endloop
  endfacet
  facet normal 0 1 0
    outer loop
      vertex -19 -15 10
      vertex -1 -15 9.799999237060547
      vertex -19 -15 9.799999237060547
    endloop
  endfacet
  facet normal 1 0 0
    outer loop
      vertex -19 -15 10
      vertex -19 27 9.799999237060547
      vertex -19 27 10
    endloop
  endfacet
  facet normal 1 0 0
    outer loop
      vertex -19 27 9.799999237060547
      vertex -19 -15 10
      vertex -19 -15 9.799999237060547
    endloop
  endfacet
  facet normal -1 0 0
    outer loop
      vertex -1 -15 9.799999237060547
      vertex -1 27 10
      vertex -1 27 9.799999237060547
    endloop
  endfacet
  facet normal -1 0 0
    outer loop
      vertex -1 27 10
      vertex -1 -15 9.799999237060547
      vertex -1 -15 10
    endloop
  endfacet
  facet normal 0 -1 0
    outer loop
      vertex 1 27 9.799999237060547
      vertex 19 27 10
      vertex 1 27 10
    endloop
  endfacet
  facet normal 0 -1 0
    outer loop
      vertex 19 27 10
      vertex 1 27 9.799999237060547
      vertex 19 27 9.799999237060547
    endloop
  endfacet
  facet normal 0 0 1
    outer loop
      vertex 10.75 -4.799999237060547 9.799999237060547
      vertex 9.25 -4.799999237060547 9.799999237060547
      vertex 10.75 -6.242794036865234 9.799999237060547
    endloop
  endfacet
  facet normal 0 0 1
    outer loop
      vertex 19 27 9.799999237060547
      vertex 18.896249771118164 23.374914169311523 9.799999237060547
      vertex 19 23.40505599975586 9.799999237060547
    endloop
  endfacet
  facet normal 0 0 1
    outer loop
      vertex 19 27 9.799999237060547
      vertex 18.49286651611328 23.200355529785156 9.799999237060547
      vertex 18.896249771118164 23.374914169311523 9.799999237060547
    endloop
  endfacet
  facet normal 0 0 1
    outer loop
      vertex 19 27 9.799999237060547
      vertex 18.11454200744629 22.976613998413086 9.799999237060547
      vertex 18.49286651611328 23.200355529785156 9.799999237060547
    endloop
  endfacet
  facet normal 0 0 1
    outer loop
      vertex 19 27 9.799999237060547
      vertex 17.767240524291992 22.70722198486328 9.799999237060547
      vertex 18.11454200744629 22.976613998413086 9.799999237060547
    endloop
  endfacet
  facet normal 0 0 1
    outer loop
      vertex 19 27 9.799999237060547
      vertex 17.456443786621094 22.39642333984375 9.799999237060547
      vertex 17.767240524291992 22.70722198486328 9.799999237060547
    endloop
  endfacet
  facet normal 0 0 1
    outer loop
      vertex 19 27 9.799999237060547
      vertex 17.18705177307129 22.049123764038086 9.799999237060547
      vertex 17.456443786621094 22.39642333984375 9.799999237060547
    endloop
  endfacet
  facet normal 0 0 1
    outer loop
      vertex 1 27 9.799999237060547
      vertex 17.18705177307129 22.049123764038086 9.799999237060547
      vertex 19 27 9.799999237060547
    endloop
  endfacet
  facet normal 0 0 1
    outer loop
      vertex 17.18705177307129 22.049123764038086 9.799999237060547
      vertex 1 27 9.799999237060547
      vertex 16.96331024169922 21.670799255371094 9.799999237060547
    endloop
  endfacet
  facet normal 0 0 1
    outer loop
      vertex 19 16.758739471435547 9.799999237060547
      vertex 16.250322341918945 0.7895984649658203 9.799999237060547
      vertex 16.299999237060547 0 9.799999237060547
    endloop
  endfacet
  facet normal 0 0 1
    outer loop
      vertex 16.624923706054688 19.534311294555664 9.799999237060547
      vertex 16.102073669433594 1.5667457580566406 9.799999237060547
      vertex 16.250322341918945 0.7895984649658203 9.799999237060547
    endloop
  endfacet
  facet normal 0 0 1
    outer loop
      vertex 16.624923706054688 19.534311294555664 9.799999237060547
      vertex 15.85759162902832 2.3191843032836914 9.799999237060547
      vertex 16.102073669433594 1.5667457580566406 9.799999237060547
    endloop
  endfacet
  facet normal 0 0 1
    outer loop
      vertex 1 27 9.799999237060547
      vertex 16.583560943603516 19.971895217895508 9.799999237060547
      vertex 16.597366333007812 20.411211013793945 9.799999237060547
    endloop
  endfacet
  facet normal 0 0 1
    outer loop
      vertex 16.624923706054688 19.534311294555664 9.799999237060547
      vertex 15.520731925964355 3.0350475311279297 9.799999237060547
      vertex 15.85759162902832 2.3191843032836914 9.799999237060547
    endloop
  endfacet
  facet normal 0 0 1
    outer loop
      vertex 16.624923706054688 19.534311294555664 9.799999237060547
      vertex 15.096806526184082 3.7030467987060547 9.799999237060547
      vertex 15.520731925964355 3.0350475311279297 9.799999237060547
    endloop
  endfacet
  facet normal 0 0 1
    outer loop
      vertex 16.624923706054688 19.534311294555664 9.799999237060547
      vertex 14.592501640319824 4.31264591217041 9.799999237060547
      vertex 15.096806526184082 3.7030467987060547 9.799999237060547
    endloop
  endfacet
  facet normal 0 0 1
    outer loop
      vertex 16.624923706054688 19.534311294555664 9.799999237060547
      vertex 14.01577091217041 4.8542327880859375 9.799999237060547
      vertex 14.592501640319824 4.31264591217041 9.799999237060547
    endloop
  endfacet
  facet normal 0 0 1
    outer loop
      vertex 1 27 9.799999237060547
      vertex 16.597366333007812 20.411211013793945 9.799999237060547
      vertex 16.66612434387207 20.845333099365234 9.799999237060547
    endloop
  endfacet
  facet normal 0 0 1
    outer loop
      vertex 16.624923706054688 19.534311294555664 9.799999237060547
      vertex 13.37570858001709 5.319265365600586 9.799999237060547
      vertex 14.01577091217041 4.8542327880859375 9.799999237060547
    endloop
  endfacet
  facet normal 0 0 1
    outer loop
      vertex 16.624923706054688 19.534311294555664 9.799999237060547
      vertex 12.682409286499023 5.700409889221191 9.799999237060547
      vertex 13.37570858001709 5.319265365600586 9.799999237060547
    endloop
  endfacet
  facet normal 0 0 1
    outer loop
      vertex 16.624923706054688 19.534311294555664 9.799999237060547
      vertex 11.946806907653809 5.991655349731445 9.799999237060547
      vertex 12.682409286499023 5.700409889221191 9.799999237060547
    endloop
  endfacet
  facet normal 0 0 1
    outer loop
      vertex 1 27 9.799999237060547
      vertex 16.66612434387207 20.845333099365234 9.799999237060547
      vertex 16.78875160217285 21.26741600036621 9.799999237060547
    endloop
  endfacet
  facet normal 0 0 1
    outer loop
      vertex 16.624923706054688 19.534311294555664 9.799999237060547
      vertex 11.180501937866211 6.188408851623535 9.799999237060547
      vertex 11.946806907653809 5.991655349731445 9.799999237060547
    endloop
  endfacet
  facet normal 0 0 1
    outer loop
      vertex 16.624923706054688 19.534311294555664 9.799999237060547
      vertex 10.39557933807373 6.287568092346191 9.799999237060547
      vertex 11.180501937866211 6.188408851623535 9.799999237060547
    endloop
  endfacet
  facet normal 0 0 1
    outer loop
      vertex 16.96331024169922 21.670799255371094 9.799999237060547
      vertex 1 27 9.799999237060547
      vertex 16.78875160217285 21.26741600036621 9.799999237060547
    endloop
  endfacet
  facet normal 0 0 1
    outer loop
      vertex 16.624923706054688 19.534311294555664 9.799999237060547
      vertex 9.604419708251953 6.287568092346191 9.799999237060547
      vertex 10.39557933807373 6.287568092346191 9.799999237060547
    endloop
  endfacet
  facet normal 0 0 1
    outer loop
      vertex 16.624923706054688 19.534311294555664 9.799999237060547
      vertex 1 27 9.799999237060547
      vertex 8.819497108459473 6.188408851623535 9.799999237060547
    endloop
  endfacet
  facet normal 0 0 1
    outer loop
      vertex 16.624923706054688 19.534311294555664 9.799999237060547
      vertex 8.819497108459473 6.188408851623535 9.799999237060547
      vertex 9.604419708251953 6.287568092346191 9.799999237060547
    endloop
  endfacet
  facet normal 0 0 1
    outer loop
      vertex 8.819497108459473 6.188408851623535 9.799999237060547
      vertex 1 27 9.799999237060547
      vertex 8.053192138671875 5.991655349731445 9.799999237060547
    endloop
  endfacet
  facet normal 0 0 1
    outer loop
      vertex 8.053192138671875 5.991655349731445 9.799999237060547
      vertex 1 27 9.799999237060547
      vertex 7.31758975982666 5.700409889221191 9.799999237060547
    endloop
  endfacet
  facet normal 0 0 1
    outer loop
      vertex 7.31758975982666 5.700409889221191 9.799999237060547
      vertex 1 27 9.799999237060547
      vertex 6.624290466308594 5.319265365600586 9.799999237060547
    endloop
  endfacet
  facet normal 0 0 1
    outer loop
      vertex 6.624290466308594 5.319265365600586 9.799999237060547
      vertex 1 27 9.799999237060547
      vertex 5.984228134155273 4.8542327880859375 9.799999237060547
    endloop
  endfacet
  facet normal 0 0 1
    outer loop
      vertex 5.984228134155273 4.8542327880859375 9.799999237060547
      vertex 1 27 9.799999237060547
      vertex 5.407497406005859 4.31264591217041 9.799999237060547
    endloop
  endfacet
  facet normal 0 0 1
    outer loop
      vertex 5.407497406005859 4.31264591217041 9.799999237060547
      vertex 1 27 9.799999237060547
      vertex 4.903192520141602 3.7030467987060547 9.799999237060547
    endloop
  endfacet
  facet normal 0 0 1
    outer loop
      vertex 1 -15 9.799999237060547
      vertex 3.7496767044067383 0.7895984649658203 9.799999237060547
      vertex 1 27 9.799999237060547
    endloop
  endfacet
  facet normal 0 0 1
    outer loop
      vertex 3.89792537689209 1.5667457580566406 9.799999237060547
      vertex 1 27 9.799999237060547
      vertex 3.7496767044067383 0.7895984649658203 9.799999237060547
    endloop
  endfacet
  facet normal 0 0 1
    outer loop
      vertex 4.142407417297363 2.3191843032836914 9.799999237060547
      vertex 1 27 9.799999237060547
      vertex 3.89792537689209 1.5667457580566406 9.799999237060547
    endloop
  endfacet
  facet normal 0 0 1
    outer loop
      vertex 4.479267120361328 3.0350475311279297 9.799999237060547
      vertex 1 27 9.799999237060547
      vertex 4.142407417297363 2.3191843032836914 9.799999237060547
    endloop
  endfacet
  facet normal 0 0 1
    outer loop
      vertex 4.903192520141602 3.7030467987060547 9.799999237060547
      vertex 1 27 9.799999237060547
      vertex 4.479267120361328 3.0350475311279297 9.799999237060547
    endloop
  endfacet
  facet normal 0 0 1
    outer loop
      vertex 16.250322341918945 0.7895984649658203 9.799999237060547
      vertex 19 16.758739471435547 9.799999237060547
      vertex 18.691814422607422 16.869691848754883 9.799999237060547
    endloop
  endfacet
  facet normal 0 0 1
    outer loop
      vertex 16.250322341918945 0.7895984649658203 9.799999237060547
      vertex 18.691814422607422 16.869691848754883 9.799999237060547
      vertex 18.300188064575195 17.069236755371094 9.799999237060547
    endloop
  endfacet
  facet normal 0 0 1
    outer loop
      vertex 16.250322341918945 0.7895984649658203 9.799999237060547
      vertex 18.300188064575195 17.069236755371094 9.799999237060547
      vertex 17.936656951904297 17.31629180908203 9.799999237060547
    endloop
  endfacet
  facet normal 0 0 1
    outer loop
      vertex 16.250322341918945 0.7895984649658203 9.799999237060547
      vertex 17.936656951904297 17.31629180908203 9.799999237060547
      vertex 17.606958389282227 17.606958389282227 9.799999237060547
    endloop
  endfacet
  facet normal 0 0 1
    outer loop
      vertex 16.250322341918945 0.7895984649658203 9.799999237060547
      vertex 17.606958389282227 17.606958389282227 9.799999237060547
      vertex 17.31629180908203 17.936656951904297 9.799999237060547
    endloop
  endfacet
  facet normal 0 0 1
    outer loop
      vertex 16.250322341918945 0.7895984649658203 9.799999237060547
      vertex 17.31629180908203 17.936656951904297 9.799999237060547
      vertex 17.069236755371094 18.300188064575195 9.799999237060547
    endloop
  endfacet
  facet normal 0 0 1
    outer loop
      vertex 16.250322341918945 0.7895984649658203 9.799999237060547
      vertex 17.069236755371094 18.300188064575195 9.799999237060547
      vertex 16.869691848754883 18.691814422607422 9.799999237060547
    endloop
  endfacet
  facet normal 0 0 1
    outer loop
      vertex 16.250322341918945 0.7895984649658203 9.799999237060547
      vertex 16.869691848754883 18.691814422607422 9.799999237060547
      vertex 16.720806121826172 19.105363845825195 9.799999237060547
    endloop
  endfacet
  facet normal 0 0 1
    outer loop
      vertex 16.250322341918945 0.7895984649658203 9.799999237060547
      vertex 16.720806121826172 19.105363845825195 9.799999237060547
      vertex 16.624923706054688 19.534311294555664 9.799999237060547
    endloop
  endfacet
  facet normal 0 0 1
    outer loop
      vertex 1 27 9.799999237060547
      vertex 16.624923706054688 19.534311294555664 9.799999237060547
      vertex 16.583560943603516 19.971895217895508 9.799999237060547
    endloop
  endfacet
  facet normal 0 0 1
    outer loop
      vertex 19 16.758739471435547 9.799999237060547
      vertex 16.299999237060547 0 9.799999237060547
      vertex 19 -15 9.799999237060547
    endloop
  endfacet
  facet normal 0 0 1
    outer loop
      vertex 16.250322341918945 -0.7895984649658203 9.799999237060547
      vertex 19 -15 9.799999237060547
      vertex 16.299999237060547 0 9.799999237060547
    endloop
  endfacet
  facet normal 0 0 1
    outer loop
      vertex 16.102073669433594 -1.5667457580566406 9.799999237060547
      vertex 19 -15 9.799999237060547
      vertex 16.250322341918945 -0.7895984649658203 9.799999237060547
    endloop
  endfacet
  facet normal 0 0 1
    outer loop
      vertex 15.85759162902832 -2.3191843032836914 9.799999237060547
      vertex 19 -15 9.799999237060547
      vertex 16.102073669433594 -1.5667457580566406 9.799999237060547
    endloop
  endfacet
  facet normal 0 0 1
    outer loop
      vertex 15.520731925964355 -3.0350475311279297 9.799999237060547
      vertex 19 -15 9.799999237060547
      vertex 15.85759162902832 -2.3191843032836914 9.799999237060547
    endloop
  endfacet
  facet normal 0 0 1
    outer loop
      vertex 15.096806526184082 -3.7030467987060547 9.799999237060547
      vertex 19 -15 9.799999237060547
      vertex 15.520731925964355 -3.0350475311279297 9.799999237060547
    endloop
  endfacet
  facet normal 0 0 1
    outer loop
      vertex 14.592501640319824 -4.31264591217041 9.799999237060547
      vertex 19 -15 9.799999237060547
      vertex 15.096806526184082 -3.7030467987060547 9.799999237060547
    endloop
  endfacet
  facet normal 0 0 1
    outer loop
      vertex 14.01577091217041 -4.8542327880859375 9.799999237060547
      vertex 19 -15 9.799999237060547
      vertex 14.592501640319824 -4.31264591217041 9.799999237060547
    endloop
  endfacet
  facet normal 0 0 1
    outer loop
      vertex 13.37570858001709 -5.319265365600586 9.799999237060547
      vertex 19 -15 9.799999237060547
      vertex 14.01577091217041 -4.8542327880859375 9.799999237060547
    endloop
  endfacet
  facet normal 0 0 1
    outer loop
      vertex 12.682409286499023 -5.700409889221191 9.799999237060547
      vertex 19 -15 9.799999237060547
      vertex 13.37570858001709 -5.319265365600586 9.799999237060547
    endloop
  endfacet
  facet normal 0 0 1
    outer loop
      vertex 11.946806907653809 -5.991655349731445 9.799999237060547
      vertex 19 -15 9.799999237060547
      vertex 12.682409286499023 -5.700409889221191 9.799999237060547
    endloop
  endfacet
  facet normal 0 0 1
    outer loop
      vertex 11.180501937866211 -6.188408851623535 9.799999237060547
      vertex 19 -15 9.799999237060547
      vertex 11.946806907653809 -5.991655349731445 9.799999237060547
    endloop
  endfacet
  facet normal 0 0 1
    outer loop
      vertex 10.75 -6.242794036865234 9.799999237060547
      vertex 19 -15 9.799999237060547
      vertex 11.180501937866211 -6.188408851623535 9.799999237060547
    endloop
  endfacet
  facet normal 0 0 1
    outer loop
      vertex 9.25 -6.242794036865234 9.799999237060547
      vertex 10.75 -6.242794036865234 9.799999237060547
      vertex 9.25 -4.799999237060547 9.799999237060547
    endloop
  endfacet
  facet normal 0 0 1
    outer loop
      vertex 10.75 -6.242794036865234 9.799999237060547
      vertex 9.25 -6.242794036865234 9.799999237060547
      vertex 19 -15 9.799999237060547
    endloop
  endfacet
  facet normal 0 0 1
    outer loop
      vertex 1 -15 9.799999237060547
      vertex 9.25 -6.242794036865234 9.799999237060547
      vertex 8.819497108459473 -6.188408851623535 9.799999237060547
    endloop
  endfacet
  facet normal 0 0 1
    outer loop
      vertex 1 -15 9.799999237060547
      vertex 8.819497108459473 -6.188408851623535 9.799999237060547
      vertex 8.053192138671875 -5.991655349731445 9.799999237060547
    endloop
  endfacet
  facet normal 0 0 1
    outer loop
      vertex 1 -15 9.799999237060547
      vertex 8.053192138671875 -5.991655349731445 9.799999237060547
      vertex 7.31758975982666 -5.700409889221191 9.799999237060547
    endloop
  endfacet
  facet normal 0 0 1
    outer loop
      vertex 1 -15 9.799999237060547
      vertex 7.31758975982666 -5.700409889221191 9.799999237060547
      vertex 6.624290466308594 -5.319265365600586 9.799999237060547
    endloop
  endfacet
  facet normal 0 0 1
    outer loop
      vertex 1 -15 9.799999237060547
      vertex 6.624290466308594 -5.319265365600586 9.799999237060547
      vertex 5.984228134155273 -4.8542327880859375 9.799999237060547
    endloop
  endfacet
  facet normal 0 0 1
    outer loop
      vertex 3.7496767044067383 0.7895984649658203 9.799999237060547
      vertex 1 -15 9.799999237060547
      vertex 3.6999998092651367 0 9.799999237060547
    endloop
  endfacet
  facet normal 0 0 1
    outer loop
      vertex 9.25 -6.242794036865234 9.799999237060547
      vertex 1 -15 9.799999237060547
      vertex 19 -15 9.799999237060547
    endloop
  endfacet
  facet normal 0 0 1
    outer loop
      vertex 5.407497406005859 -4.31264591217041 9.799999237060547
      vertex 1 -15 9.799999237060547
      vertex 5.984228134155273 -4.8542327880859375 9.799999237060547
    endloop
  endfacet
  facet normal 0 0 1
    outer loop
      vertex 4.903192520141602 -3.7030467987060547 9.799999237060547
      vertex 1 -15 9.799999237060547
      vertex 5.407497406005859 -4.31264591217041 9.799999237060547
    endloop
  endfacet
  facet normal 0 0 1
    outer loop
      vertex 4.479267120361328 -3.0350475311279297 9.799999237060547
      vertex 1 -15 9.799999237060547
      vertex 4.903192520141602 -3.7030467987060547 9.799999237060547
    endloop
  endfacet
  facet normal 0 0 1
    outer loop
      vertex 4.142407417297363 -2.3191843032836914 9.799999237060547
      vertex 1 -15 9.799999237060547
      vertex 4.479267120361328 -3.0350475311279297 9.799999237060547
    endloop
  endfacet
  facet normal 0 0 1
    outer loop
      vertex 3.89792537689209 -1.5667457580566406 9.799999237060547
      vertex 1 -15 9.799999237060547
      vertex 4.142407417297363 -2.3191843032836914 9.799999237060547
    endloop
  endfacet
  facet normal 0 0 1
    outer loop
      vertex 3.7496767044067383 -0.7895984649658203 9.799999237060547
      vertex 1 -15 9.799999237060547
      vertex 3.89792537689209 -1.5667457580566406 9.799999237060547
    endloop
  endfacet
  facet normal 0 0 1
    outer loop
      vertex 3.6999998092651367 0 9.799999237060547
      vertex 1 -15 9.799999237060547
      vertex 3.7496767044067383 -0.7895984649658203 9.799999237060547
    endloop
  endfacet
  facet normal 0 1 0
    outer loop
      vertex 19 -15 9.799999237060547
      vertex 1 -15 10
      vertex 19 -15 10
    endloop
  endfacet
  facet normal 0 1 0
    outer loop
      vertex 1 -15 10
      vertex 19 -15 9.799999237060547
      vertex 1 -15 9.799999237060547
    endloop
  endfacet
  facet normal -1 0 0
    outer loop
      vertex 19 23.40505599975586 9.799999237060547
      vertex 19 27 10
      vertex 19 27 9.799999237060547
    endloop
  endfacet
  facet normal -1 0 0
    outer loop
      vertex 19 27 10
      vertex 19 23.40505599975586 9.799999237060547
      vertex 19 23.40505599975586 10
    endloop
  endfacet
  facet normal -1 0 0
    outer loop
      vertex 19 -15 9.799999237060547
      vertex 19 16.758739471435547 10
      vertex 19 16.758739471435547 9.799999237060547
    endloop
  endfacet
  facet normal -1 0 0
    outer loop
      vertex 19 16.758739471435547 10
      vertex 19 -15 9.799999237060547
      vertex 19 -15 10
    endloop
  endfacet
  facet normal 1 0 0
    outer loop
      vertex 1 -15 10
      vertex 1 27 9.799999237060547
      vertex 1 27 10
    endloop
  endfacet
  facet normal 1 0 0
    outer loop
      vertex 1 27 9.799999237060547
      vertex 1 -15 10
      vertex 1 -15 9.799999237060547
    endloop
  endfacet
  facet normal -0.2486896819249848 0.9685832138252498 0
    outer loop
      vertex -8.053192138671875 -5.991655349731445 6
      vertex -8.819497108459473 -6.188408851623535 9.799999237060547
      vertex -8.053192138671875 -5.991655349731445 9.799999237060547
    endloop
  endfacet
  facet normal -0.2486896819249848 0.9685832138252498 0
    outer loop
      vertex -8.819497108459473 -6.188408851623535 9.799999237060547
      vertex -8.053192138671875 -5.991655349731445 6
      vertex -8.819497108459473 -6.188408851623535 6
    endloop
  endfacet
  facet normal -0.36812441652289185 0.9297765397985048 0
    outer loop
      vertex -7.31758975982666 -5.700409889221191 6
      vertex -8.053192138671875 -5.991655349731445 9.799999237060547
      vertex -7.31758975982666 -5.700409889221191 9.799999237060547
    endloop
  endfacet
  facet normal -0.36812441652289185 0.9297765397985048 0
    outer loop
      vertex -8.053192138671875 -5.991655349731445 9.799999237060547
      vertex -7.31758975982666 -5.700409889221191 6
      vertex -8.053192138671875 -5.991655349731445 6
    endloop
  endfacet
  facet normal -0.48175368540656904 0.8763066738289675 0
    outer loop
      vertex -6.624290466308594 -5.319265365600586 6
      vertex -7.31758975982666 -5.700409889221191 9.799999237060547
      vertex -6.624290466308594 -5.319265365600586 9.799999237060547
    endloop
  endfacet
  facet normal -0.48175368540656904 0.8763066738289675 0
    outer loop
      vertex -7.31758975982666 -5.700409889221191 9.799999237060547
      vertex -6.624290466308594 -5.319265365600586 6
      vertex -7.31758975982666 -5.700409889221191 6
    endloop
  endfacet
  facet normal -0.5877853123783582 0.8090169507199934 0
    outer loop
      vertex -5.984228134155273 -4.8542327880859375 6
      vertex -6.624290466308594 -5.319265365600586 9.799999237060547
      vertex -5.984228134155273 -4.8542327880859375 9.799999237060547
    endloop
  endfacet
  facet normal -0.5877853123783582 0.8090169507199934 0
    outer loop
      vertex -6.624290466308594 -5.319265365600586 9.799999237060547
      vertex -5.984228134155273 -4.8542327880859375 6
      vertex -6.624290466308594 -5.319265365600586 6
    endloop
  endfacet
  facet normal -0.6845475580654211 0.7289682028364947 0
    outer loop
      vertex -5.407497406005859 -4.31264591217041 6
      vertex -5.984228134155273 -4.8542327880859375 9.799999237060547
      vertex -5.407497406005859 -4.31264591217041 9.799999237060547
    endloop
  endfacet
  facet normal -0.6845475580654211 0.7289682028364947 0
    outer loop
      vertex -5.984228134155273 -4.8542327880859375 9.799999237060547
      vertex -5.407497406005859 -4.31264591217041 6
      vertex -5.984228134155273 -4.8542327880859375 6
    endloop
  endfacet
  facet normal -0.7705128448464226 0.6374244707623585 0
    outer loop
      vertex -5.407497406005859 -4.31264591217041 6
      vertex -4.903192520141602 -3.7030467987060547 9.799999237060547
      vertex -4.903192520141602 -3.7030467987060547 6
    endloop
  endfacet
  facet normal -0.7705128448464226 0.6374244707623585 0
    outer loop
      vertex -4.903192520141602 -3.7030467987060547 9.799999237060547
      vertex -5.407497406005859 -4.31264591217041 6
      vertex -5.407497406005859 -4.31264591217041 9.799999237060547
    endloop
  endfacet
  facet normal -0.8443278261000233 0.5358269516114403 0
    outer loop
      vertex -4.903192520141602 -3.7030467987060547 6
      vertex -4.479267120361328 -3.0350475311279297 9.799999237060547
      vertex -4.479267120361328 -3.0350475311279297 6
    endloop
  endfacet
  facet normal -0.8443278261000233 0.5358269516114403 0
    outer loop
      vertex -4.479267120361328 -3.0350475311279297 9.799999237060547
      vertex -4.903192520141602 -3.7030467987060547 6
      vertex -4.903192520141602 -3.7030467987060547 9.799999237060547
    endloop
  endfacet
  facet normal -0.9048270340557695 0.42577933068884305 0
    outer loop
      vertex -4.479267120361328 -3.0350475311279297 6
      vertex -4.142407417297363 -2.3191843032836914 9.799999237060547
      vertex -4.142407417297363 -2.3191843032836914 6
    endloop
  endfacet
  facet normal -0.9048270340557695 0.42577933068884305 0
    outer loop
      vertex -4.142407417297363 -2.3191843032836914 9.799999237060547
      vertex -4.479267120361328 -3.0350475311279297 6
      vertex -4.479267120361328 -3.0350475311279297 9.799999237060547
    endloop
  endfacet
  facet normal -0.9510565397512025 0.30901692218464233 0
    outer loop
      vertex -4.142407417297363 -2.3191843032836914 6
      vertex -3.89792537689209 -1.5667457580566406 9.799999237060547
      vertex -3.89792537689209 -1.5667457580566406 6
    endloop
  endfacet
  facet normal -0.9510565397512025 0.30901692218464233 0
    outer loop
      vertex -3.89792537689209 -1.5667457580566406 9.799999237060547
      vertex -4.142407417297363 -2.3191843032836914 6
      vertex -4.142407417297363 -2.3191843032836914 9.799999237060547
    endloop
  endfacet
  facet normal -0.9822872745282029 0.18738118982425916 0
    outer loop
      vertex -3.89792537689209 -1.5667457580566406 6
      vertex -3.7496767044067383 -0.7895984649658203 9.799999237060547
      vertex -3.7496767044067383 -0.7895984649658203 6
    endloop
  endfacet
  facet normal -0.9822872745282029 0.18738118982425916 0
    outer loop
      vertex -3.7496767044067383 -0.7895984649658203 9.799999237060547
      vertex -3.89792537689209 -1.5667457580566406 6
      vertex -3.89792537689209 -1.5667457580566406 9.799999237060547
    endloop
  endfacet
  facet normal -0.9980267624518245 0.06278997873808875 0
    outer loop
      vertex -3.7496767044067383 -0.7895984649658203 6
      vertex -3.6999998092651367 0 9.799999237060547
      vertex -3.6999998092651367 0 6
    endloop
  endfacet
  facet normal -0.9980267624518245 0.06278997873808875 0
    outer loop
      vertex -3.6999998092651367 0 9.799999237060547
      vertex -3.7496767044067383 -0.7895984649658203 6
      vertex -3.7496767044067383 -0.7895984649658203 9.799999237060547
    endloop
  endfacet
  facet normal -0.9980267624518245 -0.06278997873808875 0
    outer loop
      vertex -3.6999998092651367 0 6
      vertex -3.7496767044067383 0.7895984649658203 9.799999237060547
      vertex -3.7496767044067383 0.7895984649658203 6
    endloop
  endfacet
  facet normal -0.9980267624518245 -0.06278997873808875 0
    outer loop
      vertex -3.7496767044067383 0.7895984649658203 9.799999237060547
      vertex -3.6999998092651367 0 6
      vertex -3.6999998092651367 0 9.799999237060547
    endloop
  endfacet
  facet normal -0.9822872745282029 -0.18738118982425916 0
    outer loop
      vertex -3.7496767044067383 0.7895984649658203 6
      vertex -3.89792537689209 1.5667457580566406 9.799999237060547
      vertex -3.89792537689209 1.5667457580566406 6
    endloop
  endfacet
  facet normal -0.9822872745282029 -0.18738118982425916 0
    outer loop
      vertex -3.89792537689209 1.5667457580566406 9.799999237060547
      vertex -3.7496767044067383 0.7895984649658203 6
      vertex -3.7496767044067383 0.7895984649658203 9.799999237060547
    endloop
  endfacet
  facet normal -0.9510565397512025 -0.30901692218464233 0
    outer loop
      vertex -3.89792537689209 1.5667457580566406 6
      vertex -4.142407417297363 2.3191843032836914 9.799999237060547
      vertex -4.142407417297363 2.3191843032836914 6
    endloop
  endfacet
  facet normal -0.9510565397512025 -0.30901692218464233 0
    outer loop
      vertex -4.142407417297363 2.3191843032836914 9.799999237060547
      vertex -3.89792537689209 1.5667457580566406 6
      vertex -3.89792537689209 1.5667457580566406 9.799999237060547
    endloop
  endfacet
  facet normal -0.9048270340557695 -0.42577933068884305 0
    outer loop
      vertex -4.142407417297363 2.3191843032836914 6
      vertex -4.479267120361328 3.0350475311279297 9.799999237060547
      vertex -4.479267120361328 3.0350475311279297 6
    endloop
  endfacet
  facet normal -0.9048270340557695 -0.42577933068884305 0
    outer loop
      vertex -4.479267120361328 3.0350475311279297 9.799999237060547
      vertex -4.142407417297363 2.3191843032836914 6
      vertex -4.142407417297363 2.3191843032836914 9.799999237060547
    endloop
  endfacet
  facet normal -0.8443278261000233 -0.5358269516114403 0
    outer loop
      vertex -4.479267120361328 3.0350475311279297 6
      vertex -4.903192520141602 3.7030467987060547 9.799999237060547
      vertex -4.903192520141602 3.7030467987060547 6
    endloop
  endfacet
  facet normal -0.8443278261000233 -0.5358269516114403 0
    outer loop
      vertex -4.903192520141602 3.7030467987060547 9.799999237060547
      vertex -4.479267120361328 3.0350475311279297 6
      vertex -4.479267120361328 3.0350475311279297 9.799999237060547
    endloop
  endfacet
  facet normal -0.7705128448464226 -0.6374244707623585 0
    outer loop
      vertex -4.903192520141602 3.7030467987060547 6
      vertex -5.407497406005859 4.31264591217041 9.799999237060547
      vertex -5.407497406005859 4.31264591217041 6
    endloop
  endfacet
  facet normal -0.7705128448464226 -0.6374244707623585 0
    outer loop
      vertex -5.407497406005859 4.31264591217041 9.799999237060547
      vertex -4.903192520141602 3.7030467987060547 6
      vertex -4.903192520141602 3.7030467987060547 9.799999237060547
    endloop
  endfacet
  facet normal -0.6845475580654211 -0.7289682028364947 0
    outer loop
      vertex -5.984228134155273 4.8542327880859375 6
      vertex -5.407497406005859 4.31264591217041 9.799999237060547
      vertex -5.984228134155273 4.8542327880859375 9.799999237060547
    endloop
  endfacet
  facet normal -0.6845475580654211 -0.7289682028364947 0
    outer loop
      vertex -5.407497406005859 4.31264591217041 9.799999237060547
      vertex -5.984228134155273 4.8542327880859375 6
      vertex -5.407497406005859 4.31264591217041 6
    endloop
  endfacet
  facet normal -0.5877853123783582 -0.8090169507199934 0
    outer loop
      vertex -6.624290466308594 5.319265365600586 6
      vertex -5.984228134155273 4.8542327880859375 9.799999237060547
      vertex -6.624290466308594 5.319265365600586 9.799999237060547
    endloop
  endfacet
  facet normal -0.5877853123783582 -0.8090169507199934 0
    outer loop
      vertex -5.984228134155273 4.8542327880859375 9.799999237060547
      vertex -6.624290466308594 5.319265365600586 6
      vertex -5.984228134155273 4.8542327880859375 6
    endloop
  endfacet
  facet normal -0.48175368540656904 -0.8763066738289675 0
    outer loop
      vertex -7.31758975982666 5.700409889221191 6
      vertex -6.624290466308594 5.319265365600586 9.799999237060547
      vertex -7.31758975982666 5.700409889221191 9.799999237060547
    endloop
  endfacet
  facet normal -0.48175368540656904 -0.8763066738289675 0
    outer loop
      vertex -6.624290466308594 5.319265365600586 9.799999237060547
      vertex -7.31758975982666 5.700409889221191 6
      vertex -6.624290466308594 5.319265365600586 6
    endloop
  endfacet
  facet normal -0.36812441652289185 -0.9297765397985048 0
    outer loop
      vertex -8.053192138671875 5.991655349731445 6
      vertex -7.31758975982666 5.700409889221191 9.799999237060547
      vertex -8.053192138671875 5.991655349731445 9.799999237060547
    endloop
  endfacet
  facet normal -0.36812441652289185 -0.9297765397985048 0
    outer loop
      vertex -7.31758975982666 5.700409889221191 9.799999237060547
      vertex -8.053192138671875 5.991655349731445 6
      vertex -7.31758975982666 5.700409889221191 6
    endloop
  endfacet
  facet normal -0.2486896819249848 -0.9685832138252498 0
    outer loop
      vertex -8.819497108459473 6.188408851623535 6
      vertex -8.053192138671875 5.991655349731445 9.799999237060547
      vertex -8.819497108459473 6.188408851623535 9.799999237060547
    endloop
  endfacet
  facet normal -0.2486896819249848 -0.9685832138252498 0
    outer loop
      vertex -8.053192138671875 5.991655349731445 9.799999237060547
      vertex -8.819497108459473 6.188408851623535 6
      vertex -8.053192138671875 5.991655349731445 6
    endloop
  endfacet
  facet normal -0.1253338015783536 -0.9921146295574509 0
    outer loop
      vertex -9.604419708251953 6.287568092346191 6
      vertex -8.819497108459473 6.188408851623535 9.799999237060547
      vertex -9.604419708251953 6.287568092346191 9.799999237060547
    endloop
  endfacet
  facet normal -0.1253338015783536 -0.9921146295574509 0
    outer loop
      vertex -8.819497108459473 6.188408851623535 9.799999237060547
      vertex -9.604419708251953 6.287568092346191 6
      vertex -8.819497108459473 6.188408851623535 6
    endloop
  endfacet
  facet normal 0 -1 0
    outer loop
      vertex -10.39557933807373 6.287568092346191 6
      vertex -9.604419708251953 6.287568092346191 9.799999237060547
      vertex -10.39557933807373 6.287568092346191 9.799999237060547
    endloop
  endfacet
  facet normal 0 -1 0
    outer loop
      vertex -9.604419708251953 6.287568092346191 9.799999237060547
      vertex -10.39557933807373 6.287568092346191 6
      vertex -9.604419708251953 6.287568092346191 6
    endloop
  endfacet
  facet normal 0.1253338015783536 -0.9921146295574509 0
    outer loop
      vertex -11.180501937866211 6.188408851623535 6
      vertex -10.39557933807373 6.287568092346191 9.799999237060547
      vertex -11.180501937866211 6.188408851623535 9.799999237060547
    endloop
  endfacet
  facet normal 0.1253338015783536 -0.9921146295574509 0
    outer loop
      vertex -10.39557933807373 6.287568092346191 9.799999237060547
      vertex -11.180501937866211 6.188408851623535 6
      vertex -10.39557933807373 6.287568092346191 6
    endloop
  endfacet
  facet normal 0.2486896819249848 -0.9685832138252498 0
    outer loop
      vertex -11.946806907653809 5.991655349731445 6
      vertex -11.180501937866211 6.188408851623535 9.799999237060547
      vertex -11.946806907653809 5.991655349731445 9.799999237060547
    endloop
  endfacet
  facet normal 0.2486896819249848 -0.9685832138252498 0
    outer loop
      vertex -11.180501937866211 6.188408851623535 9.799999237060547
      vertex -11.946806907653809 5.991655349731445 6
      vertex -11.180501937866211 6.188408851623535 6
    endloop
  endfacet
  facet normal 0.36812441652289185 -0.9297765397985048 0
    outer loop
      vertex -12.682409286499023 5.700409889221191 6
      vertex -11.946806907653809 5.991655349731445 9.799999237060547
      vertex -12.682409286499023 5.700409889221191 9.799999237060547
    endloop
  endfacet
  facet normal 0.36812441652289185 -0.9297765397985048 0
    outer loop
      vertex -11.946806907653809 5.991655349731445 9.799999237060547
      vertex -12.682409286499023 5.700409889221191 6
      vertex -11.946806907653809 5.991655349731445 6
    endloop
  endfacet
  facet normal 0.48175368540656904 -0.8763066738289675 0
    outer loop
      vertex -13.37570858001709 5.319265365600586 6
      vertex -12.682409286499023 5.700409889221191 9.799999237060547
      vertex -13.37570858001709 5.319265365600586 9.799999237060547
    endloop
  endfacet
  facet normal 0.48175368540656904 -0.8763066738289675 0
    outer loop
      vertex -12.682409286499023 5.700409889221191 9.799999237060547
      vertex -13.37570858001709 5.319265365600586 6
      vertex -12.682409286499023 5.700409889221191 6
    endloop
  endfacet
  facet normal 0.5877853123783582 -0.8090169507199934 0
    outer loop
      vertex -14.01577091217041 4.8542327880859375 6
      vertex -13.37570858001709 5.319265365600586 9.799999237060547
      vertex -14.01577091217041 4.8542327880859375 9.799999237060547
    endloop
  endfacet
  facet normal 0.5877853123783582 -0.8090169507199934 0
    outer loop
      vertex -13.37570858001709 5.319265365600586 9.799999237060547
      vertex -14.01577091217041 4.8542327880859375 6
      vertex -13.37570858001709 5.319265365600586 6
    endloop
  endfacet
  facet normal 0.6845475580654211 -0.7289682028364947 0
    outer loop
      vertex -14.592501640319824 4.31264591217041 6
      vertex -14.01577091217041 4.8542327880859375 9.799999237060547
      vertex -14.592501640319824 4.31264591217041 9.799999237060547
    endloop
  endfacet
  facet normal 0.6845475580654211 -0.7289682028364947 0
    outer loop
      vertex -14.01577091217041 4.8542327880859375 9.799999237060547
      vertex -14.592501640319824 4.31264591217041 6
      vertex -14.01577091217041 4.8542327880859375 6
    endloop
  endfacet
  facet normal 0.7705128448464226 -0.6374244707623585 0
    outer loop
      vertex -15.096806526184082 3.7030467987060547 9.799999237060547
      vertex -14.592501640319824 4.31264591217041 6
      vertex -14.592501640319824 4.31264591217041 9.799999237060547
    endloop
  endfacet
  facet normal 0.7705128448464226 -0.6374244707623585 0
    outer loop
      vertex -14.592501640319824 4.31264591217041 6
      vertex -15.096806526184082 3.7030467987060547 9.799999237060547
      vertex -15.096806526184082 3.7030467987060547 6
    endloop
  endfacet
  facet normal 0.8443278261000233 -0.5358269516114403 0
    outer loop
      vertex -15.520731925964355 3.0350475311279297 9.799999237060547
      vertex -15.096806526184082 3.7030467987060547 6
      vertex -15.096806526184082 3.7030467987060547 9.799999237060547
    endloop
  endfacet
  facet normal 0.8443278261000233 -0.5358269516114403 0
    outer loop
      vertex -15.096806526184082 3.7030467987060547 6
      vertex -15.520731925964355 3.0350475311279297 9.799999237060547
      vertex -15.520731925964355 3.0350475311279297 6
    endloop
  endfacet
  facet normal 0.9048270340557695 -0.42577933068884305 0
    outer loop
      vertex -15.85759162902832 2.3191843032836914 9.799999237060547
      vertex -15.520731925964355 3.0350475311279297 6
      vertex -15.520731925964355 3.0350475311279297 9.799999237060547
    endloop
  endfacet
  facet normal 0.9048270340557695 -0.42577933068884305 0
    outer loop
      vertex -15.520731925964355 3.0350475311279297 6
      vertex -15.85759162902832 2.3191843032836914 9.799999237060547
      vertex -15.85759162902832 2.3191843032836914 6
    endloop
  endfacet
  facet normal 0.9510565397512025 -0.30901692218464233 0
    outer loop
      vertex -16.102073669433594 1.5667457580566406 9.799999237060547
      vertex -15.85759162902832 2.3191843032836914 6
      vertex -15.85759162902832 2.3191843032836914 9.799999237060547
    endloop
  endfacet
  facet normal 0.9510565397512025 -0.30901692218464233 0
    outer loop
      vertex -15.85759162902832 2.3191843032836914 6
      vertex -16.102073669433594 1.5667457580566406 9.799999237060547
      vertex -16.102073669433594 1.5667457580566406 6
    endloop
  endfacet
  facet normal 0.9822872745282029 -0.18738118982425916 0
    outer loop
      vertex -16.250322341918945 0.7895984649658203 9.799999237060547
      vertex -16.102073669433594 1.5667457580566406 6
      vertex -16.102073669433594 1.5667457580566406 9.799999237060547
    endloop
  endfacet
  facet normal 0.9822872745282029 -0.18738118982425916 0
    outer loop
      vertex -16.102073669433594 1.5667457580566406 6
      vertex -16.250322341918945 0.7895984649658203 9.799999237060547
      vertex -16.250322341918945 0.7895984649658203 6
    endloop
  endfacet
  facet normal 0.9980267624518245 -0.06278997873808875 0
    outer loop
      vertex -16.299999237060547 0 9.799999237060547
      vertex -16.250322341918945 0.7895984649658203 6
      vertex -16.250322341918945 0.7895984649658203 9.799999237060547
    endloop
  endfacet
  facet normal 0.9980267624518245 -0.06278997873808875 0
    outer loop
      vertex -16.250322341918945 0.7895984649658203 6
      vertex -16.299999237060547 0 9.799999237060547
      vertex -16.299999237060547 0 6
    endloop
  endfacet
  facet normal 0.9980267624518245 0.06278997873808875 0
    outer loop
      vertex -16.250322341918945 -0.7895984649658203 9.799999237060547
      vertex -16.299999237060547 0 6
      vertex -16.299999237060547 0 9.799999237060547
    endloop
  endfacet
  facet normal 0.9980267624518245 0.06278997873808875 0
    outer loop
      vertex -16.299999237060547 0 6
      vertex -16.250322341918945 -0.7895984649658203 9.799999237060547
      vertex -16.250322341918945 -0.7895984649658203 6
    endloop
  endfacet
  facet normal 0.9822872745282029 0.18738118982425916 0
    outer loop
      vertex -16.102073669433594 -1.5667457580566406 9.799999237060547
      vertex -16.250322341918945 -0.7895984649658203 6
      vertex -16.250322341918945 -0.7895984649658203 9.799999237060547
    endloop
  endfacet
  facet normal 0.9822872745282029 0.18738118982425916 0
    outer loop
      vertex -16.250322341918945 -0.7895984649658203 6
      vertex -16.102073669433594 -1.5667457580566406 9.799999237060547
      vertex -16.102073669433594 -1.5667457580566406 6
    endloop
  endfacet
  facet normal 0.9510565397512025 0.30901692218464233 0
    outer loop
      vertex -15.85759162902832 -2.3191843032836914 9.799999237060547
      vertex -16.102073669433594 -1.5667457580566406 6
      vertex -16.102073669433594 -1.5667457580566406 9.799999237060547
    endloop
  endfacet
  facet normal 0.9510565397512025 0.30901692218464233 0
    outer loop
      vertex -16.102073669433594 -1.5667457580566406 6
      vertex -15.85759162902832 -2.3191843032836914 9.799999237060547
      vertex -15.85759162902832 -2.3191843032836914 6
    endloop
  endfacet
  facet normal 0.9048270340557695 0.42577933068884305 0
    outer loop
      vertex -15.520731925964355 -3.0350475311279297 9.799999237060547
      vertex -15.85759162902832 -2.3191843032836914 6
      vertex -15.85759162902832 -2.3191843032836914 9.799999237060547
    endloop
  endfacet
  facet normal 0.9048270340557695 0.42577933068884305 0
    outer loop
      vertex -15.85759162902832 -2.3191843032836914 6
      vertex -15.520731925964355 -3.0350475311279297 9.799999237060547
      vertex -15.520731925964355 -3.0350475311279297 6
    endloop
  endfacet
  facet normal 0.8443278261000233 0.5358269516114403 0
    outer loop
      vertex -15.096806526184082 -3.7030467987060547 9.799999237060547
      vertex -15.520731925964355 -3.0350475311279297 6
      vertex -15.520731925964355 -3.0350475311279297 9.799999237060547
    endloop
  endfacet
  facet normal 0.8443278261000233 0.5358269516114403 0
    outer loop
      vertex -15.520731925964355 -3.0350475311279297 6
      vertex -15.096806526184082 -3.7030467987060547 9.799999237060547
      vertex -15.096806526184082 -3.7030467987060547 6
    endloop
  endfacet
  facet normal 0.7705128448464226 0.6374244707623585 0
    outer loop
      vertex -14.592501640319824 -4.31264591217041 9.799999237060547
      vertex -15.096806526184082 -3.7030467987060547 6
      vertex -15.096806526184082 -3.7030467987060547 9.799999237060547
    endloop
  endfacet
  facet normal 0.7705128448464226 0.6374244707623585 0
    outer loop
      vertex -15.096806526184082 -3.7030467987060547 6
      vertex -14.592501640319824 -4.31264591217041 9.799999237060547
      vertex -14.592501640319824 -4.31264591217041 6
    endloop
  endfacet
  facet normal 0.6845475580654211 0.7289682028364947 0
    outer loop
      vertex -14.01577091217041 -4.8542327880859375 6
      vertex -14.592501640319824 -4.31264591217041 9.799999237060547
      vertex -14.01577091217041 -4.8542327880859375 9.799999237060547
    endloop
  endfacet
  facet normal 0.6845475580654211 0.7289682028364947 0
    outer loop
      vertex -14.592501640319824 -4.31264591217041 9.799999237060547
      vertex -14.01577091217041 -4.8542327880859375 6
      vertex -14.592501640319824 -4.31264591217041 6
    endloop
  endfacet
  facet normal 0.5877853123783582 0.8090169507199934 0
    outer loop
      vertex -13.37570858001709 -5.319265365600586 6
      vertex -14.01577091217041 -4.8542327880859375 9.799999237060547
      vertex -13.37570858001709 -5.319265365600586 9.799999237060547
    endloop
  endfacet
  facet normal 0.5877853123783582 0.8090169507199934 0
    outer loop
      vertex -14.01577091217041 -4.8542327880859375 9.799999237060547
      vertex -13.37570858001709 -5.319265365600586 6
      vertex -14.01577091217041 -4.8542327880859375 6
    endloop
  endfacet
  facet normal 0.48175368540656904 0.8763066738289675 0
    outer loop
      vertex -12.682409286499023 -5.700409889221191 6
      vertex -13.37570858001709 -5.319265365600586 9.799999237060547
      vertex -12.682409286499023 -5.700409889221191 9.799999237060547
    endloop
  endfacet
  facet normal 0.48175368540656904 0.8763066738289675 0
    outer loop
      vertex -13.37570858001709 -5.319265365600586 9.799999237060547
      vertex -12.682409286499023 -5.700409889221191 6
      vertex -13.37570858001709 -5.319265365600586 6
    endloop
  endfacet
  facet normal 0.36812441652289185 0.9297765397985048 0
    outer loop
      vertex -11.946806907653809 -5.991655349731445 6
      vertex -12.682409286499023 -5.700409889221191 9.799999237060547
      vertex -11.946806907653809 -5.991655349731445 9.799999237060547
    endloop
  endfacet
  facet normal 0.36812441652289185 0.9297765397985048 0
    outer loop
      vertex -12.682409286499023 -5.700409889221191 9.799999237060547
      vertex -11.946806907653809 -5.991655349731445 6
      vertex -12.682409286499023 -5.700409889221191 6
    endloop
  endfacet
  facet normal 0.2486896819249848 0.9685832138252498 0
    outer loop
      vertex -11.180501937866211 -6.188408851623535 6
      vertex -11.946806907653809 -5.991655349731445 9.799999237060547
      vertex -11.180501937866211 -6.188408851623535 9.799999237060547
    endloop
  endfacet
  facet normal 0.2486896819249848 0.9685832138252498 0
    outer loop
      vertex -11.946806907653809 -5.991655349731445 9.799999237060547
      vertex -11.180501937866211 -6.188408851623535 6
      vertex -11.946806907653809 -5.991655349731445 6
    endloop
  endfacet
  facet normal 0.12533355796413298 0.9921146603331953 0
    outer loop
      vertex -10.75 -6.242794036865234 6
      vertex -11.180501937866211 -6.188408851623535 9.799999237060547
      vertex -10.75 -6.242794036865234 9.799999237060547
    endloop
  endfacet
  facet normal 0.12533355796413298 0.9921146603331953 0
    outer loop
      vertex -11.180501937866211 -6.188408851623535 9.799999237060547
      vertex -10.75 -6.242794036865234 6
      vertex -11.180501937866211 -6.188408851623535 6
    endloop
  endfacet
  facet normal -1 0 0
    outer loop
      vertex -10.75 -6.242794036865234 6
      vertex -10.75 -4.799999237060547 9.799999237060547
      vertex -10.75 -4.799999237060547 6
    endloop
  endfacet
  facet normal -1 0 0
    outer loop
      vertex -10.75 -4.799999237060547 9.799999237060547
      vertex -10.75 -6.242794036865234 6
      vertex -10.75 -6.242794036865234 9.799999237060547
    endloop
  endfacet
  facet normal 0 1 0
    outer loop
      vertex -9.25 -4.799999237060547 6
      vertex -10.75 -4.799999237060547 9.799999237060547
      vertex -9.25 -4.799999237060547 9.799999237060547
    endloop
  endfacet
  facet normal 0 1 0
    outer loop
      vertex -10.75 -4.799999237060547 9.799999237060547
      vertex -9.25 -4.799999237060547 6
      vertex -10.75 -4.799999237060547 6
    endloop
  endfacet
  facet normal 1 0 0
    outer loop
      vertex -9.25 -6.242794036865234 9.799999237060547
      vertex -9.25 -4.799999237060547 6
      vertex -9.25 -4.799999237060547 9.799999237060547
    endloop
  endfacet
  facet normal 1 0 0
    outer loop
      vertex -9.25 -4.799999237060547 6
      vertex -9.25 -6.242794036865234 9.799999237060547
      vertex -9.25 -6.242794036865234 6
    endloop
  endfacet
  facet normal -0.12533328467954538 0.9921146948571199 0
    outer loop
      vertex -8.819497108459473 -6.188408851623535 6
      vertex -9.25 -6.242794036865234 9.799999237060547
      vertex -8.819497108459473 -6.188408851623535 9.799999237060547
    endloop
  endfacet
  facet normal -0.12533328467954538 0.9921146948571199 0
    outer loop
      vertex -9.25 -6.242794036865234 9.799999237060547
      vertex -8.819497108459473 -6.188408851623535 6
      vertex -9.25 -6.242794036865234 6
    endloop
  endfacet
  facet normal -0.2486896819249848 0.9685832138252498 0
    outer loop
      vertex 11.946806907653809 -5.991655349731445 6
      vertex 11.180501937866211 -6.188408851623535 9.799999237060547
      vertex 11.946806907653809 -5.991655349731445 9.799999237060547
    endloop
  endfacet
  facet normal -0.2486896819249848 0.9685832138252498 0
    outer loop
      vertex 11.180501937866211 -6.188408851623535 9.799999237060547
      vertex 11.946806907653809 -5.991655349731445 6
      vertex 11.180501937866211 -6.188408851623535 6
    endloop
  endfacet
  facet normal -0.36812441652289185 0.9297765397985048 0
    outer loop
      vertex 12.682409286499023 -5.700409889221191 6
      vertex 11.946806907653809 -5.991655349731445 9.799999237060547
      vertex 12.682409286499023 -5.700409889221191 9.799999237060547
    endloop
  endfacet
  facet normal -0.36812441652289185 0.9297765397985048 0
    outer loop
      vertex 11.946806907653809 -5.991655349731445 9.799999237060547
      vertex 12.682409286499023 -5.700409889221191 6
      vertex 11.946806907653809 -5.991655349731445 6
    endloop
  endfacet
  facet normal -0.48175368540656904 0.8763066738289675 0
    outer loop
      vertex 13.37570858001709 -5.319265365600586 6
      vertex 12.682409286499023 -5.700409889221191 9.799999237060547
      vertex 13.37570858001709 -5.319265365600586 9.799999237060547
    endloop
  endfacet
  facet normal -0.48175368540656904 0.8763066738289675 0
    outer loop
      vertex 12.682409286499023 -5.700409889221191 9.799999237060547
      vertex 13.37570858001709 -5.319265365600586 6
      vertex 12.682409286499023 -5.700409889221191 6
    endloop
  endfacet
  facet normal -0.5877853123783582 0.8090169507199934 0
    outer loop
      vertex 14.01577091217041 -4.8542327880859375 6
      vertex 13.37570858001709 -5.319265365600586 9.799999237060547
      vertex 14.01577091217041 -4.8542327880859375 9.799999237060547
    endloop
  endfacet
  facet normal -0.5877853123783582 0.8090169507199934 0
    outer loop
      vertex 13.37570858001709 -5.319265365600586 9.799999237060547
      vertex 14.01577091217041 -4.8542327880859375 6
      vertex 13.37570858001709 -5.319265365600586 6
    endloop
  endfacet
  facet normal -0.6845475580654211 0.7289682028364947 0
    outer loop
      vertex 14.592501640319824 -4.31264591217041 6
      vertex 14.01577091217041 -4.8542327880859375 9.799999237060547
      vertex 14.592501640319824 -4.31264591217041 9.799999237060547
    endloop
  endfacet
  facet normal -0.6845475580654211 0.7289682028364947 0
    outer loop
      vertex 14.01577091217041 -4.8542327880859375 9.799999237060547
      vertex 14.592501640319824 -4.31264591217041 6
      vertex 14.01577091217041 -4.8542327880859375 6
    endloop
  endfacet
  facet normal -0.7705128448464226 0.6374244707623585 0
    outer loop
      vertex 14.592501640319824 -4.31264591217041 6
      vertex 15.096806526184082 -3.7030467987060547 9.799999237060547
      vertex 15.096806526184082 -3.7030467987060547 6
    endloop
  endfacet
  facet normal -0.7705128448464226 0.6374244707623585 0
    outer loop
      vertex 15.096806526184082 -3.7030467987060547 9.799999237060547
      vertex 14.592501640319824 -4.31264591217041 6
      vertex 14.592501640319824 -4.31264591217041 9.799999237060547
    endloop
  endfacet
  facet normal -0.8443278261000233 0.5358269516114403 0
    outer loop
      vertex 15.096806526184082 -3.7030467987060547 6
      vertex 15.520731925964355 -3.0350475311279297 9.799999237060547
      vertex 15.520731925964355 -3.0350475311279297 6
    endloop
  endfacet
  facet normal -0.8443278261000233 0.5358269516114403 0
    outer loop
      vertex 15.520731925964355 -3.0350475311279297 9.799999237060547
      vertex 15.096806526184082 -3.7030467987060547 6
      vertex 15.096806526184082 -3.7030467987060547 9.799999237060547
    endloop
  endfacet
  facet normal -0.9048270340557695 0.42577933068884305 0
    outer loop
      vertex 15.520731925964355 -3.0350475311279297 6
      vertex 15.85759162902832 -2.3191843032836914 9.799999237060547
      vertex 15.85759162902832 -2.3191843032836914 6
    endloop
  endfacet
  facet normal -0.9048270340557695 0.42577933068884305 0
    outer loop
      vertex 15.85759162902832 -2.3191843032836914 9.799999237060547
      vertex 15.520731925964355 -3.0350475311279297 6
      vertex 15.520731925964355 -3.0350475311279297 9.799999237060547
    endloop
  endfacet
  facet normal -0.9510565397512025 0.30901692218464233 0
    outer loop
      vertex 15.85759162902832 -2.3191843032836914 6
      vertex 16.102073669433594 -1.5667457580566406 9.799999237060547
      vertex 16.102073669433594 -1.5667457580566406 6
    endloop
  endfacet
  facet normal -0.9510565397512025 0.30901692218464233 0
    outer loop
      vertex 16.102073669433594 -1.5667457580566406 9.799999237060547
      vertex 15.85759162902832 -2.3191843032836914 6
      vertex 15.85759162902832 -2.3191843032836914 9.799999237060547
    endloop
  endfacet
  facet normal -0.9822872745282029 0.18738118982425916 0
    outer loop
      vertex 16.102073669433594 -1.5667457580566406 6
      vertex 16.250322341918945 -0.7895984649658203 9.799999237060547
      vertex 16.250322341918945 -0.7895984649658203 6
    endloop
  endfacet
  facet normal -0.9822872745282029 0.18738118982425916 0
    outer loop
      vertex 16.250322341918945 -0.7895984649658203 9.799999237060547
      vertex 16.102073669433594 -1.5667457580566406 6
      vertex 16.102073669433594 -1.5667457580566406 9.799999237060547
    endloop
  endfacet
  facet normal -0.9980267624518245 0.06278997873808875 0
    outer loop
      vertex 16.250322341918945 -0.7895984649658203 6
      vertex 16.299999237060547 0 9.799999237060547
      vertex 16.299999237060547 0 6
    endloop
  endfacet
  facet normal -0.9980267624518245 0.06278997873808875 0
    outer loop
      vertex 16.299999237060547 0 9.799999237060547
      vertex 16.250322341918945 -0.7895984649658203 6
      vertex 16.250322341918945 -0.7895984649658203 9.799999237060547
    endloop
  endfacet
  facet normal -0.9980267624518245 -0.06278997873808875 0
    outer loop
      vertex 16.299999237060547 0 6
      vertex 16.250322341918945 0.7895984649658203 9.799999237060547
      vertex 16.250322341918945 0.7895984649658203 6
    endloop
  endfacet
  facet normal -0.9980267624518245 -0.06278997873808875 0
    outer loop
      vertex 16.250322341918945 0.7895984649658203 9.799999237060547
      vertex 16.299999237060547 0 6
      vertex 16.299999237060547 0 9.799999237060547
    endloop
  endfacet
  facet normal -0.9822872745282029 -0.18738118982425916 0
    outer loop
      vertex 16.250322341918945 0.7895984649658203 6
      vertex 16.102073669433594 1.5667457580566406 9.799999237060547
      vertex 16.102073669433594 1.5667457580566406 6
    endloop
  endfacet
  facet normal -0.9822872745282029 -0.18738118982425916 0
    outer loop
      vertex 16.102073669433594 1.5667457580566406 9.799999237060547
      vertex 16.250322341918945 0.7895984649658203 6
      vertex 16.250322341918945 0.7895984649658203 9.799999237060547
    endloop
  endfacet
  facet normal -0.9510565397512025 -0.30901692218464233 0
    outer loop
      vertex 16.102073669433594 1.5667457580566406 6
      vertex 15.85759162902832 2.3191843032836914 9.799999237060547
      vertex 15.85759162902832 2.3191843032836914 6
    endloop
  endfacet
  facet normal -0.9510565397512025 -0.30901692218464233 0
    outer loop
      vertex 15.85759162902832 2.3191843032836914 9.799999237060547
      vertex 16.102073669433594 1.5667457580566406 6
      vertex 16.102073669433594 1.5667457580566406 9.799999237060547
    endloop
  endfacet
  facet normal -0.9048270340557695 -0.42577933068884305 0
    outer loop
      vertex 15.85759162902832 2.3191843032836914 6
      vertex 15.520731925964355 3.0350475311279297 9.799999237060547
      vertex 15.520731925964355 3.0350475311279297 6
    endloop
  endfacet
  facet normal -0.9048270340557695 -0.42577933068884305 0
    outer loop
      vertex 15.520731925964355 3.0350475311279297 9.799999237060547
      vertex 15.85759162902832 2.3191843032836914 6
      vertex 15.85759162902832 2.3191843032836914 9.799999237060547
    endloop
  endfacet
  facet normal -0.8443278261000233 -0.5358269516114403 0
    outer loop
      vertex 15.520731925964355 3.0350475311279297 6
      vertex 15.096806526184082 3.7030467987060547 9.799999237060547
      vertex 15.096806526184082 3.7030467987060547 6
    endloop
  endfacet
  facet normal -0.8443278261000233 -0.5358269516114403 0
    outer loop
      vertex 15.096806526184082 3.7030467987060547 9.799999237060547
      vertex 15.520731925964355 3.0350475311279297 6
      vertex 15.520731925964355 3.0350475311279297 9.799999237060547
    endloop
  endfacet
  facet normal -0.7705128448464226 -0.6374244707623585 0
    outer loop
      vertex 15.096806526184082 3.7030467987060547 6
      vertex 14.592501640319824 4.31264591217041 9.799999237060547
      vertex 14.592501640319824 4.31264591217041 6
    endloop
  endfacet
  facet normal -0.7705128448464226 -0.6374244707623585 0
    outer loop
      vertex 14.592501640319824 4.31264591217041 9.799999237060547
      vertex 15.096806526184082 3.7030467987060547 6
      vertex 15.096806526184082 3.7030467987060547 9.799999237060547
    endloop
  endfacet
  facet normal -0.6845475580654211 -0.7289682028364947 0
    outer loop
      vertex 14.01577091217041 4.8542327880859375 6
      vertex 14.592501640319824 4.31264591217041 9.799999237060547
      vertex 14.01577091217041 4.8542327880859375 9.799999237060547
    endloop
  endfacet
  facet normal -0.6845475580654211 -0.7289682028364947 0
    outer loop
      vertex 14.592501640319824 4.31264591217041 9.799999237060547
      vertex 14.01577091217041 4.8542327880859375 6
      vertex 14.592501640319824 4.31264591217041 6
    endloop
  endfacet
  facet normal -0.5877853123783582 -0.8090169507199934 0
    outer loop
      vertex 13.37570858001709 5.319265365600586 6
      vertex 14.01577091217041 4.8542327880859375 9.799999237060547
      vertex 13.37570858001709 5.319265365600586 9.799999237060547
    endloop
  endfacet
  facet normal -0.5877853123783582 -0.8090169507199934 0
    outer loop
      vertex 14.01577091217041 4.8542327880859375 9.799999237060547
      vertex 13.37570858001709 5.319265365600586 6
      vertex 14.01577091217041 4.8542327880859375 6
    endloop
  endfacet
  facet normal -0.48175368540656904 -0.8763066738289675 0
    outer loop
      vertex 12.682409286499023 5.700409889221191 6
      vertex 13.37570858001709 5.319265365600586 9.799999237060547
      vertex 12.682409286499023 5.700409889221191 9.799999237060547
    endloop
  endfacet
  facet normal -0.48175368540656904 -0.8763066738289675 0
    outer loop
      vertex 13.37570858001709 5.319265365600586 9.799999237060547
      vertex 12.682409286499023 5.700409889221191 6
      vertex 13.37570858001709 5.319265365600586 6
    endloop
  endfacet
  facet normal -0.36812441652289185 -0.9297765397985048 0
    outer loop
      vertex 11.946806907653809 5.991655349731445 6
      vertex 12.682409286499023 5.700409889221191 9.799999237060547
      vertex 11.946806907653809 5.991655349731445 9.799999237060547
    endloop
  endfacet
  facet normal -0.36812441652289185 -0.9297765397985048 0
    outer loop
      vertex 12.682409286499023 5.700409889221191 9.799999237060547
      vertex 11.946806907653809 5.991655349731445 6
      vertex 12.682409286499023 5.700409889221191 6
    endloop
  endfacet
  facet normal -0.2486896819249848 -0.9685832138252498 0
    outer loop
      vertex 11.180501937866211 6.188408851623535 6
      vertex 11.946806907653809 5.991655349731445 9.799999237060547
      vertex 11.180501937866211 6.188408851623535 9.799999237060547
    endloop
  endfacet
  facet normal -0.2486896819249848 -0.9685832138252498 0
    outer loop
      vertex 11.946806907653809 5.991655349731445 9.799999237060547
      vertex 11.180501937866211 6.188408851623535 6
      vertex 11.946806907653809 5.991655349731445 6
    endloop
  endfacet
  facet normal -0.1253338015783536 -0.9921146295574509 0
    outer loop
      vertex 10.39557933807373 6.287568092346191 6
      vertex 11.180501937866211 6.188408851623535 9.799999237060547
      vertex 10.39557933807373 6.287568092346191 9.799999237060547
    endloop
  endfacet
  facet normal -0.1253338015783536 -0.9921146295574509 0
    outer loop
      vertex 11.180501937866211 6.188408851623535 9.799999237060547
      vertex 10.39557933807373 6.287568092346191 6
      vertex 11.180501937866211 6.188408851623535 6
    endloop
  endfacet
  facet normal 0 -1 0
    outer loop
      vertex 9.604419708251953 6.287568092346191 6
      vertex 10.39557933807373 6.287568092346191 9.799999237060547
      vertex 9.604419708251953 6.287568092346191 9.799999237060547
    endloop
  endfacet
  facet normal 0 -1 0
    outer loop
      vertex 10.39557933807373 6.287568092346191 9.799999237060547
      vertex 9.604419708251953 6.287568092346191 6
      vertex 10.39557933807373 6.287568092346191 6
    endloop
  endfacet
  facet normal 0.1253338015783536 -0.9921146295574509 0
    outer loop
      vertex 8.819497108459473 6.188408851623535 6
      vertex 9.604419708251953 6.287568092346191 9.799999237060547
      vertex 8.819497108459473 6.188408851623535 9.799999237060547
    endloop
  endfacet
  facet normal 0.1253338015783536 -0.9921146295574509 0
    outer loop
      vertex 9.604419708251953 6.287568092346191 9.799999237060547
      vertex 8.819497108459473 6.188408851623535 6
      vertex 9.604419708251953 6.287568092346191 6
    endloop
  endfacet
  facet normal 0.2486896819249848 -0.9685832138252498 0
    outer loop
      vertex 8.053192138671875 5.991655349731445 6
      vertex 8.819497108459473 6.188408851623535 9.799999237060547
      vertex 8.053192138671875 5.991655349731445 9.799999237060547
    endloop
  endfacet
  facet normal 0.2486896819249848 -0.9685832138252498 0
    outer loop
      vertex 8.819497108459473 6.188408851623535 9.799999237060547
      vertex 8.053192138671875 5.991655349731445 6
      vertex 8.819497108459473 6.188408851623535 6
    endloop
  endfacet
  facet normal 0.36812441652289185 -0.9297765397985048 0
    outer loop
      vertex 7.31758975982666 5.700409889221191 6
      vertex 8.053192138671875 5.991655349731445 9.799999237060547
      vertex 7.31758975982666 5.700409889221191 9.799999237060547
    endloop
  endfacet
  facet normal 0.36812441652289185 -0.9297765397985048 0
    outer loop
      vertex 8.053192138671875 5.991655349731445 9.799999237060547
      vertex 7.31758975982666 5.700409889221191 6
      vertex 8.053192138671875 5.991655349731445 6
    endloop
  endfacet
  facet normal 0.48175368540656904 -0.8763066738289675 0
    outer loop
      vertex 6.624290466308594 5.319265365600586 6
      vertex 7.31758975982666 5.700409889221191 9.799999237060547
      vertex 6.624290466308594 5.319265365600586 9.799999237060547
    endloop
  endfacet
  facet normal 0.48175368540656904 -0.8763066738289675 0
    outer loop
      vertex 7.31758975982666 5.700409889221191 9.799999237060547
      vertex 6.624290466308594 5.319265365600586 6
      vertex 7.31758975982666 5.700409889221191 6
    endloop
  endfacet
  facet normal 0.5877853123783582 -0.8090169507199934 0
    outer loop
      vertex 5.984228134155273 4.8542327880859375 6
      vertex 6.624290466308594 5.319265365600586 9.799999237060547
      vertex 5.984228134155273 4.8542327880859375 9.799999237060547
    endloop
  endfacet
  facet normal 0.5877853123783582 -0.8090169507199934 0
    outer loop
      vertex 6.624290466308594 5.319265365600586 9.799999237060547
      vertex 5.984228134155273 4.8542327880859375 6
      vertex 6.624290466308594 5.319265365600586 6
    endloop
  endfacet
  facet normal 0.6845475580654211 -0.7289682028364947 0
    outer loop
      vertex 5.407497406005859 4.31264591217041 6
      vertex 5.984228134155273 4.8542327880859375 9.799999237060547
      vertex 5.407497406005859 4.31264591217041 9.799999237060547
    endloop
  endfacet
  facet normal 0.6845475580654211 -0.7289682028364947 0
    outer loop
      vertex 5.984228134155273 4.8542327880859375 9.799999237060547
      vertex 5.407497406005859 4.31264591217041 6
      vertex 5.984228134155273 4.8542327880859375 6
    endloop
  endfacet
  facet normal 0.7705128448464226 -0.6374244707623585 0
    outer loop
      vertex 4.903192520141602 3.7030467987060547 9.799999237060547
      vertex 5.407497406005859 4.31264591217041 6
      vertex 5.407497406005859 4.31264591217041 9.799999237060547
    endloop
  endfacet
  facet normal 0.7705128448464226 -0.6374244707623585 0
    outer loop
      vertex 5.407497406005859 4.31264591217041 6
      vertex 4.903192520141602 3.7030467987060547 9.799999237060547
      vertex 4.903192520141602 3.7030467987060547 6
    endloop
  endfacet
  facet normal 0.8443278261000233 -0.5358269516114403 0
    outer loop
      vertex 4.479267120361328 3.0350475311279297 9.799999237060547
      vertex 4.903192520141602 3.7030467987060547 6
      vertex 4.903192520141602 3.7030467987060547 9.799999237060547
    endloop
  endfacet
  facet normal 0.8443278261000233 -0.5358269516114403 0
    outer loop
      vertex 4.903192520141602 3.7030467987060547 6
      vertex 4.479267120361328 3.0350475311279297 9.799999237060547
      vertex 4.479267120361328 3.0350475311279297 6
    endloop
  endfacet
  facet normal 0.9048270340557695 -0.42577933068884305 0
    outer loop
      vertex 4.142407417297363 2.3191843032836914 9.799999237060547
      vertex 4.479267120361328 3.0350475311279297 6
      vertex 4.479267120361328 3.0350475311279297 9.799999237060547
    endloop
  endfacet
  facet normal 0.9048270340557695 -0.42577933068884305 0
    outer loop
      vertex 4.479267120361328 3.0350475311279297 6
      vertex 4.142407417297363 2.3191843032836914 9.799999237060547
      vertex 4.142407417297363 2.3191843032836914 6
    endloop
  endfacet
  facet normal 0.9510565397512025 -0.30901692218464233 0
    outer loop
      vertex 3.89792537689209 1.5667457580566406 9.799999237060547
      vertex 4.142407417297363 2.3191843032836914 6
      vertex 4.142407417297363 2.3191843032836914 9.799999237060547
    endloop
  endfacet
  facet normal 0.9510565397512025 -0.30901692218464233 0
    outer loop
      vertex 4.142407417297363 2.3191843032836914 6
      vertex 3.89792537689209 1.5667457580566406 9.799999237060547
      vertex 3.89792537689209 1.5667457580566406 6
    endloop
  endfacet
  facet normal 0.9822872745282029 -0.18738118982425916 0
    outer loop
      vertex 3.7496767044067383 0.7895984649658203 9.799999237060547
      vertex 3.89792537689209 1.5667457580566406 6
      vertex 3.89792537689209 1.5667457580566406 9.799999237060547
    endloop
  endfacet
  facet normal 0.9822872745282029 -0.18738118982425916 0
    outer loop
      vertex 3.89792537689209 1.5667457580566406 6
      vertex 3.7496767044067383 0.7895984649658203 9.799999237060547
      vertex 3.7496767044067383 0.7895984649658203 6
    endloop
  endfacet
  facet normal 0.9980267624518245 -0.06278997873808875 0
    outer loop
      vertex 3.6999998092651367 0 9.799999237060547
      vertex 3.7496767044067383 0.7895984649658203 6
      vertex 3.7496767044067383 0.7895984649658203 9.799999237060547
    endloop
  endfacet
  facet normal 0.9980267624518245 -0.06278997873808875 0
    outer loop
      vertex 3.7496767044067383 0.7895984649658203 6
      vertex 3.6999998092651367 0 9.799999237060547
      vertex 3.6999998092651367 0 6
    endloop
  endfacet
  facet normal 0.9980267624518245 0.06278997873808875 0
    outer loop
      vertex 3.7496767044067383 -0.7895984649658203 9.799999237060547
      vertex 3.6999998092651367 0 6
      vertex 3.6999998092651367 0 9.799999237060547
    endloop
  endfacet
  facet normal 0.9980267624518245 0.06278997873808875 0
    outer loop
      vertex 3.6999998092651367 0 6
      vertex 3.7496767044067383 -0.7895984649658203 9.799999237060547
      vertex 3.7496767044067383 -0.7895984649658203 6
    endloop
  endfacet
  facet normal 0.9822872745282029 0.18738118982425916 0
    outer loop
      vertex 3.89792537689209 -1.5667457580566406 9.799999237060547
      vertex 3.7496767044067383 -0.7895984649658203 6
      vertex 3.7496767044067383 -0.7895984649658203 9.799999237060547
    endloop
  endfacet
  facet normal 0.9822872745282029 0.18738118982425916 0
    outer loop
      vertex 3.7496767044067383 -0.7895984649658203 6
      vertex 3.89792537689209 -1.5667457580566406 9.799999237060547
      vertex 3.89792537689209 -1.5667457580566406 6
    endloop
  endfacet
  facet normal 0.9510565397512025 0.30901692218464233 0
    outer loop
      vertex 4.142407417297363 -2.3191843032836914 9.799999237060547
      vertex 3.89792537689209 -1.5667457580566406 6
      vertex 3.89792537689209 -1.5667457580566406 9.799999237060547
    endloop
  endfacet
  facet normal 0.9510565397512025 0.30901692218464233 0
    outer loop
      vertex 3.89792537689209 -1.5667457580566406 6
      vertex 4.142407417297363 -2.3191843032836914 9.799999237060547
      vertex 4.142407417297363 -2.3191843032836914 6
    endloop
  endfacet
  facet normal 0.9048270340557695 0.42577933068884305 0
    outer loop
      vertex 4.479267120361328 -3.0350475311279297 9.799999237060547
      vertex 4.142407417297363 -2.3191843032836914 6
      vertex 4.142407417297363 -2.3191843032836914 9.799999237060547
    endloop
  endfacet
  facet normal 0.9048270340557695 0.42577933068884305 0
    outer loop
      vertex 4.142407417297363 -2.3191843032836914 6
      vertex 4.479267120361328 -3.0350475311279297 9.799999237060547
      vertex 4.479267120361328 -3.0350475311279297 6
    endloop
  endfacet
  facet normal 0.8443278261000233 0.5358269516114403 0
    outer loop
      vertex 4.903192520141602 -3.7030467987060547 9.799999237060547
      vertex 4.479267120361328 -3.0350475311279297 6
      vertex 4.479267120361328 -3.0350475311279297 9.799999237060547
    endloop
  endfacet
  facet normal 0.8443278261000233 0.5358269516114403 0
    outer loop
      vertex 4.479267120361328 -3.0350475311279297 6
      vertex 4.903192520141602 -3.7030467987060547 9.799999237060547
      vertex 4.903192520141602 -3.7030467987060547 6
    endloop
  endfacet
  facet normal 0.7705128448464226 0.6374244707623585 0
    outer loop
      vertex 5.407497406005859 -4.31264591217041 9.799999237060547
      vertex 4.903192520141602 -3.7030467987060547 6
      vertex 4.903192520141602 -3.7030467987060547 9.799999237060547
    endloop
  endfacet
  facet normal 0.7705128448464226 0.6374244707623585 0
    outer loop
      vertex 4.903192520141602 -3.7030467987060547 6
      vertex 5.407497406005859 -4.31264591217041 9.799999237060547
      vertex 5.407497406005859 -4.31264591217041 6
    endloop
  endfacet
  facet normal 0.6845475580654211 0.7289682028364947 0
    outer loop
      vertex 5.984228134155273 -4.8542327880859375 6
      vertex 5.407497406005859 -4.31264591217041 9.799999237060547
      vertex 5.984228134155273 -4.8542327880859375 9.799999237060547
    endloop
  endfacet
  facet normal 0.6845475580654211 0.7289682028364947 0
    outer loop
      vertex 5.407497406005859 -4.31264591217041 9.799999237060547
      vertex 5.984228134155273 -4.8542327880859375 6
      vertex 5.407497406005859 -4.31264591217041 6
    endloop
  endfacet
  facet normal 0.5877853123783582 0.8090169507199934 0
    outer loop
      vertex 6.624290466308594 -5.319265365600586 6
      vertex 5.984228134155273 -4.8542327880859375 9.799999237060547
      vertex 6.624290466308594 -5.319265365600586 9.799999237060547
    endloop
  endfacet
  facet normal 0.5877853123783582 0.8090169507199934 0
    outer loop
      vertex 5.984228134155273 -4.8542327880859375 9.799999237060547
      vertex 6.624290466308594 -5.319265365600586 6
      vertex 5.984228134155273 -4.8542327880859375 6
    endloop
  endfacet
  facet normal 0.48175368540656904 0.8763066738289675 0
    outer loop
      vertex 7.31758975982666 -5.700409889221191 6
      vertex 6.624290466308594 -5.319265365600586 9.799999237060547
      vertex 7.31758975982666 -5.700409889221191 9.799999237060547
    endloop
  endfacet
  facet normal 0.48175368540656904 0.8763066738289675 0
    outer loop
      vertex 6.624290466308594 -5.319265365600586 9.799999237060547
      vertex 7.31758975982666 -5.700409889221191 6
      vertex 6.624290466308594 -5.319265365600586 6
    endloop
  endfacet
  facet normal 0.36812441652289185 0.9297765397985048 0
    outer loop
      vertex 8.053192138671875 -5.991655349731445 6
      vertex 7.31758975982666 -5.700409889221191 9.799999237060547
      vertex 8.053192138671875 -5.991655349731445 9.799999237060547
    endloop
  endfacet
  facet normal 0.36812441652289185 0.9297765397985048 0
    outer loop
      vertex 7.31758975982666 -5.700409889221191 9.799999237060547
      vertex 8.053192138671875 -5.991655349731445 6
      vertex 7.31758975982666 -5.700409889221191 6
    endloop
  endfacet
  facet normal 0.2486896819249848 0.9685832138252498 0
    outer loop
      vertex 8.819497108459473 -6.188408851623535 6
      vertex 8.053192138671875 -5.991655349731445 9.799999237060547
      vertex 8.819497108459473 -6.188408851623535 9.799999237060547
    endloop
  endfacet
  facet normal 0.2486896819249848 0.9685832138252498 0
    outer loop
      vertex 8.053192138671875 -5.991655349731445 9.799999237060547
      vertex 8.819497108459473 -6.188408851623535 6
      vertex 8.053192138671875 -5.991655349731445 6
    endloop
  endfacet
  facet normal 0.12533328467954538 0.9921146948571199 0
    outer loop
      vertex 9.25 -6.242794036865234 6
      vertex 8.819497108459473 -6.188408851623535 9.799999237060547
      vertex 9.25 -6.242794036865234 9.799999237060547
    endloop
  endfacet
  facet normal 0.12533328467954538 0.9921146948571199 0
    outer loop
      vertex 8.819497108459473 -6.188408851623535 9.799999237060547
      vertex 9.25 -6.242794036865234 6
      vertex 8.819497108459473 -6.188408851623535 6
    endloop
  endfacet
  facet normal -1 0 0
    outer loop
      vertex 9.25 -6.242794036865234 6
      vertex 9.25 -4.799999237060547 9.799999237060547
      vertex 9.25 -4.799999237060547 6
    endloop
  endfacet
  facet normal -1 0 0
    outer loop
      vertex 9.25 -4.799999237060547 9.799999237060547
      vertex 9.25 -6.242794036865234 6
      vertex 9.25 -6.242794036865234 9.799999237060547
    endloop
  endfacet
  facet normal 0 1 0
    outer loop
      vertex 10.75 -4.799999237060547 6
      vertex 9.25 -4.799999237060547 9.799999237060547
      vertex 10.75 -4.799999237060547 9.799999237060547
    endloop
  endfacet
  facet normal 0 1 0
    outer loop
      vertex 9.25 -4.799999237060547 9.799999237060547
      vertex 10.75 -4.799999237060547 6
      vertex 9.25 -4.799999237060547 6
    endloop
  endfacet
  facet normal 1 0 0
    outer loop
      vertex 10.75 -6.242794036865234 9.799999237060547
      vertex 10.75 -4.799999237060547 6
      vertex 10.75 -4.799999237060547 9.799999237060547
    endloop
  endfacet
  facet normal 1 0 0
    outer loop
      vertex 10.75 -4.799999237060547 6
      vertex 10.75 -6.242794036865234 9.799999237060547
      vertex 10.75 -6.242794036865234 6
    endloop
  endfacet
  facet normal -0.12533355796413298 0.9921146603331953 0
    outer loop
      vertex 11.180501937866211 -6.188408851623535 6
      vertex 10.75 -6.242794036865234 9.799999237060547
      vertex 11.180501937866211 -6.188408851623535 9.799999237060547
    endloop
  endfacet
  facet normal -0.12533355796413298 0.9921146603331953 0
    outer loop
      vertex 10.75 -6.242794036865234 9.799999237060547
      vertex 11.180501937866211 -6.188408851623535 6
      vertex 10.75 -6.242794036865234 6
    endloop
  endfacet
  facet normal -0.021357525100937646 0.9997719020464433 0
    outer loop
      vertex -11.219403266906738 -22.822265625 9
      vertex -11.289402961730957 -22.823760986328125 10
      vertex -11.219403266906738 -22.822265625 10
    endloop
  endfacet
  facet normal -0.021357525100937646 0.9997719020464433 0
    outer loop
      vertex -11.289402961730957 -22.823760986328125 10
      vertex -11.219403266906738 -22.822265625 9
      vertex -11.289402961730957 -22.823760986328125 9
    endloop
  endfacet
  facet normal -0.035479801940231113 0.9993703936250474 0
    outer loop
      vertex -11.149238586425781 -22.819774627685547 9
      vertex -11.219403266906738 -22.822265625 10
      vertex -11.149238586425781 -22.819774627685547 10
    endloop
  endfacet
  facet normal -0.035479801940231113 0.9993703936250474 0
    outer loop
      vertex -11.219403266906738 -22.822265625 10
      vertex -11.149238586425781 -22.819774627685547 9
      vertex -11.219403266906738 -22.822265625 9
    endloop
  endfacet
  facet normal -0.049542450943128605 0.9987720188083704 0
    outer loop
      vertex -11.078909873962402 -22.816286087036133 9
      vertex -11.149238586425781 -22.819774627685547 10
      vertex -11.078909873962402 -22.816286087036133 10
    endloop
  endfacet
  facet normal -0.049542450943128605 0.9987720188083704 0
    outer loop
      vertex -11.149238586425781 -22.819774627685547 10
      vertex -11.078909873962402 -22.816286087036133 9
      vertex -11.149238586425781 -22.819774627685547 9
    endloop
  endfacet
  facet normal -0.06351047031470473 0.9979811722474553 0
    outer loop
      vertex -11.008417129516602 -22.811800003051758 9
      vertex -11.078909873962402 -22.816286087036133 10
      vertex -11.008417129516602 -22.811800003051758 10
    endloop
  endfacet
  facet normal -0.06351047031470473 0.9979811722474553 0
    outer loop
      vertex -11.078909873962402 -22.816286087036133 10
      vertex -11.008417129516602 -22.811800003051758 9
      vertex -11.078909873962402 -22.816286087036133 9
    endloop
  endfacet
  facet normal -0.07734993085495319 0.9970040061086685 0
    outer loop
      vertex -10.937760353088379 -22.806318283081055 9
      vertex -11.008417129516602 -22.811800003051758 10
      vertex -10.937760353088379 -22.806318283081055 10
    endloop
  endfacet
  facet normal -0.07734993085495319 0.9970040061086685 0
    outer loop
      vertex -11.008417129516602 -22.811800003051758 10
      vertex -10.937760353088379 -22.806318283081055 9
      vertex -11.008417129516602 -22.811800003051758 9
    endloop
  endfacet
  facet normal -0.0911076352366078 0.995841050972289 0
    outer loop
      vertex -10.866939544677734 -22.79983901977539 9
      vertex -10.937760353088379 -22.806318283081055 10
      vertex -10.866939544677734 -22.79983901977539 10
    endloop
  endfacet
  facet normal -0.0911076352366078 0.995841050972289 0
    outer loop
      vertex -10.937760353088379 -22.806318283081055 10
      vertex -10.866939544677734 -22.79983901977539 9
      vertex -10.937760353088379 -22.806318283081055 9
    endloop
  endfacet
  facet normal -0.10213792995005849 0.9947702464717756 0
    outer loop
      vertex -10.796311378479004 -22.792587280273438 9
      vertex -10.866939544677734 -22.79983901977539 10
      vertex -10.796311378479004 -22.792587280273438 10
    endloop
  endfacet
  facet normal -0.10213792995005849 0.9947702464717756 0
    outer loop
      vertex -10.866939544677734 -22.79983901977539 10
      vertex -10.796311378479004 -22.792587280273438 9
      vertex -10.866939544677734 -22.79983901977539 9
    endloop
  endfacet
  facet normal -0.11122005078269637 0.9937958041287428 0
    outer loop
      vertex -10.726264953613281 -22.784748077392578 9
      vertex -10.796311378479004 -22.792587280273438 10
      vertex -10.726264953613281 -22.784748077392578 10
    endloop
  endfacet
  facet normal -0.11122005078269637 0.9937958041287428 0
    outer loop
      vertex -10.796311378479004 -22.792587280273438 10
      vertex -10.726264953613281 -22.784748077392578 9
      vertex -10.796311378479004 -22.792587280273438 9
    endloop
  endfacet
  facet normal -0.12037532701187903 0.9927284526227619 0
    outer loop
      vertex -10.6568021774292 -22.776325225830078 9
      vertex -10.726264953613281 -22.784748077392578 10
      vertex -10.6568021774292 -22.776325225830078 10
    endloop
  endfacet
  facet normal -0.12037532701187903 0.9927284526227619 0
    outer loop
      vertex -10.726264953613281 -22.784748077392578 10
      vertex -10.6568021774292 -22.776325225830078 9
      vertex -10.726264953613281 -22.784748077392578 9
    endloop
  endfacet
  facet normal -0.12967958245429095 0.9915559519737052 0
    outer loop
      vertex -10.587922096252441 -22.767316818237305 9
      vertex -10.6568021774292 -22.776325225830078 10
      vertex -10.587922096252441 -22.767316818237305 10
    endloop
  endfacet
  facet normal -0.12967958245429095 0.9915559519737052 0
    outer loop
      vertex -10.6568021774292 -22.776325225830078 10
      vertex -10.587922096252441 -22.767316818237305 9
      vertex -10.6568021774292 -22.776325225830078 9
    endloop
  endfacet
  facet normal -0.1391094854741746 0.9902770072313657 0
    outer loop
      vertex -10.519625663757324 -22.757722854614258 9
      vertex -10.587922096252441 -22.767316818237305 10
      vertex -10.519625663757324 -22.757722854614258 10
    endloop
  endfacet
  facet normal -0.1391094854741746 0.9902770072313657 0
    outer loop
      vertex -10.587922096252441 -22.767316818237305 10
      vertex -10.519625663757324 -22.757722854614258 9
      vertex -10.587922096252441 -22.767316818237305 9
    endloop
  endfacet
  facet normal -0.14865917090035582 0.9888884926558802 0
    outer loop
      vertex -10.451910972595215 -22.747543334960938 9
      vertex -10.519625663757324 -22.757722854614258 10
      vertex -10.451910972595215 -22.747543334960938 10
    endloop
  endfacet
  facet normal -0.14865917090035582 0.9888884926558802 0
    outer loop
      vertex -10.519625663757324 -22.757722854614258 10
      vertex -10.451910972595215 -22.747543334960938 9
      vertex -10.519625663757324 -22.757722854614258 9
    endloop
  endfacet
  facet normal -0.15833624158065096 0.9873852513594245 0
    outer loop
      vertex -10.384779930114746 -22.736778259277344 9
      vertex -10.451910972595215 -22.747543334960938 10
      vertex -10.384779930114746 -22.736778259277344 10
    endloop
  endfacet
  facet normal -0.15833624158065096 0.9873852513594245 0
    outer loop
      vertex -10.451910972595215 -22.747543334960938 10
      vertex -10.384779930114746 -22.736778259277344 9
      vertex -10.451910972595215 -22.747543334960938 9
    endloop
  endfacet
  facet normal -0.1681508056830517 0.9857612827394574 0
    outer loop
      vertex -10.318853378295898 -22.72553253173828 9
      vertex -10.384779930114746 -22.736778259277344 10
      vertex -10.318853378295898 -22.72553253173828 10
    endloop
  endfacet
  facet normal -0.1681508056830517 0.9857612827394574 0
    outer loop
      vertex -10.384779930114746 -22.736778259277344 10
      vertex -10.318853378295898 -22.72553253173828 9
      vertex -10.384779930114746 -22.736778259277344 9
    endloop
  endfacet
  facet normal -0.17898848587274407 0.9838511685844472 0
    outer loop
      vertex -10.254753112792969 -22.713871002197266 9
      vertex -10.318853378295898 -22.72553253173828 10
      vertex -10.254753112792969 -22.713871002197266 10
    endloop
  endfacet
  facet normal -0.17898848587274407 0.9838511685844472 0
    outer loop
      vertex -10.318853378295898 -22.72553253173828 10
      vertex -10.254753112792969 -22.713871002197266 9
      vertex -10.318853378295898 -22.72553253173828 9
    endloop
  endfacet
  facet normal -0.19033884607973886 0.9817184543814145 0
    outer loop
      vertex -10.19248104095459 -22.701797485351562 9
      vertex -10.254753112792969 -22.713871002197266 10
      vertex -10.19248104095459 -22.701797485351562 10
    endloop
  endfacet
  facet normal -0.19033884607973886 0.9817184543814145 0
    outer loop
      vertex -10.254753112792969 -22.713871002197266 10
      vertex -10.19248104095459 -22.701797485351562 9
      vertex -10.254753112792969 -22.713871002197266 9
    endloop
  endfacet
  facet normal -0.20234604862566619 0.9793140847580921 0
    outer loop
      vertex -10.132035255432129 -22.689308166503906 9
      vertex -10.19248104095459 -22.701797485351562 10
      vertex -10.132035255432129 -22.689308166503906 10
    endloop
  endfacet
  facet normal -0.20234604862566619 0.9793140847580921 0
    outer loop
      vertex -10.19248104095459 -22.701797485351562 10
      vertex -10.132035255432129 -22.689308166503906 9
      vertex -10.19248104095459 -22.701797485351562 9
    endloop
  endfacet
  facet normal -0.21494483329904066 0.9766261918656736 0
    outer loop
      vertex -10.073416709899902 -22.676406860351562 9
      vertex -10.132035255432129 -22.689308166503906 10
      vertex -10.073416709899902 -22.676406860351562 10
    endloop
  endfacet
  facet normal -0.21494483329904066 0.9766261918656736 0
    outer loop
      vertex -10.132035255432129 -22.689308166503906 10
      vertex -10.073416709899902 -22.676406860351562 9
      vertex -10.132035255432129 -22.689308166503906 9
    endloop
  endfacet
  facet normal -0.22829568791265528 0.9735918440909864 0
    outer loop
      vertex -10.016624450683594 -22.663089752197266 9
      vertex -10.073416709899902 -22.676406860351562 10
      vertex -10.016624450683594 -22.663089752197266 10
    endloop
  endfacet
  facet normal -0.22829568791265528 0.9735918440909864 0
    outer loop
      vertex -10.073416709899902 -22.676406860351562 10
      vertex -10.016624450683594 -22.663089752197266 9
      vertex -10.073416709899902 -22.676406860351562 9
    endloop
  endfacet
  facet normal -0.24233361898499742 0.970192979313721 0
    outer loop
      vertex -9.96165943145752 -22.64936065673828 9
      vertex -10.016624450683594 -22.663089752197266 10
      vertex -9.96165943145752 -22.64936065673828 10
    endloop
  endfacet
  facet normal -0.24233361898499742 0.970192979313721 0
    outer loop
      vertex -10.016624450683594 -22.663089752197266 10
      vertex -9.96165943145752 -22.64936065673828 9
      vertex -10.016624450683594 -22.663089752197266 9
    endloop
  endfacet
  facet normal -0.25456996749541483 0.9670543581667908 0
    outer loop
      vertex -9.90896224975586 -22.635488510131836 9
      vertex -9.96165943145752 -22.64936065673828 10
      vertex -9.90896224975586 -22.635488510131836 10
    endloop
  endfacet
  facet normal -0.25456996749541483 0.9670543581667908 0
    outer loop
      vertex -9.96165943145752 -22.64936065673828 10
      vertex -9.90896224975586 -22.635488510131836 9
      vertex -9.96165943145752 -22.64936065673828 9
    endloop
  endfacet
  facet normal -0.26456121504255464 0.9643688938861555 0
    outer loop
      vertex -9.859007835388184 -22.621784210205078 9
      vertex -9.90896224975586 -22.635488510131836 10
      vertex -9.859007835388184 -22.621784210205078 10
    endloop
  endfacet
  facet normal -0.26456121504255464 0.9643688938861555 0
    outer loop
      vertex -9.90896224975586 -22.635488510131836 10
      vertex -9.859007835388184 -22.621784210205078 9
      vertex -9.90896224975586 -22.635488510131836 9
    endloop
  endfacet
  facet normal -0.2756545163777667 0.96125677506093 0
    outer loop
      vertex -9.811797142028809 -22.608245849609375 9
      vertex -9.859007835388184 -22.621784210205078 10
      vertex -9.811797142028809 -22.608245849609375 10
    endloop
  endfacet
  facet normal -0.2756545163777667 0.96125677506093 0
    outer loop
      vertex -9.859007835388184 -22.621784210205078 10
      vertex -9.811797142028809 -22.608245849609375 9
      vertex -9.859007835388184 -22.621784210205078 9
    endloop
  endfacet
  facet normal -0.28793758140911424 0.9576491785681589 0
    outer loop
      vertex -9.767328262329102 -22.59487533569336 9
      vertex -9.811797142028809 -22.608245849609375 10
      vertex -9.767328262329102 -22.59487533569336 10
    endloop
  endfacet
  facet normal -0.28793758140911424 0.9576491785681589 0
    outer loop
      vertex -9.811797142028809 -22.608245849609375 10
      vertex -9.767328262329102 -22.59487533569336 9
      vertex -9.811797142028809 -22.608245849609375 9
    endloop
  endfacet
  facet normal -0.30175076096207726 0.9533868460697406 0
    outer loop
      vertex -9.725602149963379 -22.581668853759766 9
      vertex -9.767328262329102 -22.59487533569336 10
      vertex -9.725602149963379 -22.581668853759766 10
    endloop
  endfacet
  facet normal -0.30175076096207726 0.9533868460697406 0
    outer loop
      vertex -9.767328262329102 -22.59487533569336 10
      vertex -9.725602149963379 -22.581668853759766 9
      vertex -9.767328262329102 -22.59487533569336 9
    endloop
  endfacet
  facet normal -0.3172020349444752 0.9483579856926835 0
    outer loop
      vertex -9.686619758605957 -22.56863021850586 9
      vertex -9.725602149963379 -22.581668853759766 10
      vertex -9.686619758605957 -22.56863021850586 10
    endloop
  endfacet
  facet normal -0.3172020349444752 0.9483579856926835 0
    outer loop
      vertex -9.725602149963379 -22.581668853759766 10
      vertex -9.686619758605957 -22.56863021850586 9
      vertex -9.725602149963379 -22.581668853759766 9
    endloop
  endfacet
  facet normal -0.3346691536456642 0.9423356926266216 0
    outer loop
      vertex -9.650379180908203 -22.55575942993164 9
      vertex -9.686619758605957 -22.56863021850586 10
      vertex -9.650379180908203 -22.55575942993164 10
    endloop
  endfacet
  facet normal -0.3346691536456642 0.9423356926266216 0
    outer loop
      vertex -9.686619758605957 -22.56863021850586 10
      vertex -9.650379180908203 -22.55575942993164 9
      vertex -9.686619758605957 -22.56863021850586 9
    endloop
  endfacet
  facet normal -1 0 0
    outer loop
      vertex -9.650379180908203 -22.55575942993164 9
      vertex -9.650379180908203 -19.80931854248047 10
      vertex -9.650379180908203 -19.80931854248047 9
    endloop
  endfacet
  facet normal -1 0 0
    outer loop
      vertex -9.650379180908203 -19.80931854248047 10
      vertex -9.650379180908203 -22.55575942993164 9
      vertex -9.650379180908203 -22.55575942993164 10
    endloop
  endfacet
  facet normal 0 -1 0
    outer loop
      vertex -11.867859840393066 -19.80931854248047 9
      vertex -9.650379180908203 -19.80931854248047 10
      vertex -11.867859840393066 -19.80931854248047 10
    endloop
  endfacet
  facet normal 0 -1 0
    outer loop
      vertex -9.650379180908203 -19.80931854248047 10
      vertex -11.867859840393066 -19.80931854248047 9
      vertex -9.650379180908203 -19.80931854248047 9
    endloop
  endfacet
  facet normal 1 0 0
    outer loop
      vertex -11.867859840393066 -20.64344024658203 10
      vertex -11.867859840393066 -19.80931854248047 9
      vertex -11.867859840393066 -19.80931854248047 10
    endloop
  endfacet
  facet normal 1 0 0
    outer loop
      vertex -11.867859840393066 -19.80931854248047 9
      vertex -11.867859840393066 -20.64344024658203 10
      vertex -11.867859840393066 -20.64344024658203 9
    endloop
  endfacet
  facet normal 0 1 0
    outer loop
      vertex -10.64721965789795 -20.64344024658203 9
      vertex -11.867859840393066 -20.64344024658203 10
      vertex -10.64721965789795 -20.64344024658203 10
    endloop
  endfacet
  facet normal 0 1 0
    outer loop
      vertex -11.867859840393066 -20.64344024658203 10
      vertex -10.64721965789795 -20.64344024658203 9
      vertex -11.867859840393066 -20.64344024658203 9
    endloop
  endfacet
  facet normal 1 0 0
    outer loop
      vertex -10.64721965789795 -21.91693878173828 10
      vertex -10.64721965789795 -20.64344024658203 9
      vertex -10.64721965789795 -20.64344024658203 10
    endloop
  endfacet
  facet normal 1 0 0
    outer loop
      vertex -10.64721965789795 -20.64344024658203 9
      vertex -10.64721965789795 -21.91693878173828 10
      vertex -10.64721965789795 -21.91693878173828 9
    endloop
  endfacet
  facet normal 0.19251494779429587 -0.9812940409865738 0
    outer loop
      vertex -10.687664031982422 -21.92487335205078 9
      vertex -10.64721965789795 -21.91693878173828 10
      vertex -10.687664031982422 -21.92487335205078 10
    endloop
  endfacet
  facet normal 0.19251494779429587 -0.9812940409865738 0
    outer loop
      vertex -10.64721965789795 -21.91693878173828 10
      vertex -10.687664031982422 -21.92487335205078 9
      vertex -10.64721965789795 -21.91693878173828 9
    endloop
  endfacet
  facet normal 0.17511563050215903 -0.9845478738760403 0
    outer loop
      vertex -10.729936599731445 -21.932392120361328 9
      vertex -10.687664031982422 -21.92487335205078 10
      vertex -10.729936599731445 -21.932392120361328 10
    endloop
  endfacet
  facet normal 0.17511563050215903 -0.9845478738760403 0
    outer loop
      vertex -10.687664031982422 -21.92487335205078 10
      vertex -10.729936599731445 -21.932392120361328 9
      vertex -10.687664031982422 -21.92487335205078 9
    endloop
  endfacet
  facet normal 0.15901964319861459 -0.9872754190584233 0
    outer loop
      vertex -10.774035453796387 -21.939495086669922 9
      vertex -10.729936599731445 -21.932392120361328 10
      vertex -10.774035453796387 -21.939495086669922 10
    endloop
  endfacet
  facet normal 0.15901964319861459 -0.9872754190584233 0
    outer loop
      vertex -10.729936599731445 -21.932392120361328 10
      vertex -10.774035453796387 -21.939495086669922 9
      vertex -10.729936599731445 -21.932392120361328 9
    endloop
  endfacet
  facet normal 0.1440503411833745 -0.9895703609167735 0
    outer loop
      vertex -10.819960594177246 -21.94618034362793 9
      vertex -10.774035453796387 -21.939495086669922 10
      vertex -10.819960594177246 -21.94618034362793 10
    endloop
  endfacet
  facet normal 0.1440503411833745 -0.9895703609167735 0
    outer loop
      vertex -10.774035453796387 -21.939495086669922 10
      vertex -10.819960594177246 -21.94618034362793 9
      vertex -10.774035453796387 -21.939495086669922 9
    endloop
  endfacet
  facet normal 0.1301738113067636 -0.9914911894968462 0
    outer loop
      vertex -10.86771297454834 -21.952449798583984 9
      vertex -10.819960594177246 -21.94618034362793 10
      vertex -10.86771297454834 -21.952449798583984 10
    endloop
  endfacet
  facet normal 0.1301738113067636 -0.9914911894968462 0
    outer loop
      vertex -10.819960594177246 -21.94618034362793 10
      vertex -10.86771297454834 -21.952449798583984 9
      vertex -10.819960594177246 -21.94618034362793 9
    endloop
  endfacet
  facet normal 0.11721364254094123 -0.9931067223628508 0
    outer loop
      vertex -10.917292594909668 -21.958301544189453 9
      vertex -10.86771297454834 -21.952449798583984 10
      vertex -10.917292594909668 -21.958301544189453 10
    endloop
  endfacet
  facet normal 0.11721364254094123 -0.9931067223628508 0
    outer loop
      vertex -10.86771297454834 -21.952449798583984 10
      vertex -10.917292594909668 -21.958301544189453 9
      vertex -10.86771297454834 -21.952449798583984 9
    endloop
  endfacet
  facet normal 0.10519374917862102 -0.99445174600568 0
    outer loop
      vertex -10.96869945526123 -21.9637393951416 9
      vertex -10.917292594909668 -21.958301544189453 10
      vertex -10.96869945526123 -21.9637393951416 10
    endloop
  endfacet
  facet normal 0.10519374917862102 -0.99445174600568 0
    outer loop
      vertex -10.917292594909668 -21.958301544189453 10
      vertex -10.96869945526123 -21.9637393951416 9
      vertex -10.917292594909668 -21.958301544189453 9
    endloop
  endfacet
  facet normal 0.09284964037344126 -0.9956801415527592 0
    outer loop
      vertex -11.020753860473633 -21.96859359741211 9
      vertex -10.96869945526123 -21.9637393951416 10
      vertex -11.020753860473633 -21.96859359741211 10
    endloop
  endfacet
  facet normal 0.09284964037344126 -0.9956801415527592 0
    outer loop
      vertex -10.96869945526123 -21.9637393951416 10
      vertex -11.020753860473633 -21.96859359741211 9
      vertex -10.96869945526123 -21.9637393951416 9
    endloop
  endfacet
  facet normal 0.07943448452910803 -0.9968400888144472 0
    outer loop
      vertex -11.072311401367188 -21.972702026367188 9
      vertex -11.020753860473633 -21.96859359741211 10
      vertex -11.072311401367188 -21.972702026367188 10
    endloop
  endfacet
  facet normal 0.07943448452910803 -0.9968400888144472 0
    outer loop
      vertex -11.020753860473633 -21.96859359741211 10
      vertex -11.072311401367188 -21.972702026367188 9
      vertex -11.020753860473633 -21.96859359741211 9
    endloop
  endfacet
  facet normal 0.065677834545422 -0.9978408801253956 0
    outer loop
      vertex -11.123371124267578 -21.976062774658203 9
      vertex -11.072311401367188 -21.972702026367188 10
      vertex -11.123371124267578 -21.976062774658203 10
    endloop
  endfacet
  facet normal 0.065677834545422 -0.9978408801253956 0
    outer loop
      vertex -11.072311401367188 -21.972702026367188 10
      vertex -11.123371124267578 -21.976062774658203 9
      vertex -11.072311401367188 -21.972702026367188 9
    endloop
  endfacet
  facet normal 0.05168585507476879 -0.9986633929333698 0
    outer loop
      vertex -11.173933982849121 -21.978679656982422 9
      vertex -11.123371124267578 -21.976062774658203 10
      vertex -11.173933982849121 -21.978679656982422 10
    endloop
  endfacet
  facet normal 0.05168585507476879 -0.9986633929333698 0
    outer loop
      vertex -11.123371124267578 -21.976062774658203 10
      vertex -11.173933982849121 -21.978679656982422 9
      vertex -11.123371124267578 -21.976062774658203 9
    endloop
  endfacet
  facet normal 0.037232727948599706 -0.9993066215979486 0
    outer loop
      vertex -11.223999977111816 -21.980545043945312 9
      vertex -11.173933982849121 -21.978679656982422 10
      vertex -11.223999977111816 -21.980545043945312 10
    endloop
  endfacet
  facet normal 0.037232727948599706 -0.9993066215979486 0
    outer loop
      vertex -11.173933982849121 -21.978679656982422 10
      vertex -11.223999977111816 -21.980545043945312 9
      vertex -11.173933982849121 -21.978679656982422 9
    endloop
  endfacet
  facet normal 0.02262003812959315 -0.9997441342038551 0
    outer loop
      vertex -11.273568153381348 -21.981666564941406 9
      vertex -11.223999977111816 -21.980545043945312 10
      vertex -11.273568153381348 -21.981666564941406 10
    endloop
  endfacet
  facet normal 0.02262003812959315 -0.9997441342038551 0
    outer loop
      vertex -11.223999977111816 -21.980545043945312 10
      vertex -11.273568153381348 -21.981666564941406 9
      vertex -11.223999977111816 -21.980545043945312 9
    endloop
  endfacet
  facet normal 0.007618086190427882 -0.9999709819603743 0
    outer loop
      vertex -11.322639465332031 -21.982040405273438 9
      vertex -11.273568153381348 -21.981666564941406 10
      vertex -11.322639465332031 -21.982040405273438 10
    endloop
  endfacet
  facet normal 0.007618086190427882 -0.9999709819603743 0
    outer loop
      vertex -11.273568153381348 -21.981666564941406 10
      vertex -11.322639465332031 -21.982040405273438 9
      vertex -11.273568153381348 -21.981666564941406 9
    endloop
  endfacet
  facet normal -0.038686408160849346 -0.9992514007113587 0
    outer loop
      vertex -11.576802253723145 -21.972200393676758 9
      vertex -11.322639465332031 -21.982040405273438 10
      vertex -11.576802253723145 -21.972200393676758 10
    endloop
  endfacet
  facet normal -0.038686408160849346 -0.9992514007113587 0
    outer loop
      vertex -11.322639465332031 -21.982040405273438 10
      vertex -11.576802253723145 -21.972200393676758 9
      vertex -11.322639465332031 -21.982040405273438 9
    endloop
  endfacet
  facet normal -0.12355615693543752 -0.9923375817146832 0
    outer loop
      vertex -11.813860893249512 -21.942684173583984 9
      vertex -11.576802253723145 -21.972200393676758 10
      vertex -11.813860893249512 -21.942684173583984 10
    endloop
  endfacet
  facet normal -0.12355615693543752 -0.9923375817146832 0
    outer loop
      vertex -11.576802253723145 -21.972200393676758 10
      vertex -11.813860893249512 -21.942684173583984 9
      vertex -11.576802253723145 -21.972200393676758 9
    endloop
  endfacet
  facet normal -0.21826444080888685 -0.9758896627582362 0
    outer loop
      vertex -12.033815383911133 -21.893489837646484 9
      vertex -11.813860893249512 -21.942684173583984 10
      vertex -12.033815383911133 -21.893489837646484 10
    endloop
  endfacet
  facet normal -0.21826444080888685 -0.9758896627582362 0
    outer loop
      vertex -11.813860893249512 -21.942684173583984 10
      vertex -12.033815383911133 -21.893489837646484 9
      vertex -11.813860893249512 -21.942684173583984 9
    endloop
  endfacet
  facet normal -0.32148753555522447 -0.9469138104825742 0
    outer loop
      vertex -12.23666763305664 -21.82461929321289 9
      vertex -12.033815383911133 -21.893489837646484 10
      vertex -12.23666763305664 -21.82461929321289 10
    endloop
  endfacet
  facet normal -0.32148753555522447 -0.9469138104825742 0
    outer loop
      vertex -12.033815383911133 -21.893489837646484 10
      vertex -12.23666763305664 -21.82461929321289 9
      vertex -12.033815383911133 -21.893489837646484 9
    endloop
  endfacet
  facet normal -0.4303278793549443 -0.9026726517680018 0
    outer loop
      vertex -12.422414779663086 -21.736068725585938 9
      vertex -12.23666763305664 -21.82461929321289 10
      vertex -12.422414779663086 -21.736068725585938 10
    endloop
  endfacet
  facet normal -0.4303278793549443 -0.9026726517680018 0
    outer loop
      vertex -12.23666763305664 -21.82461929321289 10
      vertex -12.422414779663086 -21.736068725585938 9
      vertex -12.23666763305664 -21.82461929321289 9
    endloop
  endfacet
  facet normal -0.5400896821131971 -0.8416074710189221 0
    outer loop
      vertex -12.591058731079102 -21.627843856811523 9
      vertex -12.422414779663086 -21.736068725585938 10
      vertex -12.591058731079102 -21.627843856811523 10
    endloop
  endfacet
  facet normal -0.5400896821131971 -0.8416074710189221 0
    outer loop
      vertex -12.422414779663086 -21.736068725585938 10
      vertex -12.591058731079102 -21.627843856811523 9
      vertex -12.422414779663086 -21.736068725585938 9
    endloop
  endfacet
  facet normal -0.6449957659205836 -0.7641861435177424 0
    outer loop
      vertex -12.742599487304688 -21.49993896484375 9
      vertex -12.591058731079102 -21.627843856811523 10
      vertex -12.742599487304688 -21.49993896484375 10
    endloop
  endfacet
  facet normal -0.6449957659205836 -0.7641861435177424 0
    outer loop
      vertex -12.591058731079102 -21.627843856811523 10
      vertex -12.742599487304688 -21.49993896484375 9
      vertex -12.591058731079102 -21.627843856811523 9
    endloop
  endfacet
  facet normal -0.7432444760707378 -0.6690199165871927 0
    outer loop
      vertex -12.742599487304688 -21.49993896484375 9
      vertex -12.875457763671875 -21.352340698242188 10
      vertex -12.875457763671875 -21.352340698242188 9
    endloop
  endfacet
  facet normal -0.7432444760707378 -0.6690199165871927 0
    outer loop
      vertex -12.875457763671875 -21.352340698242188 10
      vertex -12.742599487304688 -21.49993896484375 9
      vertex -12.742599487304688 -21.49993896484375 10
    endloop
  endfacet
  facet normal -0.8295769621389015 -0.5583923923983845 0
    outer loop
      vertex -12.875457763671875 -21.352340698242188 9
      vertex -12.988056182861328 -21.18505859375 10
      vertex -12.988056182861328 -21.18505859375 9
    endloop
  endfacet
  facet normal -0.8295769621389015 -0.5583923923983845 0
    outer loop
      vertex -12.988056182861328 -21.18505859375 10
      vertex -12.875457763671875 -21.352340698242188 9
      vertex -12.875457763671875 -21.352340698242188 10
    endloop
  endfacet
  facet normal -0.8966063023588517 -0.4428285656666553 0
    outer loop
      vertex -12.988056182861328 -21.18505859375 9
      vertex -13.08039379119873 -20.99810028076172 10
      vertex -13.08039379119873 -20.99810028076172 9
    endloop
  endfacet
  facet normal -0.8966063023588517 -0.4428285656666553 0
    outer loop
      vertex -13.08039379119873 -20.99810028076172 10
      vertex -12.988056182861328 -21.18505859375 9
      vertex -12.988056182861328 -21.18505859375 10
    endloop
  endfacet
  facet normal -0.9442110855065788 -0.3293408963467612 0
    outer loop
      vertex -13.08039379119873 -20.99810028076172 9
      vertex -13.152470588684082 -20.791458129882812 10
      vertex -13.152470588684082 -20.791458129882812 9
    endloop
  endfacet
  facet normal -0.9442110855065788 -0.3293408963467612 0
    outer loop
      vertex -13.152470588684082 -20.791458129882812 10
      vertex -13.08039379119873 -20.99810028076172 9
      vertex -13.08039379119873 -20.99810028076172 10
    endloop
  endfacet
  facet normal -0.9747770165223958 -0.22318102083218655 0
    outer loop
      vertex -13.152470588684082 -20.791458129882812 9
      vertex -13.2042875289917 -20.565139770507812 10
      vertex -13.2042875289917 -20.565139770507812 9
    endloop
  endfacet
  facet normal -0.9747770165223958 -0.22318102083218655 0
    outer loop
      vertex -13.2042875289917 -20.565139770507812 10
      vertex -13.152470588684082 -20.791458129882812 9
      vertex -13.152470588684082 -20.791458129882812 10
    endloop
  endfacet
  facet normal -0.991872695859979 -0.12723425327897206 0
    outer loop
      vertex -13.2042875289917 -20.565139770507812 9
      vertex -13.235843658447266 -20.31913948059082 10
      vertex -13.235843658447266 -20.31913948059082 9
    endloop
  endfacet
  facet normal -0.991872695859979 -0.12723425327897206 0
    outer loop
      vertex -13.235843658447266 -20.31913948059082 10
      vertex -13.2042875289917 -20.565139770507812 9
      vertex -13.2042875289917 -20.565139770507812 10
    endloop
  endfacet
  facet normal -0.9990973212753539 -0.04247990843224917 0
    outer loop
      vertex -13.235843658447266 -20.31913948059082 9
      vertex -13.247139930725098 -20.05345916748047 10
      vertex -13.247139930725098 -20.05345916748047 9
    endloop
  endfacet
  facet normal -0.9990973212753539 -0.04247990843224917 0
    outer loop
      vertex -13.247139930725098 -20.05345916748047 10
      vertex -13.235843658447266 -20.31913948059082 9
      vertex -13.235843658447266 -20.31913948059082 10
    endloop
  endfacet
  facet normal -0.9997162861522235 0.02381905124066733 0
    outer loop
      vertex -13.247139930725098 -20.05345916748047 9
      vertex -13.243818283081055 -19.914045333862305 10
      vertex -13.243818283081055 -19.914045333862305 9
    endloop
  endfacet
  facet normal -0.9997162861522235 0.02381905124066733 0
    outer loop
      vertex -13.243818283081055 -19.914045333862305 10
      vertex -13.247139930725098 -20.05345916748047 9
      vertex -13.247139930725098 -20.05345916748047 10
    endloop
  endfacet
  facet normal -0.9972721100120518 0.07381286196937586 0
    outer loop
      vertex -13.243818283081055 -19.914045333862305 9
      vertex -13.233856201171875 -19.779449462890625 10
      vertex -13.233856201171875 -19.779449462890625 9
    endloop
  endfacet
  facet normal -0.9972721100120518 0.07381286196937586 0
    outer loop
      vertex -13.233856201171875 -19.779449462890625 10
      vertex -13.243818283081055 -19.914045333862305 9
      vertex -13.243818283081055 -19.914045333862305 10
    endloop
  endfacet
  facet normal -0.991914657502758 0.1269067068014382 0
    outer loop
      vertex -13.233856201171875 -19.779449462890625 9
      vertex -13.217251777648926 -19.649667739868164 10
      vertex -13.217251777648926 -19.649667739868164 9
    endloop
  endfacet
  facet normal -0.991914657502758 0.1269067068014382 0
    outer loop
      vertex -13.217251777648926 -19.649667739868164 10
      vertex -13.233856201171875 -19.779449462890625 9
      vertex -13.233856201171875 -19.779449462890625 10
    endloop
  endfacet
  facet normal -0.9831360104981061 0.18287587282599047 0
    outer loop
      vertex -13.217251777648926 -19.649667739868164 9
      vertex -13.19400691986084 -19.524703979492188 10
      vertex -13.19400691986084 -19.524703979492188 9
    endloop
  endfacet
  facet normal -0.9831360104981061 0.18287587282599047 0
    outer loop
      vertex -13.19400691986084 -19.524703979492188 10
      vertex -13.217251777648926 -19.649667739868164 9
      vertex -13.217251777648926 -19.649667739868164 10
    endloop
  endfacet
  facet normal -0.9704227819342408 0.24141173190839108 0
    outer loop
      vertex -13.19400691986084 -19.524703979492188 9
      vertex -13.164118766784668 -19.404560089111328 10
      vertex -13.164118766784668 -19.404560089111328 9
    endloop
  endfacet
  facet normal -0.9704227819342408 0.24141173190839108 0
    outer loop
      vertex -13.164118766784668 -19.404560089111328 10
      vertex -13.19400691986084 -19.524703979492188 9
      vertex -13.19400691986084 -19.524703979492188 10
    endloop
  endfacet
  facet normal -0.9533243756574451 0.3019480663580121 0
    outer loop
      vertex -13.164118766784668 -19.404560089111328 9
      vertex -13.12759017944336 -19.289230346679688 10
      vertex -13.12759017944336 -19.289230346679688 9
    endloop
  endfacet
  facet normal -0.9533243756574451 0.3019480663580121 0
    outer loop
      vertex -13.12759017944336 -19.289230346679688 10
      vertex -13.164118766784668 -19.404560089111328 9
      vertex -13.164118766784668 -19.404560089111328 10
    endloop
  endfacet
  facet normal -0.9314508793802383 0.3638670901603782 0
    outer loop
      vertex -13.12759017944336 -19.289230346679688 9
      vertex -13.084419250488281 -19.17871856689453 10
      vertex -13.084419250488281 -19.17871856689453 9
    endloop
  endfacet
  facet normal -0.9314508793802383 0.3638670901603782 0
    outer loop
      vertex -13.084419250488281 -19.17871856689453 10
      vertex -13.12759017944336 -19.289230346679688 9
      vertex -13.12759017944336 -19.289230346679688 10
    endloop
  endfacet
  facet normal -0.9073489286836723 0.42037830773791374 0
    outer loop
      vertex -13.084419250488281 -19.17871856689453 9
      vertex -13.035462379455566 -19.073049545288086 10
      vertex -13.035462379455566 -19.073049545288086 9
    endloop
  endfacet
  facet normal -0.9073489286836723 0.42037830773791374 0
    outer loop
      vertex -13.035462379455566 -19.073049545288086 10
      vertex -13.084419250488281 -19.17871856689453 9
      vertex -13.084419250488281 -19.17871856689453 10
    endloop
  endfacet
  facet normal -0.8819441121630459 0.4713539890792657 0
    outer loop
      vertex -13.035462379455566 -19.073049545288086 9
      vertex -12.981606483459473 -18.972280502319336 10
      vertex -12.981606483459473 -18.972280502319336 9
    endloop
  endfacet
  facet normal -0.8819441121630459 0.4713539890792657 0
    outer loop
      vertex -12.981606483459473 -18.972280502319336 10
      vertex -13.035462379455566 -19.073049545288086 9
      vertex -13.035462379455566 -19.073049545288086 10
    endloop
  endfacet
  facet normal -0.8526228278348604 0.5225268542906537 0
    outer loop
      vertex -12.981606483459473 -18.972280502319336 9
      vertex -12.922853469848633 -18.87641143798828 10
      vertex -12.922853469848633 -18.87641143798828 9
    endloop
  endfacet
  facet normal -0.8526228278348604 0.5225268542906537 0
    outer loop
      vertex -12.922853469848633 -18.87641143798828 10
      vertex -12.981606483459473 -18.972280502319336 9
      vertex -12.981606483459473 -18.972280502319336 10
    endloop
  endfacet
  facet normal -0.8193432814249142 0.5733032244666465 0
    outer loop
      vertex -12.922853469848633 -18.87641143798828 9
      vertex -12.859201431274414 -18.785442352294922 10
      vertex -12.859201431274414 -18.785442352294922 9
    endloop
  endfacet
  facet normal -0.8193432814249142 0.5733032244666465 0
    outer loop
      vertex -12.859201431274414 -18.785442352294922 10
      vertex -12.922853469848633 -18.87641143798828 9
      vertex -12.922853469848633 -18.87641143798828 10
    endloop
  endfacet
  facet normal -0.7822174113725683 0.6230055548272408 0
    outer loop
      vertex -12.859201431274414 -18.785442352294922 9
      vertex -12.79065227508545 -18.69937515258789 10
      vertex -12.79065227508545 -18.69937515258789 9
    endloop
  endfacet
  facet normal -0.7822174113725683 0.6230055548272408 0
    outer loop
      vertex -12.79065227508545 -18.69937515258789 10
      vertex -12.859201431274414 -18.785442352294922 9
      vertex -12.859201431274414 -18.785442352294922 10
    endloop
  endfacet
  facet normal -0.7414971821411055 0.6709559813257501 0
    outer loop
      vertex -12.79065227508545 -18.69937515258789 9
      vertex -12.717205047607422 -18.618206024169922 10
      vertex -12.717205047607422 -18.618206024169922 9
    endloop
  endfacet
  facet normal -0.7414971821411055 0.6709559813257501 0
    outer loop
      vertex -12.717205047607422 -18.618206024169922 10
      vertex -12.79065227508545 -18.69937515258789 9
      vertex -12.79065227508545 -18.69937515258789 10
    endloop
  endfacet
  facet normal -0.6975399737465461 0.7165458708454523 0
    outer loop
      vertex -12.638859748840332 -18.54193878173828 9
      vertex -12.717205047607422 -18.618206024169922 10
      vertex -12.638859748840332 -18.54193878173828 10
    endloop
  endfacet
  facet normal -0.6975399737465461 0.7165458708454523 0
    outer loop
      vertex -12.717205047607422 -18.618206024169922 10
      vertex -12.638859748840332 -18.54193878173828 9
      vertex -12.717205047607422 -18.618206024169922 9
    endloop
  endfacet
  facet normal -0.651720560174123 0.7584591692677511 0
    outer loop
      vertex -12.555948257446289 -18.47069549560547 9
      vertex -12.638859748840332 -18.54193878173828 10
      vertex -12.555948257446289 -18.47069549560547 10
    endloop
  endfacet
  facet normal -0.651720560174123 0.7584591692677511 0
    outer loop
      vertex -12.638859748840332 -18.54193878173828 10
      vertex -12.555948257446289 -18.47069549560547 9
      vertex -12.638859748840332 -18.54193878173828 9
    endloop
  endfacet
  facet normal -0.6042868587291114 0.7967668368897534 0
    outer loop
      vertex -12.468802452087402 -18.40460205078125 9
      vertex -12.555948257446289 -18.47069549560547 10
      vertex -12.468802452087402 -18.40460205078125 10
    endloop
  endfacet
  facet normal -0.6042868587291114 0.7967668368897534 0
    outer loop
      vertex -12.555948257446289 -18.47069549560547 10
      vertex -12.468802452087402 -18.40460205078125 9
      vertex -12.555948257446289 -18.47069549560547 9
    endloop
  endfacet
  facet normal -0.5548845140958758 0.8319273862643205 0
    outer loop
      vertex -12.377422332763672 -18.343652725219727 9
      vertex -12.468802452087402 -18.40460205078125 10
      vertex -12.377422332763672 -18.343652725219727 10
    endloop
  endfacet
  facet normal -0.5548845140958758 0.8319273862643205 0
    outer loop
      vertex -12.468802452087402 -18.40460205078125 10
      vertex -12.377422332763672 -18.343652725219727 9
      vertex -12.468802452087402 -18.40460205078125 9
    endloop
  endfacet
  facet normal -0.5040354510287559 0.8636829650434462 0
    outer loop
      vertex -12.281807899475098 -18.287853240966797 9
      vertex -12.377422332763672 -18.343652725219727 10
      vertex -12.281807899475098 -18.287853240966797 10
    endloop
  endfacet
  facet normal -0.5040354510287559 0.8636829650434462 0
    outer loop
      vertex -12.377422332763672 -18.343652725219727 10
      vertex -12.281807899475098 -18.287853240966797 9
      vertex -12.377422332763672 -18.343652725219727 9
    endloop
  endfacet
  facet normal -0.4524019598539093 0.8918141435973876 0
    outer loop
      vertex -12.18195915222168 -18.237201690673828 9
      vertex -12.281807899475098 -18.287853240966797 10
      vertex -12.18195915222168 -18.237201690673828 10
    endloop
  endfacet
  facet normal -0.4524019598539093 0.8918141435973876 0
    outer loop
      vertex -12.281807899475098 -18.287853240966797 10
      vertex -12.18195915222168 -18.237201690673828 9
      vertex -12.281807899475098 -18.287853240966797 9
    endloop
  endfacet
  facet normal -0.40059421100631554 0.9162555746669307 0
    outer loop
      vertex -12.077877044677734 -18.191696166992188 9
      vertex -12.18195915222168 -18.237201690673828 10
      vertex -12.077877044677734 -18.191696166992188 10
    endloop
  endfacet
  facet normal -0.40059421100631554 0.9162555746669307 0
    outer loop
      vertex -12.18195915222168 -18.237201690673828 10
      vertex -12.077877044677734 -18.191696166992188 9
      vertex -12.18195915222168 -18.237201690673828 9
    endloop
  endfacet
  facet normal -0.3491253596474617 0.9370760285329203 0
    outer loop
      vertex -11.969559669494629 -18.15134048461914 9
      vertex -12.077877044677734 -18.191696166992188 10
      vertex -11.969559669494629 -18.15134048461914 10
    endloop
  endfacet
  facet normal -0.3491253596474617 0.9370760285329203 0
    outer loop
      vertex -12.077877044677734 -18.191696166992188 10
      vertex -11.969559669494629 -18.15134048461914 9
      vertex -12.077877044677734 -18.191696166992188 9
    endloop
  endfacet
  facet normal -0.29990524138351893 0.9539689964515059 0
    outer loop
      vertex -11.857961654663086 -18.116256713867188 9
      vertex -11.969559669494629 -18.15134048461914 10
      vertex -11.857961654663086 -18.116256713867188 10
    endloop
  endfacet
  facet normal -0.29990524138351893 0.9539689964515059 0
    outer loop
      vertex -11.969559669494629 -18.15134048461914 10
      vertex -11.857961654663086 -18.116256713867188 9
      vertex -11.969559669494629 -18.15134048461914 9
    endloop
  endfacet
  facet normal -0.2521719311988471 0.9676824464231248 0
    outer loop
      vertex -11.744037628173828 -18.08656883239746 9
      vertex -11.857961654663086 -18.116256713867188 10
      vertex -11.744037628173828 -18.08656883239746 10
    endloop
  endfacet
  facet normal -0.2521719311988471 0.9676824464231248 0
    outer loop
      vertex -11.857961654663086 -18.116256713867188 10
      vertex -11.744037628173828 -18.08656883239746 9
      vertex -11.857961654663086 -18.116256713867188 9
    endloop
  endfacet
  facet normal -0.20452982965824268 0.9788603315999531 0
    outer loop
      vertex -11.627787590026855 -18.062278747558594 9
      vertex -11.744037628173828 -18.08656883239746 10
      vertex -11.627787590026855 -18.062278747558594 10
    endloop
  endfacet
  facet normal -0.20452982965824268 0.9788603315999531 0
    outer loop
      vertex -11.744037628173828 -18.08656883239746 10
      vertex -11.627787590026855 -18.062278747558594 9
      vertex -11.744037628173828 -18.08656883239746 9
    endloop
  endfacet
  facet normal -0.15732507934526416 0.9875468694745613 0
    outer loop
      vertex -11.509210586547852 -18.04338836669922 9
      vertex -11.627787590026855 -18.062278747558594 10
      vertex -11.509210586547852 -18.04338836669922 10
    endloop
  endfacet
  facet normal -0.15732507934526416 0.9875468694745613 0
    outer loop
      vertex -11.627787590026855 -18.062278747558594 10
      vertex -11.509210586547852 -18.04338836669922 9
      vertex -11.627787590026855 -18.062278747558594 9
    endloop
  endfacet
  facet normal -0.11090903547454597 0.9938305619420778 0
    outer loop
      vertex -11.388306617736816 -18.029895782470703 9
      vertex -11.509210586547852 -18.04338836669922 10
      vertex -11.388306617736816 -18.029895782470703 10
    endloop
  endfacet
  facet normal -0.11090903547454597 0.9938305619420778 0
    outer loop
      vertex -11.509210586547852 -18.04338836669922 10
      vertex -11.388306617736816 -18.029895782470703 9
      vertex -11.509210586547852 -18.04338836669922 9
    endloop
  endfacet
  facet normal -0.06557795118632777 0.9978474494221066 0
    outer loop
      vertex -11.265076637268066 -18.02179718017578 9
      vertex -11.388306617736816 -18.029895782470703 10
      vertex -11.265076637268066 -18.02179718017578 10
    endloop
  endfacet
  facet normal -0.06557795118632777 0.9978474494221066 0
    outer loop
      vertex -11.388306617736816 -18.029895782470703 10
      vertex -11.265076637268066 -18.02179718017578 9
      vertex -11.388306617736816 -18.029895782470703 9
    endloop
  endfacet
  facet normal -0.021475267410687227 0.9997693798519934 0
    outer loop
      vertex -11.139519691467285 -18.019100189208984 9
      vertex -11.265076637268066 -18.02179718017578 10
      vertex -11.139519691467285 -18.019100189208984 10
    endloop
  endfacet
  facet normal -0.021475267410687227 0.9997693798519934 0
    outer loop
      vertex -11.265076637268066 -18.02179718017578 10
      vertex -11.139519691467285 -18.019100189208984 9
      vertex -11.265076637268066 -18.02179718017578 9
    endloop
  endfacet
  facet normal 0.011478926042577208 0.9999341149580352 0
    outer loop
      vertex -11.045478820800781 -18.020179748535156 9
      vertex -11.139519691467285 -18.019100189208984 10
      vertex -11.045478820800781 -18.020179748535156 10
    endloop
  endfacet
  facet normal 0.011478926042577208 0.9999341149580352 0
    outer loop
      vertex -11.139519691467285 -18.019100189208984 10
      vertex -11.045478820800781 -18.020179748535156 9
      vertex -11.139519691467285 -18.019100189208984 9
    endloop
  endfacet
  facet normal 0.03451022557692908 0.9994043447627339 0
    outer loop
      vertex -10.951687812805176 -18.023418426513672 9
      vertex -11.045478820800781 -18.020179748535156 10
      vertex -10.951687812805176 -18.023418426513672 10
    endloop
  endfacet
  facet normal 0.03451022557692908 0.9994043447627339 0
    outer loop
      vertex -11.045478820800781 -18.020179748535156 10
      vertex -10.951687812805176 -18.023418426513672 9
      vertex -11.045478820800781 -18.020179748535156 9
    endloop
  endfacet
  facet normal 0.05764979373292518 0.9983368676366465 0
    outer loop
      vertex -10.858146667480469 -18.028820037841797 9
      vertex -10.951687812805176 -18.023418426513672 10
      vertex -10.858146667480469 -18.028820037841797 10
    endloop
  endfacet
  facet normal 0.05764979373292518 0.9983368676366465 0
    outer loop
      vertex -10.951687812805176 -18.023418426513672 10
      vertex -10.858146667480469 -18.028820037841797 9
      vertex -10.951687812805176 -18.023418426513672 9
    endloop
  endfacet
  facet normal 0.08077948210433697 0.9967319977160135 0
    outer loop
      vertex -10.76485538482666 -18.036380767822266 9
      vertex -10.858146667480469 -18.028820037841797 10
      vertex -10.76485538482666 -18.036380767822266 10
    endloop
  endfacet
  facet normal 0.08077948210433697 0.9967319977160135 0
    outer loop
      vertex -10.858146667480469 -18.028820037841797 10
      vertex -10.76485538482666 -18.036380767822266 9
      vertex -10.858146667480469 -18.028820037841797 9
    endloop
  endfacet
  facet normal 0.10390148575809935 0.9945875935568769 0
    outer loop
      vertex -10.671813011169434 -18.046100616455078 9
      vertex -10.76485538482666 -18.036380767822266 10
      vertex -10.671813011169434 -18.046100616455078 10
    endloop
  endfacet
  facet normal 0.10390148575809935 0.9945875935568769 0
    outer loop
      vertex -10.76485538482666 -18.036380767822266 10
      vertex -10.671813011169434 -18.046100616455078 9
      vertex -10.76485538482666 -18.036380767822266 9
    endloop
  endfacet
  facet normal 0.1269814674053156 0.9919050896812621 0
    outer loop
      vertex -10.579021453857422 -18.057979583740234 9
      vertex -10.671813011169434 -18.046100616455078 10
      vertex -10.579021453857422 -18.057979583740234 10
    endloop
  endfacet
  facet normal 0.1269814674053156 0.9919050896812621 0
    outer loop
      vertex -10.671813011169434 -18.046100616455078 10
      vertex -10.579021453857422 -18.057979583740234 9
      vertex -10.671813011169434 -18.046100616455078 9
    endloop
  endfacet
  facet normal 0.14999884399658198 0.988686172048385 0
    outer loop
      vertex -10.486479759216309 -18.072019577026367 9
      vertex -10.579021453857422 -18.057979583740234 10
      vertex -10.486479759216309 -18.072019577026367 10
    endloop
  endfacet
  facet normal 0.14999884399658198 0.988686172048385 0
    outer loop
      vertex -10.579021453857422 -18.057979583740234 10
      vertex -10.486479759216309 -18.072019577026367 9
      vertex -10.579021453857422 -18.057979583740234 9
    endloop
  endfacet
  facet normal 0.17184892749176725 0.9851233151844134 0
    outer loop
      vertex -10.394186973571777 -18.088119506835938 9
      vertex -10.486479759216309 -18.072019577026367 10
      vertex -10.394186973571777 -18.088119506835938 10
    endloop
  endfacet
  facet normal 0.17184892749176725 0.9851233151844134 0
    outer loop
      vertex -10.486479759216309 -18.072019577026367 10
      vertex -10.394186973571777 -18.088119506835938 9
      vertex -10.486479759216309 -18.072019577026367 9
    endloop
  endfacet
  facet normal 0.19288322255905183 0.9812217193148729 0
    outer loop
      vertex -10.302145004272461 -18.106212615966797 9
      vertex -10.394186973571777 -18.088119506835938 10
      vertex -10.302145004272461 -18.106212615966797 10
    endloop
  endfacet
  facet normal 0.19288322255905183 0.9812217193148729 0
    outer loop
      vertex -10.394186973571777 -18.088119506835938 10
      vertex -10.302145004272461 -18.106212615966797 9
      vertex -10.394186973571777 -18.088119506835938 9
    endloop
  endfacet
  facet normal 0.2137634679717196 0.9768854486380191 0
    outer loop
      vertex -10.210351943969727 -18.126298904418945 9
      vertex -10.302145004272461 -18.106212615966797 10
      vertex -10.210351943969727 -18.126298904418945 10
    endloop
  endfacet
  facet normal 0.2137634679717196 0.9768854486380191 0
    outer loop
      vertex -10.302145004272461 -18.106212615966797 10
      vertex -10.210351943969727 -18.126298904418945 9
      vertex -10.302145004272461 -18.106212615966797 9
    endloop
  endfacet
  facet normal 0.2344705819055115 0.9721232155549475 0
    outer loop
      vertex -10.118809700012207 -18.148378372192383 9
      vertex -10.210351943969727 -18.126298904418945 10
      vertex -10.118809700012207 -18.148378372192383 10
    endloop
  endfacet
  facet normal 0.2344705819055115 0.9721232155549475 0
    outer loop
      vertex -10.210351943969727 -18.126298904418945 10
      vertex -10.118809700012207 -18.148378372192383 9
      vertex -10.210351943969727 -18.126298904418945 9
    endloop
  endfacet
  facet normal 0.25496958578310663 0.966949073284416 0
    outer loop
      vertex -10.02751636505127 -18.17245101928711 9
      vertex -10.118809700012207 -18.148378372192383 10
      vertex -10.02751636505127 -18.17245101928711 10
    endloop
  endfacet
  facet normal 0.25496958578310663 0.966949073284416 0
    outer loop
      vertex -10.118809700012207 -18.148378372192383 10
      vertex -10.02751636505127 -18.17245101928711 9
      vertex -10.118809700012207 -18.148378372192383 9
    endloop
  endfacet
  facet normal 0.27526107967896984 0.961369511693588 0
    outer loop
      vertex -9.93647289276123 -18.198518753051758 9
      vertex -10.02751636505127 -18.17245101928711 10
      vertex -9.93647289276123 -18.198518753051758 10
    endloop
  endfacet
  facet normal 0.27526107967896984 0.961369511693588 0
    outer loop
      vertex -10.02751636505127 -18.17245101928711 10
      vertex -9.93647289276123 -18.198518753051758 9
      vertex -10.02751636505127 -18.17245101928711 9
    endloop
  endfacet
  facet normal 0.295281621336599 0.9554102595748224 0
    outer loop
      vertex -9.84567928314209 -18.226579666137695 9
      vertex -9.93647289276123 -18.198518753051758 10
      vertex -9.84567928314209 -18.226579666137695 10
    endloop
  endfacet
  facet normal 0.295281621336599 0.9554102595748224 0
    outer loop
      vertex -9.93647289276123 -18.198518753051758 10
      vertex -9.84567928314209 -18.226579666137695 9
      vertex -9.93647289276123 -18.198518753051758 9
    endloop
  endfacet
  facet normal -1 0 0
    outer loop
      vertex -9.84567928314209 -18.226579666137695 9
      vertex -9.84567928314209 -17.380279541015625 10
      vertex -9.84567928314209 -17.380279541015625 9
    endloop
  endfacet
  facet normal -1 0 0
    outer loop
      vertex -9.84567928314209 -17.380279541015625 10
      vertex -9.84567928314209 -18.226579666137695 9
      vertex -9.84567928314209 -18.226579666137695 10
    endloop
  endfacet
  facet normal -0.3221048077301298 -0.94670401543309 0
    outer loop
      vertex -9.91584300994873 -17.356407165527344 9
      vertex -9.84567928314209 -17.380279541015625 10
      vertex -9.91584300994873 -17.356407165527344 10
    endloop
  endfacet
  facet normal -0.3221048077301298 -0.94670401543309 0
    outer loop
      vertex -9.84567928314209 -17.380279541015625 10
      vertex -9.91584300994873 -17.356407165527344 9
      vertex -9.84567928314209 -17.380279541015625 9
    endloop
  endfacet
  facet normal -0.28848395186672726 -0.957484730695668 0
    outer loop
      vertex -9.991486549377441 -17.333616256713867 9
      vertex -9.91584300994873 -17.356407165527344 10
      vertex -9.991486549377441 -17.333616256713867 10
    endloop
  endfacet
  facet normal -0.28848395186672726 -0.957484730695668 0
    outer loop
      vertex -9.91584300994873 -17.356407165527344 10
      vertex -9.991486549377441 -17.333616256713867 9
      vertex -9.91584300994873 -17.356407165527344 9
    endloop
  endfacet
  facet normal -0.2585290844463409 -0.9660034743702203 0
    outer loop
      vertex -10.072611808776855 -17.311904907226562 9
      vertex -9.991486549377441 -17.333616256713867 10
      vertex -10.072611808776855 -17.311904907226562 10
    endloop
  endfacet
  facet normal -0.2585290844463409 -0.9660034743702203 0
    outer loop
      vertex -9.991486549377441 -17.333616256713867 10
      vertex -10.072611808776855 -17.311904907226562 9
      vertex -9.991486549377441 -17.333616256713867 9
    endloop
  endfacet
  facet normal -0.2317204504528697 -0.9727824180370034 0
    outer loop
      vertex -10.159217834472656 -17.291275024414062 9
      vertex -10.072611808776855 -17.311904907226562 10
      vertex -10.159217834472656 -17.291275024414062 10
    endloop
  endfacet
  facet normal -0.2317204504528697 -0.9727824180370034 0
    outer loop
      vertex -10.072611808776855 -17.311904907226562 10
      vertex -10.159217834472656 -17.291275024414062 9
      vertex -10.072611808776855 -17.311904907226562 9
    endloop
  endfacet
  facet normal -0.20769603450129134 -0.9781934150526871 0
    outer loop
      vertex -10.251303672790527 -17.2717227935791 9
      vertex -10.159217834472656 -17.291275024414062 10
      vertex -10.251303672790527 -17.2717227935791 10
    endloop
  endfacet
  facet normal -0.20769603450129134 -0.9781934150526871 0
    outer loop
      vertex -10.159217834472656 -17.291275024414062 10
      vertex -10.251303672790527 -17.2717227935791 9
      vertex -10.159217834472656 -17.291275024414062 9
    endloop
  endfacet
  facet normal -0.1860272382333779 -0.9825445876067214 0
    outer loop
      vertex -10.348871231079102 -17.253250122070312 9
      vertex -10.251303672790527 -17.2717227935791 10
      vertex -10.348871231079102 -17.253250122070312 10
    endloop
  endfacet
  facet normal -0.1860272382333779 -0.9825445876067214 0
    outer loop
      vertex -10.251303672790527 -17.2717227935791 10
      vertex -10.348871231079102 -17.253250122070312 9
      vertex -10.251303672790527 -17.2717227935791 9
    endloop
  endfacet
  facet normal -0.16641416517119312 -0.9860559444729162 0
    outer loop
      vertex -10.451919555664062 -17.235858917236328 9
      vertex -10.348871231079102 -17.253250122070312 10
      vertex -10.451919555664062 -17.235858917236328 10
    endloop
  endfacet
  facet normal -0.16641416517119312 -0.9860559444729162 0
    outer loop
      vertex -10.348871231079102 -17.253250122070312 10
      vertex -10.451919555664062 -17.235858917236328 9
      vertex -10.348871231079102 -17.253250122070312 9
    endloop
  endfacet
  facet normal -0.14520913911985825 -0.989400983381394 0
    outer loop
      vertex -10.558538436889648 -17.220211029052734 9
      vertex -10.451919555664062 -17.235858917236328 10
      vertex -10.558538436889648 -17.220211029052734 10
    endloop
  endfacet
  facet normal -0.14520913911985825 -0.989400983381394 0
    outer loop
      vertex -10.451919555664062 -17.235858917236328 10
      vertex -10.558538436889648 -17.220211029052734 9
      vertex -10.451919555664062 -17.235858917236328 9
    endloop
  endfacet
  facet normal -0.12137982169875909 -0.9926061348210464 0
    outer loop
      vertex -10.666817665100098 -17.20697021484375 9
      vertex -10.558538436889648 -17.220211029052734 10
      vertex -10.666817665100098 -17.20697021484375 10
    endloop
  endfacet
  facet normal -0.12137982169875909 -0.9926061348210464 0
    outer loop
      vertex -10.558538436889648 -17.220211029052734 10
      vertex -10.666817665100098 -17.20697021484375 9
      vertex -10.558538436889648 -17.220211029052734 9
    endloop
  endfacet
  facet normal -0.09805057870186994 -0.9951814327127634 0
    outer loop
      vertex -10.77675724029541 -17.196138381958008 9
      vertex -10.666817665100098 -17.20697021484375 10
      vertex -10.77675724029541 -17.196138381958008 10
    endloop
  endfacet
  facet normal -0.09805057870186994 -0.9951814327127634 0
    outer loop
      vertex -10.666817665100098 -17.20697021484375 10
      vertex -10.77675724029541 -17.196138381958008 9
      vertex -10.666817665100098 -17.20697021484375 9
    endloop
  endfacet
  facet normal -0.07527653379842764 -0.9971626965843108 0
    outer loop
      vertex -10.888357162475586 -17.187713623046875 9
      vertex -10.77675724029541 -17.196138381958008 10
      vertex -10.888357162475586 -17.187713623046875 10
    endloop
  endfacet
  facet normal -0.07527653379842764 -0.9971626965843108 0
    outer loop
      vertex -10.77675724029541 -17.196138381958008 10
      vertex -10.888357162475586 -17.187713623046875 9
      vertex -10.77675724029541 -17.196138381958008 9
    endloop
  endfacet
  facet normal -0.05307340692099933 -0.9985906135538216 0
    outer loop
      vertex -11.001617431640625 -17.18169403076172 9
      vertex -10.888357162475586 -17.187713623046875 10
      vertex -11.001617431640625 -17.18169403076172 10
    endloop
  endfacet
  facet normal -0.05307340692099933 -0.9985906135538216 0
    outer loop
      vertex -10.888357162475586 -17.187713623046875 10
      vertex -11.001617431640625 -17.18169403076172 9
      vertex -10.888357162475586 -17.187713623046875 9
    endloop
  endfacet
  facet normal -0.0314028097494232 -0.9995068101518076 0
    outer loop
      vertex -11.116538047790527 -17.178083419799805 9
      vertex -11.001617431640625 -17.18169403076172 10
      vertex -11.116538047790527 -17.178083419799805 10
    endloop
  endfacet
  facet normal -0.0314028097494232 -0.9995068101518076 0
    outer loop
      vertex -11.001617431640625 -17.18169403076172 10
      vertex -11.116538047790527 -17.178083419799805 9
      vertex -11.001617431640625 -17.18169403076172 9
    endloop
  endfacet
  facet normal -0.01032298054211139 -0.9999467166168041 0
    outer loop
      vertex -11.23311996459961 -17.1768798828125 9
      vertex -11.116538047790527 -17.178083419799805 10
      vertex -11.23311996459961 -17.1768798828125 10
    endloop
  endfacet
  facet normal -0.01032298054211139 -0.9999467166168041 0
    outer loop
      vertex -11.116538047790527 -17.178083419799805 10
      vertex -11.23311996459961 -17.1768798828125 9
      vertex -11.116538047790527 -17.178083419799805 9
    endloop
  endfacet
  facet normal 0.015480516478274307 -0.9998801696251236 0
    outer loop
      vertex -11.364445686340332 -17.178913116455078 9
      vertex -11.23311996459961 -17.1768798828125 10
      vertex -11.364445686340332 -17.178913116455078 10
    endloop
  endfacet
  facet normal 0.015480516478274307 -0.9998801696251236 0
    outer loop
      vertex -11.23311996459961 -17.1768798828125 10
      vertex -11.364445686340332 -17.178913116455078 9
      vertex -11.23311996459961 -17.1768798828125 9
    endloop
  endfacet
  facet normal 0.04727691353208139 -0.9988818215619303 0
    outer loop
      vertex -11.493362426757812 -17.185014724731445 9
      vertex -11.364445686340332 -17.178913116455078 10
      vertex -11.493362426757812 -17.185014724731445 10
    endloop
  endfacet
  facet normal 0.04727691353208139 -0.9988818215619303 0
    outer loop
      vertex -11.364445686340332 -17.178913116455078 10
      vertex -11.493362426757812 -17.185014724731445 9
      vertex -11.364445686340332 -17.178913116455078 9
    endloop
  endfacet
  facet normal 0.08013167913450674 -0.9967842865931847 0
    outer loop
      vertex -11.61987018585205 -17.1951847076416 9
      vertex -11.493362426757812 -17.185014724731445 10
      vertex -11.61987018585205 -17.1951847076416 10
    endloop
  endfacet
  facet normal 0.08013167913450674 -0.9967842865931847 0
    outer loop
      vertex -11.493362426757812 -17.185014724731445 10
      vertex -11.61987018585205 -17.1951847076416 9
      vertex -11.493362426757812 -17.185014724731445 9
    endloop
  endfacet
  facet normal 0.11397292605056113 -0.9934838559974054 0
    outer loop
      vertex -11.743967056274414 -17.209421157836914 9
      vertex -11.61987018585205 -17.1951847076416 10
      vertex -11.743967056274414 -17.209421157836914 10
    endloop
  endfacet
  facet normal 0.11397292605056113 -0.9934838559974054 0
    outer loop
      vertex -11.61987018585205 -17.1951847076416 10
      vertex -11.743967056274414 -17.209421157836914 9
      vertex -11.61987018585205 -17.1951847076416 9
    endloop
  endfacet
  facet normal 0.14875200072851671 -0.9888745331331288 0
    outer loop
      vertex -11.865653991699219 -17.227725982666016 9
      vertex -11.743967056274414 -17.209421157836914 10
      vertex -11.865653991699219 -17.227725982666016 10
    endloop
  endfacet
  facet normal 0.14875200072851671 -0.9888745331331288 0
    outer loop
      vertex -11.743967056274414 -17.209421157836914 10
      vertex -11.865653991699219 -17.227725982666016 9
      vertex -11.743967056274414 -17.209421157836914 9
    endloop
  endfacet
  facet normal 0.18435685775638253 -0.9828593739687245 0
    outer loop
      vertex -11.984931945800781 -17.250099182128906 9
      vertex -11.865653991699219 -17.227725982666016 10
      vertex -11.984931945800781 -17.250099182128906 10
    endloop
  endfacet
  facet normal 0.18435685775638253 -0.9828593739687245 0
    outer loop
      vertex -11.865653991699219 -17.227725982666016 10
      vertex -11.984931945800781 -17.250099182128906 9
      vertex -11.865653991699219 -17.227725982666016 9
    endloop
  endfacet
  facet normal 0.22065880151056025 -0.9753510615752274 0
    outer loop
      vertex -12.101799964904785 -17.276538848876953 9
      vertex -11.984931945800781 -17.250099182128906 10
      vertex -12.101799964904785 -17.276538848876953 10
    endloop
  endfacet
  facet normal 0.22065880151056025 -0.9753510615752274 0
    outer loop
      vertex -11.984931945800781 -17.250099182128906 10
      vertex -12.101799964904785 -17.276538848876953 9
      vertex -11.984931945800781 -17.250099182128906 9
    endloop
  endfacet
  facet normal 0.2558675161339153 -0.9667118568567682 0
    outer loop
      vertex -12.216135025024414 -17.306800842285156 9
      vertex -12.101799964904785 -17.276538848876953 10
      vertex -12.216135025024414 -17.306800842285156 10
    endloop
  endfacet
  facet normal 0.2558675161339153 -0.9667118568567682 0
    outer loop
      vertex -12.101799964904785 -17.276538848876953 10
      vertex -12.216135025024414 -17.306800842285156 9
      vertex -12.101799964904785 -17.276538848876953 9
    endloop
  endfacet
  facet normal 0.2899275526073552 -0.957048595547326 0
    outer loop
      vertex -12.327816009521484 -17.340633392333984 9
      vertex -12.216135025024414 -17.306800842285156 10
      vertex -12.327816009521484 -17.340633392333984 10
    endloop
  endfacet
  facet normal 0.2899275526073552 -0.957048595547326 0
    outer loop
      vertex -12.216135025024414 -17.306800842285156 10
      vertex -12.327816009521484 -17.340633392333984 9
      vertex -12.216135025024414 -17.306800842285156 9
    endloop
  endfacet
  facet normal 0.32453076827548416 -0.9458751399854656 0
    outer loop
      vertex -12.43684196472168 -17.378040313720703 9
      vertex -12.327816009521484 -17.340633392333984 10
      vertex -12.43684196472168 -17.378040313720703 10
    endloop
  endfacet
  facet normal 0.32453076827548416 -0.9458751399854656 0
    outer loop
      vertex -12.327816009521484 -17.340633392333984 10
      vertex -12.43684196472168 -17.378040313720703 9
      vertex -12.327816009521484 -17.340633392333984 9
    endloop
  endfacet
  facet normal 0.3595065584476491 -0.9331425584727808 0
    outer loop
      vertex -12.543213844299316 -17.419021606445312 9
      vertex -12.43684196472168 -17.378040313720703 10
      vertex -12.543213844299316 -17.419021606445312 10
    endloop
  endfacet
  facet normal 0.3595065584476491 -0.9331425584727808 0
    outer loop
      vertex -12.43684196472168 -17.378040313720703 10
      vertex -12.543213844299316 -17.419021606445312 9
      vertex -12.43684196472168 -17.378040313720703 9
    endloop
  endfacet
  facet normal 0.39468390446908974 -0.9188169652074533 0
    outer loop
      vertex -12.646929740905762 -17.463573455810547 9
      vertex -12.543213844299316 -17.419021606445312 10
      vertex -12.646929740905762 -17.463573455810547 10
    endloop
  endfacet
  facet normal 0.39468390446908974 -0.9188169652074533 0
    outer loop
      vertex -12.543213844299316 -17.419021606445312 10
      vertex -12.646929740905762 -17.463573455810547 9
      vertex -12.543213844299316 -17.419021606445312 9
    endloop
  endfacet
  facet normal 0.42994151745988207 -0.902856739225163 0
    outer loop
      vertex -12.747992515563965 -17.511699676513672 9
      vertex -12.646929740905762 -17.463573455810547 10
      vertex -12.747992515563965 -17.511699676513672 10
    endloop
  endfacet
  facet normal 0.42994151745988207 -0.902856739225163 0
    outer loop
      vertex -12.646929740905762 -17.463573455810547 10
      vertex -12.747992515563965 -17.511699676513672 9
      vertex -12.646929740905762 -17.463573455810547 9
    endloop
  endfacet
  facet normal 0.4650949954939807 -0.8852607780572085 0
    outer loop
      vertex -12.846399307250977 -17.563400268554688 9
      vertex -12.747992515563965 -17.511699676513672 10
      vertex -12.846399307250977 -17.563400268554688 10
    endloop
  endfacet
  facet normal 0.4650949954939807 -0.8852607780572085 0
    outer loop
      vertex -12.747992515563965 -17.511699676513672 10
      vertex -12.846399307250977 -17.563400268554688 9
      vertex -12.747992515563965 -17.511699676513672 9
    endloop
  endfacet
  facet normal 0.4992730899044085 -0.8664446789595425 0
    outer loop
      vertex -12.941926956176758 -17.618446350097656 9
      vertex -12.846399307250977 -17.563400268554688 10
      vertex -12.941926956176758 -17.618446350097656 10
    endloop
  endfacet
  facet normal 0.4992730899044085 -0.8664446789595425 0
    outer loop
      vertex -12.846399307250977 -17.563400268554688 10
      vertex -12.941926956176758 -17.618446350097656 9
      vertex -12.846399307250977 -17.563400268554688 9
    endloop
  endfacet
  facet normal 0.5327588613156893 -0.8462670947695001 0
    outer loop
      vertex -13.034382820129395 -17.676651000976562 9
      vertex -12.941926956176758 -17.618446350097656 10
      vertex -13.034382820129395 -17.676651000976562 10
    endloop
  endfacet
  facet normal 0.5327588613156893 -0.8462670947695001 0
    outer loop
      vertex -12.941926956176758 -17.618446350097656 10
      vertex -13.034382820129395 -17.676651000976562 9
      vertex -12.941926956176758 -17.618446350097656 9
    endloop
  endfacet
  facet normal 0.5659433286669903 -0.8244441453108433 0
    outer loop
      vertex -13.12376880645752 -17.73801040649414 9
      vertex -13.034382820129395 -17.676651000976562 10
      vertex -13.12376880645752 -17.73801040649414 10
    endloop
  endfacet
  facet normal 0.5659433286669903 -0.8244441453108433 0
    outer loop
      vertex -13.034382820129395 -17.676651000976562 10
      vertex -13.12376880645752 -17.73801040649414 9
      vertex -13.034382820129395 -17.676651000976562 9
    endloop
  endfacet
  facet normal 0.5987064383044407 -0.8009685391654351 0
    outer loop
      vertex -13.2100830078125 -17.802528381347656 9
      vertex -13.12376880645752 -17.73801040649414 10
      vertex -13.2100830078125 -17.802528381347656 10
    endloop
  endfacet
  facet normal 0.5987064383044407 -0.8009685391654351 0
    outer loop
      vertex -13.12376880645752 -17.73801040649414 10
      vertex -13.2100830078125 -17.802528381347656 9
      vertex -13.12376880645752 -17.73801040649414 9
    endloop
  endfacet
  facet normal 0.6308031066567346 -0.775942936453585 0
    outer loop
      vertex -13.293326377868652 -17.870201110839844 9
      vertex -13.2100830078125 -17.802528381347656 10
      vertex -13.293326377868652 -17.870201110839844 10
    endloop
  endfacet
  facet normal 0.6308031066567346 -0.775942936453585 0
    outer loop
      vertex -13.2100830078125 -17.802528381347656 10
      vertex -13.293326377868652 -17.870201110839844 9
      vertex -13.2100830078125 -17.802528381347656 9
    endloop
  endfacet
  facet normal 0.6621032691020573 -0.7494126106787693 0
    outer loop
      vertex -13.37349796295166 -17.94103240966797 9
      vertex -13.293326377868652 -17.870201110839844 10
      vertex -13.37349796295166 -17.94103240966797 10
    endloop
  endfacet
  facet normal 0.6621032691020573 -0.7494126106787693 0
    outer loop
      vertex -13.293326377868652 -17.870201110839844 10
      vertex -13.37349796295166 -17.94103240966797 9
      vertex -13.293326377868652 -17.870201110839844 9
    endloop
  endfacet
  facet normal 0.6923779896089983 -0.7215349745542496 0
    outer loop
      vertex -13.450599670410156 -18.015018463134766 9
      vertex -13.37349796295166 -17.94103240966797 10
      vertex -13.450599670410156 -18.015018463134766 10
    endloop
  endfacet
  facet normal 0.6923779896089983 -0.7215349745542496 0
    outer loop
      vertex -13.37349796295166 -17.94103240966797 10
      vertex -13.450599670410156 -18.015018463134766 9
      vertex -13.37349796295166 -17.94103240966797 9
    endloop
  endfacet
  facet normal 0.7206072462119398 -0.6933434911404627 0
    outer loop
      vertex -13.52454662322998 -18.091873168945312 10
      vertex -13.450599670410156 -18.015018463134766 9
      vertex -13.450599670410156 -18.015018463134766 10
    endloop
  endfacet
  facet normal 0.7206072462119398 -0.6933434911404627 0
    outer loop
      vertex -13.450599670410156 -18.015018463134766 9
      vertex -13.52454662322998 -18.091873168945312 10
      vertex -13.52454662322998 -18.091873168945312 9
    endloop
  endfacet
  facet normal 0.7469024324400675 -0.6649336481297291 0
    outer loop
      vertex -13.595255851745605 -18.17129898071289 10
      vertex -13.52454662322998 -18.091873168945312 9
      vertex -13.52454662322998 -18.091873168945312 10
    endloop
  endfacet
  facet normal 0.7469024324400675 -0.6649336481297291 0
    outer loop
      vertex -13.52454662322998 -18.091873168945312 9
      vertex -13.595255851745605 -18.17129898071289 10
      vertex -13.595255851745605 -18.17129898071289 9
    endloop
  endfacet
  facet normal 0.7722005510884073 -0.6353788703590637 0
    outer loop
      vertex -13.662727355957031 -18.253299713134766 10
      vertex -13.595255851745605 -18.17129898071289 9
      vertex -13.595255851745605 -18.17129898071289 10
    endloop
  endfacet
  facet normal 0.7722005510884073 -0.6353788703590637 0
    outer loop
      vertex -13.595255851745605 -18.17129898071289 9
      vertex -13.662727355957031 -18.253299713134766 10
      vertex -13.662727355957031 -18.253299713134766 9
    endloop
  endfacet
  facet normal 0.7963495575869712 -0.6048366573968837 0
    outer loop
      vertex -13.726962089538574 -18.337873458862305 10
      vertex -13.662727355957031 -18.253299713134766 9
      vertex -13.662727355957031 -18.253299713134766 10
    endloop
  endfacet
  facet normal 0.7963495575869712 -0.6048366573968837 0
    outer loop
      vertex -13.662727355957031 -18.253299713134766 9
      vertex -13.726962089538574 -18.337873458862305 10
      vertex -13.726962089538574 -18.337873458862305 9
    endloop
  endfacet
  facet normal 0.819263087114204 -0.5734178180804151 0
    outer loop
      vertex -13.787959098815918 -18.42502212524414 10
      vertex -13.726962089538574 -18.337873458862305 9
      vertex -13.726962089538574 -18.337873458862305 10
    endloop
  endfacet
  facet normal 0.819263087114204 -0.5734178180804151 0
    outer loop
      vertex -13.726962089538574 -18.337873458862305 9
      vertex -13.787959098815918 -18.42502212524414 10
      vertex -13.787959098815918 -18.42502212524414 9
    endloop
  endfacet
  facet normal 0.8408368125469013 -0.5412886980770677 0
    outer loop
      vertex -13.845717430114746 -18.51474380493164 10
      vertex -13.787959098815918 -18.42502212524414 9
      vertex -13.787959098815918 -18.42502212524414 10
    endloop
  endfacet
  facet normal 0.8408368125469013 -0.5412886980770677 0
    outer loop
      vertex -13.787959098815918 -18.42502212524414 9
      vertex -13.845717430114746 -18.51474380493164 10
      vertex -13.845717430114746 -18.51474380493164 9
    endloop
  endfacet
  facet normal 0.8609934685441141 -0.5086160114707123 0
    outer loop
      vertex -13.900239944458008 -18.607040405273438 10
      vertex -13.845717430114746 -18.51474380493164 9
      vertex -13.845717430114746 -18.51474380493164 10
    endloop
  endfacet
  facet normal 0.8609934685441141 -0.5086160114707123 0
    outer loop
      vertex -13.845717430114746 -18.51474380493164 9
      vertex -13.900239944458008 -18.607040405273438 10
      vertex -13.900239944458008 -18.607040405273438 9
    endloop
  endfacet
  facet normal 0.8803008965371837 -0.4744157792019892 0
    outer loop
      vertex -13.951299667358398 -18.701784133911133 10
      vertex -13.900239944458008 -18.607040405273438 9
      vertex -13.900239944458008 -18.607040405273438 10
    endloop
  endfacet
  facet normal 0.8803008965371837 -0.4744157792019892 0
    outer loop
      vertex -13.900239944458008 -18.607040405273438 9
      vertex -13.951299667358398 -18.701784133911133 10
      vertex -13.951299667358398 -18.701784133911133 9
    endloop
  endfacet
  facet normal 0.8985620919305424 -0.43884640473109454 0
    outer loop
      vertex -13.99870777130127 -18.79885482788086 10
      vertex -13.951299667358398 -18.701784133911133 9
      vertex -13.951299667358398 -18.701784133911133 10
    endloop
  endfacet
  facet normal 0.8985620919305424 -0.43884640473109454 0
    outer loop
      vertex -13.951299667358398 -18.701784133911133 9
      vertex -13.99870777130127 -18.79885482788086 10
      vertex -13.99870777130127 -18.79885482788086 9
    endloop
  endfacet
  facet normal 0.9152301967809312 -0.40293136748128444 0
    outer loop
      vertex -14.042465209960938 -18.89824676513672 10
      vertex -13.99870777130127 -18.79885482788086 9
      vertex -13.99870777130127 -18.79885482788086 10
    endloop
  endfacet
  facet normal 0.9152301967809312 -0.40293136748128444 0
    outer loop
      vertex -13.99870777130127 -18.79885482788086 9
      vertex -14.042465209960938 -18.89824676513672 10
      vertex -14.042465209960938 -18.89824676513672 9
    endloop
  endfacet
  facet normal 0.9302976651877222 -0.3668054718052511 0
    outer loop
      vertex -14.082571029663086 -18.999963760375977 10
      vertex -14.042465209960938 -18.89824676513672 9
      vertex -14.042465209960938 -18.89824676513672 10
    endloop
  endfacet
  facet normal 0.9302976651877222 -0.3668054718052511 0
    outer loop
      vertex -14.042465209960938 -18.89824676513672 9
      vertex -14.082571029663086 -18.999963760375977 10
      vertex -14.082571029663086 -18.999963760375977 9
    endloop
  endfacet
  facet normal 0.943744742670256 -0.33067485644096406 0
    outer loop
      vertex -14.119025230407715 -19.10400390625 10
      vertex -14.082571029663086 -18.999963760375977 9
      vertex -14.082571029663086 -18.999963760375977 10
    endloop
  endfacet
  facet normal 0.943744742670256 -0.33067485644096406 0
    outer loop
      vertex -14.082571029663086 -18.999963760375977 9
      vertex -14.119025230407715 -19.10400390625 10
      vertex -14.119025230407715 -19.10400390625 9
    endloop
  endfacet
  facet normal 0.9555898555261824 -0.2946998948344741 0
    outer loop
      vertex -14.151827812194824 -19.210369110107422 10
      vertex -14.119025230407715 -19.10400390625 9
      vertex -14.119025230407715 -19.10400390625 10
    endloop
  endfacet
  facet normal 0.9555898555261824 -0.2946998948344741 0
    outer loop
      vertex -14.119025230407715 -19.10400390625 9
      vertex -14.151827812194824 -19.210369110107422 10
      vertex -14.151827812194824 -19.210369110107422 9
    endloop
  endfacet
  facet normal 0.9658625962060609 -0.259054907790005 0
    outer loop
      vertex -14.18097972869873 -19.319059371948242 10
      vertex -14.151827812194824 -19.210369110107422 9
      vertex -14.151827812194824 -19.210369110107422 10
    endloop
  endfacet
  facet normal 0.9658625962060609 -0.259054907790005 0
    outer loop
      vertex -14.151827812194824 -19.210369110107422 9
      vertex -14.18097972869873 -19.319059371948242 10
      vertex -14.18097972869873 -19.319059371948242 9
    endloop
  endfacet
  facet normal 0.9747268303053178 -0.22340010358759482 0
    outer loop
      vertex -14.206337928771973 -19.42970085144043 10
      vertex -14.18097972869873 -19.319059371948242 9
      vertex -14.18097972869873 -19.319059371948242 10
    endloop
  endfacet
  facet normal 0.9747268303053178 -0.22340010358759482 0
    outer loop
      vertex -14.18097972869873 -19.319059371948242 9
      vertex -14.206337928771973 -19.42970085144043 10
      vertex -14.206337928771973 -19.42970085144043 9
    endloop
  endfacet
  facet normal 0.9822074775062264 -0.18779901791770845 0
    outer loop
      vertex -14.227794647216797 -19.541921615600586 10
      vertex -14.206337928771973 -19.42970085144043 9
      vertex -14.206337928771973 -19.42970085144043 10
    endloop
  endfacet
  facet normal 0.9822074775062264 -0.18779901791770845 0
    outer loop
      vertex -14.206337928771973 -19.42970085144043 9
      vertex -14.227794647216797 -19.541921615600586 10
      vertex -14.227794647216797 -19.541921615600586 9
    endloop
  endfacet
  facet normal 0.9883095699777132 -0.15246046664780893 0
    outer loop
      vertex -14.245349884033203 -19.65572166442871 10
      vertex -14.227794647216797 -19.541921615600586 9
      vertex -14.227794647216797 -19.541921615600586 10
    endloop
  endfacet
  facet normal 0.9883095699777132 -0.15246046664780893 0
    outer loop
      vertex -14.227794647216797 -19.541921615600586 9
      vertex -14.245349884033203 -19.65572166442871 10
      vertex -14.245349884033203 -19.65572166442871 9
    endloop
  endfacet
  facet normal 0.9930709829326356 -0.1175160536148525 0
    outer loop
      vertex -14.259003639221191 -19.771102905273438 10
      vertex -14.245349884033203 -19.65572166442871 9
      vertex -14.245349884033203 -19.65572166442871 10
    endloop
  endfacet
  facet normal 0.9930709829326356 -0.1175160536148525 0
    outer loop
      vertex -14.245349884033203 -19.65572166442871 9
      vertex -14.259003639221191 -19.771102905273438 10
      vertex -14.259003639221191 -19.771102905273438 9
    endloop
  endfacet
  facet normal 0.9965410493172687 -0.08310196763998456 0
    outer loop
      vertex -14.268756866455078 -19.8880615234375 10
      vertex -14.259003639221191 -19.771102905273438 9
      vertex -14.259003639221191 -19.771102905273438 10
    endloop
  endfacet
  facet normal 0.9965410493172687 -0.08310196763998456 0
    outer loop
      vertex -14.259003639221191 -19.771102905273438 9
      vertex -14.268756866455078 -19.8880615234375 10
      vertex -14.268756866455078 -19.8880615234375 9
    endloop
  endfacet
  facet normal 0.9987837201757576 -0.04930598657236314 0
    outer loop
      vertex -14.274608612060547 -20.00659942626953 10
      vertex -14.268756866455078 -19.8880615234375 9
      vertex -14.268756866455078 -19.8880615234375 10
    endloop
  endfacet
  facet normal 0.9987837201757576 -0.04930598657236314 0
    outer loop
      vertex -14.268756866455078 -19.8880615234375 9
      vertex -14.274608612060547 -20.00659942626953 10
      vertex -14.274608612060547 -20.00659942626953 9
    endloop
  endfacet
  facet normal 0.99986809610857 -0.016241625048732368 0
    outer loop
      vertex -14.276559829711914 -20.126720428466797 10
      vertex -14.274608612060547 -20.00659942626953 9
      vertex -14.274608612060547 -20.00659942626953 10
    endloop
  endfacet
  facet normal 0.99986809610857 -0.016241625048732368 0
    outer loop
      vertex -14.274608612060547 -20.00659942626953 9
      vertex -14.276559829711914 -20.126720428466797 10
      vertex -14.276559829711914 -20.126720428466797 9
    endloop
  endfacet
  facet normal 0.9997603336574794 0.021892355859644736 0
    outer loop
      vertex -14.27286434173584 -20.295482635498047 10
      vertex -14.276559829711914 -20.126720428466797 9
      vertex -14.276559829711914 -20.126720428466797 10
    endloop
  endfacet
  facet normal 0.9997603336574794 0.021892355859644736 0
    outer loop
      vertex -14.276559829711914 -20.126720428466797 9
      vertex -14.27286434173584 -20.295482635498047 10
      vertex -14.27286434173584 -20.295482635498047 9
    endloop
  endfacet
  facet normal 0.9977374345528626 0.06723103220888609 0
    outer loop
      vertex -14.261777877807617 -20.460010528564453 10
      vertex -14.27286434173584 -20.295482635498047 9
      vertex -14.27286434173584 -20.295482635498047 10
    endloop
  endfacet
  facet normal 0.9977374345528626 0.06723103220888609 0
    outer loop
      vertex -14.27286434173584 -20.295482635498047 9
      vertex -14.261777877807617 -20.460010528564453 10
      vertex -14.261777877807617 -20.460010528564453 9
    endloop
  endfacet
  facet normal 0.9934209410516538 0.11452001519405548 0
    outer loop
      vertex -14.24329948425293 -20.620304107666016 10
      vertex -14.261777877807617 -20.460010528564453 9
      vertex -14.261777877807617 -20.460010528564453 10
    endloop
  endfacet
  facet normal 0.9934209410516538 0.11452001519405548 0
    outer loop
      vertex -14.261777877807617 -20.460010528564453 9
      vertex -14.24329948425293 -20.620304107666016 10
      vertex -14.24329948425293 -20.620304107666016 9
    endloop
  endfacet
  facet normal 0.9865388774950462 0.16352688828083944 0
    outer loop
      vertex -14.21743106842041 -20.776365280151367 10
      vertex -14.24329948425293 -20.620304107666016 9
      vertex -14.24329948425293 -20.620304107666016 10
    endloop
  endfacet
  facet normal 0.9865388774950462 0.16352688828083944 0
    outer loop
      vertex -14.24329948425293 -20.620304107666016 9
      vertex -14.21743106842041 -20.776365280151367 10
      vertex -14.21743106842041 -20.776365280151367 9
    endloop
  endfacet
  facet normal 0.9768364887412191 0.21398708901175872 0
    outer loop
      vertex -14.184171676635742 -20.928192138671875 10
      vertex -14.21743106842041 -20.776365280151367 9
      vertex -14.21743106842041 -20.776365280151367 10
    endloop
  endfacet
  facet normal 0.9768364887412191 0.21398708901175872 0
    outer loop
      vertex -14.21743106842041 -20.776365280151367 9
      vertex -14.184171676635742 -20.928192138671875 10
      vertex -14.184171676635742 -20.928192138671875 9
    endloop
  endfacet
  facet normal 0.9641001985252853 0.26553871130873796 0
    outer loop
      vertex -14.143521308898926 -21.075782775878906 10
      vertex -14.184171676635742 -20.928192138671875 9
      vertex -14.184171676635742 -20.928192138671875 10
    endloop
  endfacet
  facet normal 0.9641001985252853 0.26553871130873796 0
    outer loop
      vertex -14.184171676635742 -20.928192138671875 9
      vertex -14.143521308898926 -21.075782775878906 10
      vertex -14.143521308898926 -21.075782775878906 9
    endloop
  endfacet
  facet normal 0.948174304751194 0.31775066925120676 0
    outer loop
      vertex -14.095479965209961 -21.219139099121094 10
      vertex -14.143521308898926 -21.075782775878906 9
      vertex -14.143521308898926 -21.075782775878906 10
    endloop
  endfacet
  facet normal 0.948174304751194 0.31775066925120676 0
    outer loop
      vertex -14.143521308898926 -21.075782775878906 9
      vertex -14.095479965209961 -21.219139099121094 10
      vertex -14.095479965209961 -21.219139099121094 9
    endloop
  endfacet
  facet normal 0.9282684179056143 0.37191093600351127 0
    outer loop
      vertex -14.040006637573242 -21.35759735107422 10
      vertex -14.095479965209961 -21.219139099121094 9
      vertex -14.095479965209961 -21.219139099121094 10
    endloop
  endfacet
  facet normal 0.9282684179056143 0.37191093600351127 0
    outer loop
      vertex -14.095479965209961 -21.219139099121094 9
      vertex -14.040006637573242 -21.35759735107422 10
      vertex -14.040006637573242 -21.35759735107422 9
    endloop
  endfacet
  facet normal 0.9037572496700392 0.4280453640314848 0
    outer loop
      vertex -13.97706127166748 -21.490497589111328 10
      vertex -14.040006637573242 -21.35759735107422 9
      vertex -14.040006637573242 -21.35759735107422 10
    endloop
  endfacet
  facet normal 0.9037572496700392 0.4280453640314848 0
    outer loop
      vertex -14.040006637573242 -21.35759735107422 9
      vertex -13.97706127166748 -21.490497589111328 10
      vertex -13.97706127166748 -21.490497589111328 9
    endloop
  endfacet
  facet normal 0.875103790793431 0.4839352801139497 0
    outer loop
      vertex -13.906644821166992 -21.61783218383789 10
      vertex -13.97706127166748 -21.490497589111328 9
      vertex -13.97706127166748 -21.490497589111328 10
    endloop
  endfacet
  facet normal 0.875103790793431 0.4839352801139497 0
    outer loop
      vertex -13.97706127166748 -21.490497589111328 9
      vertex -13.906644821166992 -21.61783218383789 10
      vertex -13.906644821166992 -21.61783218383789 9
    endloop
  endfacet
  facet normal 0.8424199408552866 0.5388215319095697 0
    outer loop
      vertex -13.828756332397461 -21.739606857299805 10
      vertex -13.906644821166992 -21.61783218383789 9
      vertex -13.906644821166992 -21.61783218383789 10
    endloop
  endfacet
  facet normal 0.8424199408552866 0.5388215319095697 0
    outer loop
      vertex -13.906644821166992 -21.61783218383789 9
      vertex -13.828756332397461 -21.739606857299805 10
      vertex -13.828756332397461 -21.739606857299805 9
    endloop
  endfacet
  facet normal 0.8059491089010742 0.591984825702116 0
    outer loop
      vertex -13.743395805358887 -21.855819702148438 10
      vertex -13.828756332397461 -21.739606857299805 9
      vertex -13.828756332397461 -21.739606857299805 10
    endloop
  endfacet
  facet normal 0.8059491089010742 0.591984825702116 0
    outer loop
      vertex -13.828756332397461 -21.739606857299805 9
      vertex -13.743395805358887 -21.855819702148438 10
      vertex -13.743395805358887 -21.855819702148438 9
    endloop
  endfacet
  facet normal 0.7660889693790887 0.6427345416232784 0
    outer loop
      vertex -13.65056324005127 -21.966468811035156 10
      vertex -13.743395805358887 -21.855819702148438 9
      vertex -13.743395805358887 -21.855819702148438 10
    endloop
  endfacet
  facet normal 0.7660889693790887 0.6427345416232784 0
    outer loop
      vertex -13.743395805358887 -21.855819702148438 9
      vertex -13.65056324005127 -21.966468811035156 10
      vertex -13.65056324005127 -21.966468811035156 9
    endloop
  endfacet
  facet normal 0.7233919074380566 0.6904376497940492 0
    outer loop
      vertex -13.550259590148926 -22.07155990600586 10
      vertex -13.65056324005127 -21.966468811035156 9
      vertex -13.65056324005127 -21.966468811035156 10
    endloop
  endfacet
  facet normal 0.7233919074380566 0.6904376497940492 0
    outer loop
      vertex -13.65056324005127 -21.966468811035156 9
      vertex -13.550259590148926 -22.07155990600586 10
      vertex -13.550259590148926 -22.07155990600586 9
    endloop
  endfacet
  facet normal 0.6765200567907322 0.7364242070708055 0
    outer loop
      vertex -13.442481994628906 -22.170570373535156 9
      vertex -13.550259590148926 -22.07155990600586 10
      vertex -13.442481994628906 -22.170570373535156 10
    endloop
  endfacet
  facet normal 0.6765200567907322 0.7364242070708055 0
    outer loop
      vertex -13.550259590148926 -22.07155990600586 10
      vertex -13.442481994628906 -22.170570373535156 9
      vertex -13.550259590148926 -22.07155990600586 9
    endloop
  endfacet
  facet normal 0.6257445307294428 0.7800280650477837 0
    outer loop
      vertex -13.327231407165527 -22.263025283813477 9
      vertex -13.442481994628906 -22.170570373535156 10
      vertex -13.327231407165527 -22.263025283813477 10
    endloop
  endfacet
  facet normal 0.6257445307294428 0.7800280650477837 0
    outer loop
      vertex -13.442481994628906 -22.170570373535156 10
      vertex -13.327231407165527 -22.263025283813477 9
      vertex -13.442481994628906 -22.170570373535156 9
    endloop
  endfacet
  facet normal 0.5734042339723022 0.8192725947220725 0
    outer loop
      vertex -13.20450496673584 -22.348920822143555 9
      vertex -13.327231407165527 -22.263025283813477 10
      vertex -13.20450496673584 -22.348920822143555 10
    endloop
  endfacet
  facet normal 0.5734042339723022 0.8192725947220725 0
    outer loop
      vertex -13.327231407165527 -22.263025283813477 10
      vertex -13.20450496673584 -22.348920822143555 9
      vertex -13.327231407165527 -22.263025283813477 9
    endloop
  endfacet
  facet normal 0.5203505023052376 0.8539527825065545 0
    outer loop
      vertex -13.074305534362793 -22.42825698852539 9
      vertex -13.20450496673584 -22.348920822143555 10
      vertex -13.074305534362793 -22.42825698852539 10
    endloop
  endfacet
  facet normal 0.5203505023052376 0.8539527825065545 0
    outer loop
      vertex -13.20450496673584 -22.348920822143555 10
      vertex -13.074305534362793 -22.42825698852539 9
      vertex -13.20450496673584 -22.348920822143555 9
    endloop
  endfacet
  facet normal 0.46735696916182584 0.884068698335074 0
    outer loop
      vertex -12.936631202697754 -22.50103759765625 9
      vertex -13.074305534362793 -22.42825698852539 10
      vertex -12.936631202697754 -22.50103759765625 10
    endloop
  endfacet
  facet normal 0.46735696916182584 0.884068698335074 0
    outer loop
      vertex -13.074305534362793 -22.42825698852539 10
      vertex -12.936631202697754 -22.50103759765625 9
      vertex -13.074305534362793 -22.42825698852539 9
    endloop
  endfacet
  facet normal 0.4150617783912413 0.9097932293212012 0
    outer loop
      vertex -12.791481971740723 -22.567256927490234 9
      vertex -12.936631202697754 -22.50103759765625 10
      vertex -12.791481971740723 -22.567256927490234 10
    endloop
  endfacet
  facet normal 0.4150617783912413 0.9097932293212012 0
    outer loop
      vertex -12.936631202697754 -22.50103759765625 10
      vertex -12.791481971740723 -22.567256927490234 9
      vertex -12.936631202697754 -22.50103759765625 9
    endloop
  endfacet
  facet normal 0.36408246690180435 0.93136671472342 0
    outer loop
      vertex -12.638859748840332 -22.62691879272461 9
      vertex -12.791481971740723 -22.567256927490234 10
      vertex -12.638859748840332 -22.62691879272461 10
    endloop
  endfacet
  facet normal 0.36408246690180435 0.93136671472342 0
    outer loop
      vertex -12.791481971740723 -22.567256927490234 10
      vertex -12.638859748840332 -22.62691879272461 9
      vertex -12.791481971740723 -22.567256927490234 9
    endloop
  endfacet
  facet normal 0.31075960686405724 0.9504885410891056 0
    outer loop
      vertex -12.478721618652344 -22.679275512695312 9
      vertex -12.638859748840332 -22.62691879272461 10
      vertex -12.478721618652344 -22.679275512695312 10
    endloop
  endfacet
  facet normal 0.31075960686405724 0.9504885410891056 0
    outer loop
      vertex -12.638859748840332 -22.62691879272461 10
      vertex -12.478721618652344 -22.679275512695312 9
      vertex -12.638859748840332 -22.62691879272461 9
    endloop
  endfacet
  facet normal 0.25541284566892103 0.9668320838011655 0
    outer loop
      vertex -12.311029434204102 -22.723575592041016 9
      vertex -12.478721618652344 -22.679275512695312 10
      vertex -12.311029434204102 -22.723575592041016 10
    endloop
  endfacet
  facet normal 0.25541284566892103 0.9668320838011655 0
    outer loop
      vertex -12.478721618652344 -22.679275512695312 10
      vertex -12.311029434204102 -22.723575592041016 9
      vertex -12.478721618652344 -22.679275512695312 9
    endloop
  endfacet
  facet normal 0.20254674707592765 0.9792725949647322 0
    outer loop
      vertex -12.135781288146973 -22.759822845458984 9
      vertex -12.311029434204102 -22.723575592041016 10
      vertex -12.135781288146973 -22.759822845458984 10
    endloop
  endfacet
  facet normal 0.20254674707592765 0.9792725949647322 0
    outer loop
      vertex -12.311029434204102 -22.723575592041016 10
      vertex -12.135781288146973 -22.759822845458984 9
      vertex -12.311029434204102 -22.723575592041016 9
    endloop
  endfacet
  facet normal 0.15241207581735478 0.9883170337219959 0
    outer loop
      vertex -11.95297908782959 -22.788013458251953 9
      vertex -12.135781288146973 -22.759822845458984 10
      vertex -11.95297908782959 -22.788013458251953 10
    endloop
  endfacet
  facet normal 0.15241207581735478 0.9883170337219959 0
    outer loop
      vertex -12.135781288146973 -22.759822845458984 10
      vertex -11.95297908782959 -22.788013458251953 9
      vertex -12.135781288146973 -22.759822845458984 9
    endloop
  endfacet
  facet normal 0.1052018980788893 0.9944508839759755 0
    outer loop
      vertex -11.76262092590332 -22.808151245117188 9
      vertex -11.95297908782959 -22.788013458251953 10
      vertex -11.76262092590332 -22.808151245117188 10
    endloop
  endfacet
  facet normal 0.1052018980788893 0.9944508839759755 0
    outer loop
      vertex -11.95297908782959 -22.788013458251953 10
      vertex -11.76262092590332 -22.808151245117188 9
      vertex -11.95297908782959 -22.788013458251953 9
    endloop
  endfacet
  facet normal 0.060929247587686405 0.9981420874747234 0
    outer loop
      vertex -11.56470775604248 -22.820232391357422 9
      vertex -11.76262092590332 -22.808151245117188 10
      vertex -11.56470775604248 -22.820232391357422 10
    endloop
  endfacet
  facet normal 0.060929247587686405 0.9981420874747234 0
    outer loop
      vertex -11.76262092590332 -22.808151245117188 10
      vertex -11.56470775604248 -22.820232391357422 9
      vertex -11.76262092590332 -22.808151245117188 9
    endloop
  endfacet
  facet normal 0.019601801015558508 0.9998078662407824 0
    outer loop
      vertex -11.35923957824707 -22.824260711669922 9
      vertex -11.56470775604248 -22.820232391357422 10
      vertex -11.35923957824707 -22.824260711669922 10
    endloop
  endfacet
  facet normal 0.019601801015558508 0.9998078662407824 0
    outer loop
      vertex -11.56470775604248 -22.820232391357422 10
      vertex -11.35923957824707 -22.824260711669922 9
      vertex -11.56470775604248 -22.820232391357422 9
    endloop
  endfacet
  facet normal -0.007155451874250754 0.999974399426543 0
    outer loop
      vertex -11.289402961730957 -22.823760986328125 9
      vertex -11.35923957824707 -22.824260711669922 10
      vertex -11.289402961730957 -22.823760986328125 10
    endloop
  endfacet
  facet normal -0.007155451874250754 0.999974399426543 0
    outer loop
      vertex -11.35923957824707 -22.824260711669922 10
      vertex -11.289402961730957 -22.823760986328125 9
      vertex -11.35923957824707 -22.824260711669922 9
    endloop
  endfacet
  facet normal 0 -1 0
    outer loop
      vertex -16.331439971923828 -17.278579711914062 9
      vertex -15.334599494934082 -17.278579711914062 10
      vertex -16.331439971923828 -17.278579711914062 10
    endloop
  endfacet
  facet normal 0 -1 0
    outer loop
      vertex -15.334599494934082 -17.278579711914062 10
      vertex -16.331439971923828 -17.278579711914062 9
      vertex -15.334599494934082 -17.278579711914062 9
    endloop
  endfacet
  facet normal 1 0 0
    outer loop
      vertex -16.331439971923828 -22.72256088256836 10
      vertex -16.331439971923828 -17.278579711914062 9
      vertex -16.331439971923828 -17.278579711914062 10
    endloop
  endfacet
  facet normal 1 0 0
    outer loop
      vertex -16.331439971923828 -17.278579711914062 9
      vertex -16.331439971923828 -22.72256088256836 10
      vertex -16.331439971923828 -22.72256088256836 9
    endloop
  endfacet
  facet normal 0 1 0
    outer loop
      vertex -15.334599494934082 -22.72256088256836 9
      vertex -16.331439971923828 -22.72256088256836 10
      vertex -15.334599494934082 -22.72256088256836 10
    endloop
  endfacet
  facet normal 0 1 0
    outer loop
      vertex -16.331439971923828 -22.72256088256836 10
      vertex -15.334599494934082 -22.72256088256836 9
      vertex -16.331439971923828 -22.72256088256836 9
    endloop
  endfacet
  facet normal -1 0 0
    outer loop
      vertex -15.334599494934082 -22.72256088256836 9
      vertex -15.334599494934082 -17.278579711914062 10
      vertex -15.334599494934082 -17.278579711914062 9
    endloop
  endfacet
  facet normal -1 0 0
    outer loop
      vertex -15.334599494934082 -17.278579711914062 10
      vertex -15.334599494934082 -22.72256088256836 9
      vertex -15.334599494934082 -22.72256088256836 10
    endloop
  endfacet
  facet normal -0.9999820139819683 -0.005997642250626503 0
    outer loop
      vertex -7.432539939880371 -20.256919860839844 9
      vertex -7.433536529541016 -20.09075927734375 10
      vertex -7.433536529541016 -20.09075927734375 9
    endloop
  endfacet
  facet normal -0.9999820139819683 -0.005997642250626503 0
    outer loop
      vertex -7.433536529541016 -20.09075927734375 10
      vertex -7.432539939880371 -20.256919860839844 9
      vertex -7.432539939880371 -20.256919860839844 10
    endloop
  endfacet
  facet normal -0.9998688620372578 -0.016194404228594767 0
    outer loop
      vertex -7.433536529541016 -20.09075927734375 9
      vertex -7.436526298522949 -19.906166076660156 10
      vertex -7.436526298522949 -19.906166076660156 9
    endloop
  endfacet
  facet normal -0.9998688620372578 -0.016194404228594767 0
    outer loop
      vertex -7.436526298522949 -19.906166076660156 10
      vertex -7.433536529541016 -20.09075927734375 9
      vertex -7.433536529541016 -20.09075927734375 10
    endloop
  endfacet
  facet normal -0.9996988310306765 -0.024540726067069613 0
    outer loop
      vertex -7.436526298522949 -19.906166076660156 9
      vertex -7.441510200500488 -19.703140258789062 10
      vertex -7.441510200500488 -19.703140258789062 9
    endloop
  endfacet
  facet normal -0.9996988310306765 -0.024540726067069613 0
    outer loop
      vertex -7.441510200500488 -19.703140258789062 10
      vertex -7.436526298522949 -19.906166076660156 9
      vertex -7.436526298522949 -19.906166076660156 10
    endloop
  endfacet
  facet normal -0.9995040904319762 -0.031489255465124745 0
    outer loop
      vertex -7.441510200500488 -19.703140258789062 9
      vertex -7.448487281799316 -19.481679916381836 10
      vertex -7.448487281799316 -19.481679916381836 9
    endloop
  endfacet
  facet normal -0.9995040904319762 -0.031489255465124745 0
    outer loop
      vertex -7.448487281799316 -19.481679916381836 10
      vertex -7.441510200500488 -19.703140258789062 9
      vertex -7.441510200500488 -19.703140258789062 10
    endloop
  endfacet
  facet normal -0.9993016229095799 -0.0373666489035306 0
    outer loop
      vertex -7.448487281799316 -19.481679916381836 9
      vertex -7.457457542419434 -19.24178695678711 10
      vertex -7.457457542419434 -19.24178695678711 9
    endloop
  endfacet
  facet normal -0.9993016229095799 -0.0373666489035306 0
    outer loop
      vertex -7.457457542419434 -19.24178695678711 10
      vertex -7.448487281799316 -19.481679916381836 9
      vertex -7.448487281799316 -19.481679916381836 10
    endloop
  endfacet
  facet normal -0.9991004781480483 -0.04240559590834223 0
    outer loop
      vertex -7.457457542419434 -19.24178695678711 9
      vertex -7.468421936035156 -18.98345947265625 10
      vertex -7.468421936035156 -18.98345947265625 9
    endloop
  endfacet
  facet normal -0.9991004781480483 -0.04240559590834223 0
    outer loop
      vertex -7.468421936035156 -18.98345947265625 10
      vertex -7.457457542419434 -19.24178695678711 9
      vertex -7.457457542419434 -19.24178695678711 10
    endloop
  endfacet
  facet normal -0.9989057990103684 -0.04676756037530108 0
    outer loop
      vertex -7.468421936035156 -18.98345947265625 9
      vertex -7.481379508972168 -18.70669937133789 10
      vertex -7.481379508972168 -18.70669937133789 9
    endloop
  endfacet
  facet normal -0.9989057990103684 -0.04676756037530108 0
    outer loop
      vertex -7.481379508972168 -18.70669937133789 10
      vertex -7.468421936035156 -18.98345947265625 9
      vertex -7.468421936035156 -18.98345947265625 10
    endloop
  endfacet
  facet normal 0 1 0
    outer loop
      vertex -7.4569597244262695 -18.70669937133789 9
      vertex -7.481379508972168 -18.70669937133789 10
      vertex -7.4569597244262695 -18.70669937133789 10
    endloop
  endfacet
  facet normal 0 1 0
    outer loop
      vertex -7.481379508972168 -18.70669937133789 10
      vertex -7.4569597244262695 -18.70669937133789 9
      vertex -7.481379508972168 -18.70669937133789 9
    endloop
  endfacet
  facet normal 0.8611007850713925 0.5084343005241005 0
    outer loop
      vertex -7.314634323120117 -18.94774627685547 10
      vertex -7.4569597244262695 -18.70669937133789 9
      vertex -7.4569597244262695 -18.70669937133789 10
    endloop
  endfacet
  facet normal 0.8611007850713925 0.5084343005241005 0
    outer loop
      vertex -7.4569597244262695 -18.70669937133789 9
      vertex -7.314634323120117 -18.94774627685547 10
      vertex -7.314634323120117 -18.94774627685547 9
    endloop
  endfacet
  facet normal 0.8551300974031907 0.5184134609703048 0
    outer loop
      vertex -7.173637390136719 -19.180322647094727 10
      vertex -7.314634323120117 -18.94774627685547 9
      vertex -7.314634323120117 -18.94774627685547 10
    endloop
  endfacet
  facet normal 0.8551300974031907 0.5184134609703048 0
    outer loop
      vertex -7.314634323120117 -18.94774627685547 9
      vertex -7.173637390136719 -19.180322647094727 10
      vertex -7.173637390136719 -19.180322647094727 9
    endloop
  endfacet
  facet normal 0.8486732434963995 0.5289175037501603 0
    outer loop
      vertex -7.033967018127441 -19.404430389404297 10
      vertex -7.173637390136719 -19.180322647094727 9
      vertex -7.173637390136719 -19.180322647094727 10
    endloop
  endfacet
  facet normal 0.8486732434963995 0.5289175037501603 0
    outer loop
      vertex -7.173637390136719 -19.180322647094727 9
      vertex -7.033967018127441 -19.404430389404297 10
      vertex -7.033967018127441 -19.404430389404297 9
    endloop
  endfacet
  facet normal 0.8416814739463696 0.5399743479235535 0
    outer loop
      vertex -6.895624160766602 -19.620071411132812 10
      vertex -7.033967018127441 -19.404430389404297 9
      vertex -7.033967018127441 -19.404430389404297 10
    endloop
  endfacet
  facet normal 0.8416814739463696 0.5399743479235535 0
    outer loop
      vertex -7.033967018127441 -19.404430389404297 9
      vertex -6.895624160766602 -19.620071411132812 10
      vertex -6.895624160766602 -19.620071411132812 9
    endloop
  endfacet
  facet normal 0.8340878794836246 0.551631588379881 0
    outer loop
      vertex -6.758608818054199 -19.82724380493164 10
      vertex -6.895624160766602 -19.620071411132812 9
      vertex -6.895624160766602 -19.620071411132812 10
    endloop
  endfacet
  facet normal 0.8340878794836246 0.551631588379881 0
    outer loop
      vertex -6.895624160766602 -19.620071411132812 9
      vertex -6.758608818054199 -19.82724380493164 10
      vertex -6.758608818054199 -19.82724380493164 9
    endloop
  endfacet
  facet normal 0.8258204308911286 0.5639331661844253 0
    outer loop
      vertex -6.622920036315918 -20.02594566345215 10
      vertex -6.758608818054199 -19.82724380493164 9
      vertex -6.758608818054199 -19.82724380493164 10
    endloop
  endfacet
  facet normal 0.8258204308911286 0.5639331661844253 0
    outer loop
      vertex -6.758608818054199 -19.82724380493164 9
      vertex -6.622920036315918 -20.02594566345215 10
      vertex -6.622920036315918 -20.02594566345215 9
    endloop
  endfacet
  facet normal 0.8168099787941843 0.5769068023019354 0
    outer loop
      vertex -6.488559722900391 -20.21617889404297 10
      vertex -6.622920036315918 -20.02594566345215 9
      vertex -6.622920036315918 -20.02594566345215 10
    endloop
  endfacet
  facet normal 0.8168099787941843 0.5769068023019354 0
    outer loop
      vertex -6.622920036315918 -20.02594566345215 9
      vertex -6.488559722900391 -20.21617889404297 10
      vertex -6.488559722900391 -20.21617889404297 9
    endloop
  endfacet
  facet normal 0.8162385232117677 0.5777150450049511 0
    outer loop
      vertex -4.714599609375 -22.72256088256836 10
      vertex -6.488559722900391 -20.21617889404297 9
      vertex -6.488559722900391 -20.21617889404297 10
    endloop
  endfacet
  facet normal 0.8162385232117677 0.5777150450049511 0
    outer loop
      vertex -6.488559722900391 -20.21617889404297 9
      vertex -4.714599609375 -22.72256088256836 10
      vertex -4.714599609375 -22.72256088256836 9
    endloop
  endfacet
  facet normal 0 1 0
    outer loop
      vertex -3.668919563293457 -22.72256088256836 9
      vertex -4.714599609375 -22.72256088256836 10
      vertex -3.668919563293457 -22.72256088256836 10
    endloop
  endfacet
  facet normal 0 1 0
    outer loop
      vertex -4.714599609375 -22.72256088256836 10
      vertex -3.668919563293457 -22.72256088256836 9
      vertex -4.714599609375 -22.72256088256836 9
    endloop
  endfacet
  facet normal -1 0 0
    outer loop
      vertex -3.668919563293457 -22.72256088256836 9
      vertex -3.668919563293457 -17.278579711914062 10
      vertex -3.668919563293457 -17.278579711914062 9
    endloop
  endfacet
  facet normal -1 0 0
    outer loop
      vertex -3.668919563293457 -17.278579711914062 10
      vertex -3.668919563293457 -22.72256088256836 9
      vertex -3.668919563293457 -22.72256088256836 10
    endloop
  endfacet
  facet normal 0 -1 0
    outer loop
      vertex -4.665759086608887 -17.278579711914062 9
      vertex -3.668919563293457 -17.278579711914062 10
      vertex -4.665759086608887 -17.278579711914062 10
    endloop
  endfacet
  facet normal 0 -1 0
    outer loop
      vertex -3.668919563293457 -17.278579711914062 10
      vertex -4.665759086608887 -17.278579711914062 9
      vertex -3.668919563293457 -17.278579711914062 9
    endloop
  endfacet
  facet normal 1 0 0
    outer loop
      vertex -4.665759086608887 -19.744220733642578 10
      vertex -4.665759086608887 -17.278579711914062 9
      vertex -4.665759086608887 -17.278579711914062 10
    endloop
  endfacet
  facet normal 1 0 0
    outer loop
      vertex -4.665759086608887 -17.278579711914062 9
      vertex -4.665759086608887 -19.744220733642578 10
      vertex -4.665759086608887 -19.744220733642578 9
    endloop
  endfacet
  facet normal 0.9999780526324329 0.006625273839412209 0
    outer loop
      vertex -4.664764404296875 -19.894351959228516 10
      vertex -4.665759086608887 -19.744220733642578 9
      vertex -4.665759086608887 -19.744220733642578 10
    endloop
  endfacet
  facet normal 0.9999780526324329 0.006625273839412209 0
    outer loop
      vertex -4.665759086608887 -19.744220733642578 9
      vertex -4.664764404296875 -19.894351959228516 10
      vertex -4.664764404296875 -19.894351959228516 9
    endloop
  endfacet
  facet normal 0.9998522117854807 0.017191701128232845 0
    outer loop
      vertex -4.661777496337891 -20.06806755065918 10
      vertex -4.664764404296875 -19.894351959228516 9
      vertex -4.664764404296875 -19.894351959228516 10
    endloop
  endfacet
  facet normal 0.9998522117854807 0.017191701128232845 0
    outer loop
      vertex -4.664764404296875 -19.894351959228516 9
      vertex -4.661777496337891 -20.06806755065918 10
      vertex -4.661777496337891 -20.06806755065918 9
    endloop
  endfacet
  facet normal 0.999681946374024 0.025219161243841992 0
    outer loop
      vertex -4.656800270080566 -20.265363693237305 10
      vertex -4.661777496337891 -20.06806755065918 9
      vertex -4.661777496337891 -20.06806755065918 10
    endloop
  endfacet
  facet normal 0.999681946374024 0.025219161243841992 0
    outer loop
      vertex -4.661777496337891 -20.06806755065918 9
      vertex -4.656800270080566 -20.265363693237305 10
      vertex -4.656800270080566 -20.265363693237305 9
    endloop
  endfacet
  facet normal 0.9995026930297091 0.03153357934582042 0
    outer loop
      vertex -4.649831771850586 -20.48624038696289 10
      vertex -4.656800270080566 -20.265363693237305 9
      vertex -4.656800270080566 -20.265363693237305 10
    endloop
  endfacet
  facet normal 0.9995026930297091 0.03153357934582042 0
    outer loop
      vertex -4.656800270080566 -20.265363693237305 9
      vertex -4.649831771850586 -20.48624038696289 10
      vertex -4.649831771850586 -20.48624038696289 9
    endloop
  endfacet
  facet normal 0.9993290133736609 0.03662680752707617 0
    outer loop
      vertex -4.640872001647949 -20.73069953918457 10
      vertex -4.649831771850586 -20.48624038696289 9
      vertex -4.649831771850586 -20.48624038696289 10
    endloop
  endfacet
  facet normal 0.9993290133736609 0.03662680752707617 0
    outer loop
      vertex -4.649831771850586 -20.48624038696289 9
      vertex -4.640872001647949 -20.73069953918457 10
      vertex -4.640872001647949 -20.73069953918457 9
    endloop
  endfacet
  facet normal 0.9991664233511379 0.04082227881555094 0
    outer loop
      vertex -4.629920959472656 -20.998737335205078 10
      vertex -4.640872001647949 -20.73069953918457 9
      vertex -4.640872001647949 -20.73069953918457 10
    endloop
  endfacet
  facet normal 0.9991664233511379 0.04082227881555094 0
    outer loop
      vertex -4.640872001647949 -20.73069953918457 9
      vertex -4.629920959472656 -20.998737335205078 10
      vertex -4.629920959472656 -20.998737335205078 9
    endloop
  endfacet
  facet normal 0.9990167862380961 0.044333517957705876 0
    outer loop
      vertex -4.616979598999023 -21.290359497070312 10
      vertex -4.629920959472656 -20.998737335205078 9
      vertex -4.629920959472656 -20.998737335205078 10
    endloop
  endfacet
  facet normal 0.9990167862380961 0.044333517957705876 0
    outer loop
      vertex -4.629920959472656 -20.998737335205078 9
      vertex -4.616979598999023 -21.290359497070312 10
      vertex -4.616979598999023 -21.290359497070312 9
    endloop
  endfacet
  facet normal 0 -1 0
    outer loop
      vertex -4.641399383544922 -21.290359497070312 9
      vertex -4.616979598999023 -21.290359497070312 10
      vertex -4.641399383544922 -21.290359497070312 10
    endloop
  endfacet
  facet normal 0 -1 0
    outer loop
      vertex -4.616979598999023 -21.290359497070312 10
      vertex -4.641399383544922 -21.290359497070312 9
      vertex -4.616979598999023 -21.290359497070312 9
    endloop
  endfacet
  facet normal -0.8656545903859308 -0.5006417183413365 0
    outer loop
      vertex -4.641399383544922 -21.290359497070312 9
      vertex -4.750506401062012 -21.101703643798828 10
      vertex -4.750506401062012 -21.101703643798828 9
    endloop
  endfacet
  facet normal -0.8656545903859308 -0.5006417183413365 0
    outer loop
      vertex -4.750506401062012 -21.101703643798828 10
      vertex -4.641399383544922 -21.290359497070312 9
      vertex -4.641399383544922 -21.290359497070312 10
    endloop
  endfacet
  facet normal -0.8569174974011715 -0.5154535892276949 0
    outer loop
      vertex -4.750506401062012 -21.101703643798828 9
      vertex -4.868581771850586 -20.90540885925293 10
      vertex -4.868581771850586 -20.90540885925293 9
    endloop
  endfacet
  facet normal -0.8569174974011715 -0.5154535892276949 0
    outer loop
      vertex -4.868581771850586 -20.90540885925293 10
      vertex -4.750506401062012 -21.101703643798828 9
      vertex -4.750506401062012 -21.101703643798828 10
    endloop
  endfacet
  facet normal -0.8487773964103522 -0.528750348787463 0
    outer loop
      vertex -4.868581771850586 -20.90540885925293 9
      vertex -4.995624542236328 -20.701473236083984 10
      vertex -4.995624542236328 -20.701473236083984 9
    endloop
  endfacet
  facet normal -0.8487773964103522 -0.528750348787463 0
    outer loop
      vertex -4.995624542236328 -20.701473236083984 10
      vertex -4.868581771850586 -20.90540885925293 9
      vertex -4.868581771850586 -20.90540885925293 10
    endloop
  endfacet
  facet normal -0.8411831566369801 -0.5407503092835418 0
    outer loop
      vertex -4.995624542236328 -20.701473236083984 9
      vertex -5.131636619567871 -20.48989486694336 10
      vertex -5.131636619567871 -20.48989486694336 9
    endloop
  endfacet
  facet normal -0.8411831566369801 -0.5407503092835418 0
    outer loop
      vertex -5.131636619567871 -20.48989486694336 10
      vertex -4.995624542236328 -20.701473236083984 9
      vertex -4.995624542236328 -20.701473236083984 10
    endloop
  endfacet
  facet normal -0.8340911603309308 -0.5516266275822816 0
    outer loop
      vertex -5.131636619567871 -20.48989486694336 9
      vertex -5.276616096496582 -20.27067756652832 10
      vertex -5.276616096496582 -20.27067756652832 9
    endloop
  endfacet
  facet normal -0.8340911603309308 -0.5516266275822816 0
    outer loop
      vertex -5.276616096496582 -20.27067756652832 10
      vertex -5.131636619567871 -20.48989486694336 9
      vertex -5.131636619567871 -20.48989486694336 10
    endloop
  endfacet
  facet normal -0.8274615745053379 -0.5615223439162036 0
    outer loop
      vertex -5.276616096496582 -20.27067756652832 9
      vertex -5.430563926696777 -20.043819427490234 10
      vertex -5.430563926696777 -20.043819427490234 9
    endloop
  endfacet
  facet normal -0.8274615745053379 -0.5615223439162036 0
    outer loop
      vertex -5.430563926696777 -20.043819427490234 10
      vertex -5.276616096496582 -20.27067756652832 9
      vertex -5.276616096496582 -20.27067756652832 10
    endloop
  endfacet
  facet normal -0.8212593730130211 -0.570555029982437 0
    outer loop
      vertex -5.430563926696777 -20.043819427490234 9
      vertex -5.593479156494141 -19.80931854248047 10
      vertex -5.593479156494141 -19.80931854248047 9
    endloop
  endfacet
  facet normal -0.8212593730130211 -0.570555029982437 0
    outer loop
      vertex -5.593479156494141 -19.80931854248047 10
      vertex -5.430563926696777 -20.043819427490234 9
      vertex -5.430563926696777 -20.043819427490234 10
    endloop
  endfacet
  facet normal -0.8163874301483345 -0.5775046007572566 0
    outer loop
      vertex -5.593479156494141 -19.80931854248047 9
      vertex -7.383699417114258 -17.278579711914062 10
      vertex -7.383699417114258 -17.278579711914062 9
    endloop
  endfacet
  facet normal -0.8163874301483345 -0.5775046007572566 0
    outer loop
      vertex -7.383699417114258 -17.278579711914062 10
      vertex -5.593479156494141 -19.80931854248047 9
      vertex -5.593479156494141 -19.80931854248047 10
    endloop
  endfacet
  facet normal 0 -1 0
    outer loop
      vertex -8.4293794631958 -17.278579711914062 9
      vertex -7.383699417114258 -17.278579711914062 10
      vertex -8.4293794631958 -17.278579711914062 10
    endloop
  endfacet
  facet normal 0 -1 0
    outer loop
      vertex -7.383699417114258 -17.278579711914062 10
      vertex -8.4293794631958 -17.278579711914062 9
      vertex -7.383699417114258 -17.278579711914062 9
    endloop
  endfacet
  facet normal 1 0 0
    outer loop
      vertex -8.4293794631958 -22.72256088256836 10
      vertex -8.4293794631958 -17.278579711914062 9
      vertex -8.4293794631958 -17.278579711914062 10
    endloop
  endfacet
  facet normal 1 0 0
    outer loop
      vertex -8.4293794631958 -17.278579711914062 9
      vertex -8.4293794631958 -22.72256088256836 10
      vertex -8.4293794631958 -22.72256088256836 9
    endloop
  endfacet
  facet normal 0 1 0
    outer loop
      vertex -7.432539939880371 -22.72256088256836 9
      vertex -8.4293794631958 -22.72256088256836 10
      vertex -7.432539939880371 -22.72256088256836 10
    endloop
  endfacet
  facet normal 0 1 0
    outer loop
      vertex -8.4293794631958 -22.72256088256836 10
      vertex -7.432539939880371 -22.72256088256836 9
      vertex -8.4293794631958 -22.72256088256836 9
    endloop
  endfacet
  facet normal -1 0 0
    outer loop
      vertex -7.432539939880371 -22.72256088256836 9
      vertex -7.432539939880371 -20.256919860839844 10
      vertex -7.432539939880371 -20.256919860839844 9
    endloop
  endfacet
  facet normal -1 0 0
    outer loop
      vertex -7.432539939880371 -20.256919860839844 10
      vertex -7.432539939880371 -22.72256088256836 9
      vertex -7.432539939880371 -22.72256088256836 10
    endloop
  endfacet
  facet normal 0 1 0
    outer loop
      vertex 6.022299766540527 -20.35453987121582 9
      vertex 3.910599708557129 -20.35453987121582 10
      vertex 6.022299766540527 -20.35453987121582 10
    endloop
  endfacet
  facet normal 0 1 0
    outer loop
      vertex 3.910599708557129 -20.35453987121582 10
      vertex 6.022299766540527 -20.35453987121582 9
      vertex 3.910599708557129 -20.35453987121582 9
    endloop
  endfacet
  facet normal -1 0 0
    outer loop
      vertex 6.022299766540527 -20.35453987121582 9
      vertex 6.022299766540527 -19.520479202270508 10
      vertex 6.022299766540527 -19.520479202270508 9
    endloop
  endfacet
  facet normal -1 0 0
    outer loop
      vertex 6.022299766540527 -19.520479202270508 10
      vertex 6.022299766540527 -20.35453987121582 9
      vertex 6.022299766540527 -20.35453987121582 10
    endloop
  endfacet
  facet normal 0 -1 0
    outer loop
      vertex 3.910599708557129 -19.520479202270508 9
      vertex 6.022299766540527 -19.520479202270508 10
      vertex 3.910599708557129 -19.520479202270508 10
    endloop
  endfacet
  facet normal 0 -1 0
    outer loop
      vertex 6.022299766540527 -19.520479202270508 10
      vertex 3.910599708557129 -19.520479202270508 9
      vertex 6.022299766540527 -19.520479202270508 9
    endloop
  endfacet
  facet normal -1 0 0
    outer loop
      vertex 3.910599708557129 -19.520479202270508 9
      vertex 3.910599708557129 -18.112640380859375 10
      vertex 3.910599708557129 -18.112640380859375 9
    endloop
  endfacet
  facet normal -1 0 0
    outer loop
      vertex 3.910599708557129 -18.112640380859375 10
      vertex 3.910599708557129 -19.520479202270508 9
      vertex 3.910599708557129 -19.520479202270508 10
    endloop
  endfacet
  facet normal 0 1 0
    outer loop
      vertex 6.380319595336914 -18.112640380859375 9
      vertex 3.910599708557129 -18.112640380859375 10
      vertex 6.380319595336914 -18.112640380859375 10
    endloop
  endfacet
  facet normal 0 1 0
    outer loop
      vertex 3.910599708557129 -18.112640380859375 10
      vertex 6.380319595336914 -18.112640380859375 9
      vertex 3.910599708557129 -18.112640380859375 9
    endloop
  endfacet
  facet normal -1 0 0
    outer loop
      vertex 6.380319595336914 -18.112640380859375 9
      vertex 6.380319595336914 -17.278579711914062 10
      vertex 6.380319595336914 -17.278579711914062 9
    endloop
  endfacet
  facet normal -1 0 0
    outer loop
      vertex 6.380319595336914 -17.278579711914062 10
      vertex 6.380319595336914 -18.112640380859375 9
      vertex 6.380319595336914 -18.112640380859375 10
    endloop
  endfacet
  facet normal 0 -1 0
    outer loop
      vertex 2.913759231567383 -17.278579711914062 9
      vertex 6.380319595336914 -17.278579711914062 10
      vertex 2.913759231567383 -17.278579711914062 10
    endloop
  endfacet
  facet normal 0 -1 0
    outer loop
      vertex 6.380319595336914 -17.278579711914062 10
      vertex 2.913759231567383 -17.278579711914062 9
      vertex 6.380319595336914 -17.278579711914062 9
    endloop
  endfacet
  facet normal 1 0 0
    outer loop
      vertex 2.913759231567383 -22.72256088256836 10
      vertex 2.913759231567383 -17.278579711914062 9
      vertex 2.913759231567383 -17.278579711914062 10
    endloop
  endfacet
  facet normal 1 0 0
    outer loop
      vertex 2.913759231567383 -17.278579711914062 9
      vertex 2.913759231567383 -22.72256088256836 10
      vertex 2.913759231567383 -22.72256088256836 9
    endloop
  endfacet
  facet normal 0 1 0
    outer loop
      vertex 3.910599708557129 -22.72256088256836 9
      vertex 2.913759231567383 -22.72256088256836 10
      vertex 3.910599708557129 -22.72256088256836 10
    endloop
  endfacet
  facet normal 0 1 0
    outer loop
      vertex 2.913759231567383 -22.72256088256836 10
      vertex 3.910599708557129 -22.72256088256836 9
      vertex 2.913759231567383 -22.72256088256836 9
    endloop
  endfacet
  facet normal -1 0 0
    outer loop
      vertex 3.910599708557129 -22.72256088256836 9
      vertex 3.910599708557129 -20.35453987121582 10
      vertex 3.910599708557129 -20.35453987121582 9
    endloop
  endfacet
  facet normal -1 0 0
    outer loop
      vertex 3.910599708557129 -20.35453987121582 10
      vertex 3.910599708557129 -22.72256088256836 9
      vertex 3.910599708557129 -22.72256088256836 10
    endloop
  endfacet
  facet normal 0 1 0
    outer loop
      vertex 9.965139389038086 -21.335119247436523 9
      vertex 7.914519309997559 -21.335119247436523 10
      vertex 9.965139389038086 -21.335119247436523 10
    endloop
  endfacet
  facet normal 0 1 0
    outer loop
      vertex 7.914519309997559 -21.335119247436523 10
      vertex 9.965139389038086 -21.335119247436523 9
      vertex 7.914519309997559 -21.335119247436523 9
    endloop
  endfacet
  facet normal 0.9334788470346895 0.3586324610778933 0
    outer loop
      vertex 10.49817943572998 -22.72256088256836 10
      vertex 9.965139389038086 -21.335119247436523 9
      vertex 9.965139389038086 -21.335119247436523 10
    endloop
  endfacet
  facet normal 0.9334788470346895 0.3586324610778933 0
    outer loop
      vertex 9.965139389038086 -21.335119247436523 9
      vertex 10.49817943572998 -22.72256088256836 10
      vertex 10.49817943572998 -22.72256088256836 9
    endloop
  endfacet
  facet normal 0 1 0
    outer loop
      vertex 11.551959991455078 -22.72256088256836 9
      vertex 10.49817943572998 -22.72256088256836 10
      vertex 11.551959991455078 -22.72256088256836 10
    endloop
  endfacet
  facet normal 0 1 0
    outer loop
      vertex 10.49817943572998 -22.72256088256836 10
      vertex 11.551959991455078 -22.72256088256836 9
      vertex 10.49817943572998 -22.72256088256836 9
    endloop
  endfacet
  facet normal -0.9294807300254477 -0.368870671796174 0
    outer loop
      vertex 11.551959991455078 -22.72256088256836 9
      vertex 9.3914794921875 -17.278579711914062 10
      vertex 9.3914794921875 -17.278579711914062 9
    endloop
  endfacet
  facet normal -0.9294807300254477 -0.368870671796174 0
    outer loop
      vertex 9.3914794921875 -17.278579711914062 10
      vertex 11.551959991455078 -22.72256088256836 9
      vertex 11.551959991455078 -22.72256088256836 10
    endloop
  endfacet
  facet normal 0 -1 0
    outer loop
      vertex 8.480079650878906 -17.278579711914062 9
      vertex 9.3914794921875 -17.278579711914062 10
      vertex 8.480079650878906 -17.278579711914062 10
    endloop
  endfacet
  facet normal 0 -1 0
    outer loop
      vertex 9.3914794921875 -17.278579711914062 10
      vertex 8.480079650878906 -17.278579711914062 9
      vertex 9.3914794921875 -17.278579711914062 9
    endloop
  endfacet
  facet normal 0.9294772129433748 -0.3688795340202765 0
    outer loop
      vertex 6.3195390701293945 -22.72256088256836 10
      vertex 8.480079650878906 -17.278579711914062 9
      vertex 8.480079650878906 -17.278579711914062 10
    endloop
  endfacet
  facet normal 0.9294772129433748 -0.3688795340202765 0
    outer loop
      vertex 8.480079650878906 -17.278579711914062 9
      vertex 6.3195390701293945 -22.72256088256836 10
      vertex 6.3195390701293945 -22.72256088256836 9
    endloop
  endfacet
  facet normal 0 1 0
    outer loop
      vertex 7.381479263305664 -22.72256088256836 9
      vertex 6.3195390701293945 -22.72256088256836 10
      vertex 7.381479263305664 -22.72256088256836 10
    endloop
  endfacet
  facet normal 0 1 0
    outer loop
      vertex 6.3195390701293945 -22.72256088256836 10
      vertex 7.381479263305664 -22.72256088256836 9
      vertex 6.3195390701293945 -22.72256088256836 9
    endloop
  endfacet
  facet normal -0.9334788470346895 0.3586324610778933 0
    outer loop
      vertex 7.381479263305664 -22.72256088256836 9
      vertex 7.914519309997559 -21.335119247436523 10
      vertex 7.914519309997559 -21.335119247436523 9
    endloop
  endfacet
  facet normal -0.9334788470346895 0.3586324610778933 0
    outer loop
      vertex 7.914519309997559 -21.335119247436523 10
      vertex 7.381479263305664 -22.72256088256836 9
      vertex 7.381479263305664 -22.72256088256836 10
    endloop
  endfacet
  facet normal -0.9334584871337652 0.3586854510541825 0
    outer loop
      vertex 8.423079490661621 -20.01685905456543 9
      vertex 8.48826789855957 -19.847209930419922 10
      vertex 8.48826789855957 -19.847209930419922 9
    endloop
  endfacet
  facet normal -0.9334584871337652 0.3586854510541825 0
    outer loop
      vertex 8.48826789855957 -19.847209930419922 10
      vertex 8.423079490661621 -20.01685905456543 9
      vertex 8.423079490661621 -20.01685905456543 10
    endloop
  endfacet
  facet normal -0.9367307435893211 0.35005073063000125 0
    outer loop
      vertex 8.48826789855957 -19.847209930419922 9
      vertex 8.555946350097656 -19.66610336303711 10
      vertex 8.555946350097656 -19.66610336303711 9
    endloop
  endfacet
  facet normal -0.9367307435893211 0.35005073063000125 0
    outer loop
      vertex 8.555946350097656 -19.66610336303711 10
      vertex 8.48826789855957 -19.847209930419922 9
      vertex 8.48826789855957 -19.847209930419922 10
    endloop
  endfacet
  facet normal -0.9395674253710818 0.34236391921690074 0
    outer loop
      vertex 8.555946350097656 -19.66610336303711 9
      vertex 8.626115798950195 -19.473533630371094 10
      vertex 8.626115798950195 -19.473533630371094 9
    endloop
  endfacet
  facet normal -0.9395674253710818 0.34236391921690074 0
    outer loop
      vertex 8.626115798950195 -19.473533630371094 10
      vertex 8.555946350097656 -19.66610336303711 9
      vertex 8.555946350097656 -19.66610336303711 10
    endloop
  endfacet
  facet normal -0.9420423995185485 0.3354938412390538 0
    outer loop
      vertex 8.626115798950195 -19.473533630371094 9
      vertex 8.698776245117188 -19.269508361816406 10
      vertex 8.698776245117188 -19.269508361816406 9
    endloop
  endfacet
  facet normal -0.9420423995185485 0.3354938412390538 0
    outer loop
      vertex 8.698776245117188 -19.269508361816406 10
      vertex 8.626115798950195 -19.473533630371094 9
      vertex 8.626115798950195 -19.473533630371094 10
    endloop
  endfacet
  facet normal -0.9442254755717384 0.32929963753597474 0
    outer loop
      vertex 8.698776245117188 -19.269508361816406 9
      vertex 8.773926734924316 -19.05402374267578 10
      vertex 8.773926734924316 -19.05402374267578 9
    endloop
  endfacet
  facet normal -0.9442254755717384 0.32929963753597474 0
    outer loop
      vertex 8.773926734924316 -19.05402374267578 10
      vertex 8.698776245117188 -19.269508361816406 9
      vertex 8.698776245117188 -19.269508361816406 10
    endloop
  endfacet
  facet normal -0.946160844507721 0.3236968586817553 0
    outer loop
      vertex 8.773926734924316 -19.05402374267578 9
      vertex 8.851567268371582 -18.82708168029785 10
      vertex 8.851567268371582 -18.82708168029785 9
    endloop
  endfacet
  facet normal -0.946160844507721 0.3236968586817553 0
    outer loop
      vertex 8.851567268371582 -18.82708168029785 10
      vertex 8.773926734924316 -19.05402374267578 9
      vertex 8.773926734924316 -19.05402374267578 10
    endloop
  endfacet
  facet normal -0.9478866825558638 0.3186076537580964 0
    outer loop
      vertex 8.851567268371582 -18.82708168029785 9
      vertex 8.931699752807617 -18.588680267333984 10
      vertex 8.931699752807617 -18.588680267333984 9
    endloop
  endfacet
  facet normal -0.9478866825558638 0.3186076537580964 0
    outer loop
      vertex 8.931699752807617 -18.588680267333984 10
      vertex 8.851567268371582 -18.82708168029785 9
      vertex 8.851567268371582 -18.82708168029785 10
    endloop
  endfacet
  facet normal 0 1 0
    outer loop
      vertex 8.947959899902344 -18.588680267333984 9
      vertex 8.931699752807617 -18.588680267333984 10
      vertex 8.947959899902344 -18.588680267333984 10
    endloop
  endfacet
  facet normal 0 1 0
    outer loop
      vertex 8.931699752807617 -18.588680267333984 10
      vertex 8.947959899902344 -18.588680267333984 9
      vertex 8.931699752807617 -18.588680267333984 9
    endloop
  endfacet
  facet normal 0.9474821590120732 0.319808627703851 0
    outer loop
      vertex 9.028091430664062 -18.826082229614258 10
      vertex 8.947959899902344 -18.588680267333984 9
      vertex 8.947959899902344 -18.588680267333984 10
    endloop
  endfacet
  facet normal 0.9474821590120732 0.319808627703851 0
    outer loop
      vertex 8.947959899902344 -18.588680267333984 9
      vertex 9.028091430664062 -18.826082229614258 10
      vertex 9.028091430664062 -18.826082229614258 9
    endloop
  endfacet
  facet normal 0.9458685192742559 0.3245500643135457 0
    outer loop
      vertex 9.105732917785645 -19.05236053466797 10
      vertex 9.028091430664062 -18.826082229614258 9
      vertex 9.028091430664062 -18.826082229614258 10
    endloop
  endfacet
  facet normal 0.9458685192742559 0.3245500643135457 0
    outer loop
      vertex 9.028091430664062 -18.826082229614258 9
      vertex 9.105732917785645 -19.05236053466797 10
      vertex 9.105732917785645 -19.05236053466797 9
    endloop
  endfacet
  facet normal 0.94406654391542 0.3297550009622211 0
    outer loop
      vertex 9.180883407592773 -19.26751136779785 10
      vertex 9.105732917785645 -19.05236053466797 9
      vertex 9.105732917785645 -19.05236053466797 10
    endloop
  endfacet
  facet normal 0.94406654391542 0.3297550009622211 0
    outer loop
      vertex 9.105732917785645 -19.05236053466797 9
      vertex 9.180883407592773 -19.26751136779785 10
      vertex 9.180883407592773 -19.26751136779785 9
    endloop
  endfacet
  facet normal 0.9420437911995321 0.335489933474035 0
    outer loop
      vertex 9.25354290008545 -19.47153663635254 10
      vertex 9.180883407592773 -19.26751136779785 9
      vertex 9.180883407592773 -19.26751136779785 10
    endloop
  endfacet
  facet normal 0.9420437911995321 0.335489933474035 0
    outer loop
      vertex 9.180883407592773 -19.26751136779785 9
      vertex 9.25354290008545 -19.47153663635254 10
      vertex 9.25354290008545 -19.47153663635254 9
    endloop
  endfacet
  facet normal 0.939755706795356 0.34184676617683646 0
    outer loop
      vertex 9.323712348937988 -19.66443634033203 10
      vertex 9.25354290008545 -19.47153663635254 9
      vertex 9.25354290008545 -19.47153663635254 10
    endloop
  endfacet
  facet normal 0.939755706795356 0.34184676617683646 0
    outer loop
      vertex 9.25354290008545 -19.47153663635254 9
      vertex 9.323712348937988 -19.66443634033203 10
      vertex 9.323712348937988 -19.66443634033203 9
    endloop
  endfacet
  facet normal 0.937150189366277 0.34892624230738384 0
    outer loop
      vertex 9.39139175415039 -19.846210479736328 10
      vertex 9.323712348937988 -19.66443634033203 9
      vertex 9.323712348937988 -19.66443634033203 10
    endloop
  endfacet
  facet normal 0.937150189366277 0.34892624230738384 0
    outer loop
      vertex 9.323712348937988 -19.66443634033203 9
      vertex 9.39139175415039 -19.846210479736328 10
      vertex 9.39139175415039 -19.846210479736328 9
    endloop
  endfacet
  facet normal 0.9341623248258835 0.3568483583763563 0
    outer loop
      vertex 9.456579208374023 -20.01685905456543 10
      vertex 9.39139175415039 -19.846210479736328 9
      vertex 9.39139175415039 -19.846210479736328 10
    endloop
  endfacet
  facet normal 0.9341623248258835 0.3568483583763563 0
    outer loop
      vertex 9.39139175415039 -19.846210479736328 9
      vertex 9.456579208374023 -20.01685905456543 10
      vertex 9.456579208374023 -20.01685905456543 9
    endloop
  endfacet
  facet normal 0.9327422795169116 0.3605438114870308 0
    outer loop
      vertex 9.643719673156738 -20.500999450683594 10
      vertex 9.456579208374023 -20.01685905456543 9
      vertex 9.456579208374023 -20.01685905456543 10
    endloop
  endfacet
  facet normal 0.9327422795169116 0.3605438114870308 0
    outer loop
      vertex 9.456579208374023 -20.01685905456543 9
      vertex 9.643719673156738 -20.500999450683594 10
      vertex 9.643719673156738 -20.500999450683594 9
    endloop
  endfacet
  facet normal 0 -1 0
    outer loop
      vertex 8.235939979553223 -20.500999450683594 9
      vertex 9.643719673156738 -20.500999450683594 10
      vertex 8.235939979553223 -20.500999450683594 10
    endloop
  endfacet
  facet normal 0 -1 0
    outer loop
      vertex 9.643719673156738 -20.500999450683594 10
      vertex 8.235939979553223 -20.500999450683594 9
      vertex 9.643719673156738 -20.500999450683594 9
    endloop
  endfacet
  facet normal -0.9327428974044865 0.36054221298134254 0
    outer loop
      vertex 8.235939979553223 -20.500999450683594 9
      vertex 8.423079490661621 -20.01685905456543 10
      vertex 8.423079490661621 -20.01685905456543 9
    endloop
  endfacet
  facet normal -0.9327428974044865 0.36054221298134254 0
    outer loop
      vertex 8.423079490661621 -20.01685905456543 10
      vertex 8.235939979553223 -20.500999450683594 9
      vertex 8.235939979553223 -20.500999450683594 10
    endloop
  endfacet
  facet normal -0.9999819795434279 -0.006003381414449846 0
    outer loop
      vertex 13.322259902954102 -20.256919860839844 9
      vertex 13.32126235961914 -20.09075927734375 10
      vertex 13.32126235961914 -20.09075927734375 9
    endloop
  endfacet
  facet normal -0.9999819795434279 -0.006003381414449846 0
    outer loop
      vertex 13.32126235961914 -20.09075927734375 10
      vertex 13.322259902954102 -20.256919860839844 9
      vertex 13.322259902954102 -20.256919860839844 10
    endloop
  endfacet
  facet normal -0.9998688620372578 -0.016194404228594767 0
    outer loop
      vertex 13.32126235961914 -20.09075927734375 9
      vertex 13.318272590637207 -19.906166076660156 10
      vertex 13.318272590637207 -19.906166076660156 9
    endloop
  endfacet
  facet normal -0.9998688620372578 -0.016194404228594767 0
    outer loop
      vertex 13.318272590637207 -19.906166076660156 10
      vertex 13.32126235961914 -20.09075927734375 9
      vertex 13.32126235961914 -20.09075927734375 10
    endloop
  endfacet
  facet normal -0.9996988310306765 -0.024540726067069613 0
    outer loop
      vertex 13.318272590637207 -19.906166076660156 9
      vertex 13.313288688659668 -19.703140258789062 10
      vertex 13.313288688659668 -19.703140258789062 9
    endloop
  endfacet
  facet normal -0.9996988310306765 -0.024540726067069613 0
    outer loop
      vertex 13.313288688659668 -19.703140258789062 10
      vertex 13.318272590637207 -19.906166076660156 9
      vertex 13.318272590637207 -19.906166076660156 10
    endloop
  endfacet
  facet normal -0.9995040904319762 -0.031489255465124745 0
    outer loop
      vertex 13.313288688659668 -19.703140258789062 9
      vertex 13.30631160736084 -19.481679916381836 10
      vertex 13.30631160736084 -19.481679916381836 9
    endloop
  endfacet
  facet normal -0.9995040904319762 -0.031489255465124745 0
    outer loop
      vertex 13.30631160736084 -19.481679916381836 10
      vertex 13.313288688659668 -19.703140258789062 9
      vertex 13.313288688659668 -19.703140258789062 10
    endloop
  endfacet
  facet normal -0.9993016229095799 -0.0373666489035306 0
    outer loop
      vertex 13.30631160736084 -19.481679916381836 9
      vertex 13.297341346740723 -19.24178695678711 10
      vertex 13.297341346740723 -19.24178695678711 9
    endloop
  endfacet
  facet normal -0.9993016229095799 -0.0373666489035306 0
    outer loop
      vertex 13.297341346740723 -19.24178695678711 10
      vertex 13.30631160736084 -19.481679916381836 9
      vertex 13.30631160736084 -19.481679916381836 10
    endloop
  endfacet
  facet normal -0.9991004781480483 -0.04240559590834223 0
    outer loop
      vertex 13.297341346740723 -19.24178695678711 9
      vertex 13.286376953125 -18.98345947265625 10
      vertex 13.286376953125 -18.98345947265625 9
    endloop
  endfacet
  facet normal -0.9991004781480483 -0.04240559590834223 0
    outer loop
      vertex 13.286376953125 -18.98345947265625 10
      vertex 13.297341346740723 -19.24178695678711 9
      vertex 13.297341346740723 -19.24178695678711 10
    endloop
  endfacet
  facet normal -0.9989057990103684 -0.04676756037530108 0
    outer loop
      vertex 13.286376953125 -18.98345947265625 9
      vertex 13.273419380187988 -18.70669937133789 10
      vertex 13.273419380187988 -18.70669937133789 9
    endloop
  endfacet
  facet normal -0.9989057990103684 -0.04676756037530108 0
    outer loop
      vertex 13.273419380187988 -18.70669937133789 10
      vertex 13.286376953125 -18.98345947265625 9
      vertex 13.286376953125 -18.98345947265625 10
    endloop
  endfacet
  facet normal 0 1 0
    outer loop
      vertex 13.297839164733887 -18.70669937133789 9
      vertex 13.273419380187988 -18.70669937133789 10
      vertex 13.297839164733887 -18.70669937133789 10
    endloop
  endfacet
  facet normal 0 1 0
    outer loop
      vertex 13.273419380187988 -18.70669937133789 10
      vertex 13.297839164733887 -18.70669937133789 9
      vertex 13.273419380187988 -18.70669937133789 9
    endloop
  endfacet
  facet normal 0.8611007850713925 0.5084343005241005 0
    outer loop
      vertex 13.440164566040039 -18.94774627685547 10
      vertex 13.297839164733887 -18.70669937133789 9
      vertex 13.297839164733887 -18.70669937133789 10
    endloop
  endfacet
  facet normal 0.8611007850713925 0.5084343005241005 0
    outer loop
      vertex 13.297839164733887 -18.70669937133789 9
      vertex 13.440164566040039 -18.94774627685547 10
      vertex 13.440164566040039 -18.94774627685547 9
    endloop
  endfacet
  facet normal 0.8551285429579152 0.5184160250403851 0
    outer loop
      vertex 13.581162452697754 -19.180322647094727 10
      vertex 13.440164566040039 -18.94774627685547 9
      vertex 13.440164566040039 -18.94774627685547 10
    endloop
  endfacet
  facet normal 0.8551285429579152 0.5184160250403851 0
    outer loop
      vertex 13.440164566040039 -18.94774627685547 9
      vertex 13.581162452697754 -19.180322647094727 10
      vertex 13.581162452697754 -19.180322647094727 9
    endloop
  endfacet
  facet normal 0.8486748646043955 0.5289149025965434 0
    outer loop
      vertex 13.720831871032715 -19.404430389404297 10
      vertex 13.581162452697754 -19.180322647094727 9
      vertex 13.581162452697754 -19.180322647094727 10
    endloop
  endfacet
  facet normal 0.8486748646043955 0.5289149025965434 0
    outer loop
      vertex 13.581162452697754 -19.180322647094727 9
      vertex 13.720831871032715 -19.404430389404297 10
      vertex 13.720831871032715 -19.404430389404297 9
    endloop
  endfacet
  facet normal 0.8416814739463696 0.5399743479235535 0
    outer loop
      vertex 13.859174728393555 -19.620071411132812 10
      vertex 13.720831871032715 -19.404430389404297 9
      vertex 13.720831871032715 -19.404430389404297 10
    endloop
  endfacet
  facet normal 0.8416814739463696 0.5399743479235535 0
    outer loop
      vertex 13.720831871032715 -19.404430389404297 9
      vertex 13.859174728393555 -19.620071411132812 10
      vertex 13.859174728393555 -19.620071411132812 9
    endloop
  endfacet
  facet normal 0.8340878794836246 0.551631588379881 0
    outer loop
      vertex 13.996190071105957 -19.82724380493164 10
      vertex 13.859174728393555 -19.620071411132812 9
      vertex 13.859174728393555 -19.620071411132812 10
    endloop
  endfacet
  facet normal 0.8340878794836246 0.551631588379881 0
    outer loop
      vertex 13.859174728393555 -19.620071411132812 9
      vertex 13.996190071105957 -19.82724380493164 10
      vertex 13.996190071105957 -19.82724380493164 9
    endloop
  endfacet
  facet normal 0.8258204308911286 0.5639331661844253 0
    outer loop
      vertex 14.131878852844238 -20.02594566345215 10
      vertex 13.996190071105957 -19.82724380493164 9
      vertex 13.996190071105957 -19.82724380493164 10
    endloop
  endfacet
  facet normal 0.8258204308911286 0.5639331661844253 0
    outer loop
      vertex 13.996190071105957 -19.82724380493164 9
      vertex 14.131878852844238 -20.02594566345215 10
      vertex 14.131878852844238 -20.02594566345215 9
    endloop
  endfacet
  facet normal 0.8168099787941843 0.5769068023019354 0
    outer loop
      vertex 14.266239166259766 -20.21617889404297 10
      vertex 14.131878852844238 -20.02594566345215 9
      vertex 14.131878852844238 -20.02594566345215 10
    endloop
  endfacet
  facet normal 0.8168099787941843 0.5769068023019354 0
    outer loop
      vertex 14.131878852844238 -20.02594566345215 9
      vertex 14.266239166259766 -20.21617889404297 10
      vertex 14.266239166259766 -20.21617889404297 9
    endloop
  endfacet
  facet normal 0.8162385232117677 0.5777150450049511 0
    outer loop
      vertex 16.040199279785156 -22.72256088256836 10
      vertex 14.266239166259766 -20.21617889404297 9
      vertex 14.266239166259766 -20.21617889404297 10
    endloop
  endfacet
  facet normal 0.8162385232117677 0.5777150450049511 0
    outer loop
      vertex 14.266239166259766 -20.21617889404297 9
      vertex 16.040199279785156 -22.72256088256836 10
      vertex 16.040199279785156 -22.72256088256836 9
    endloop
  endfacet
  facet normal 0 1 0
    outer loop
      vertex 17.085880279541016 -22.72256088256836 9
      vertex 16.040199279785156 -22.72256088256836 10
      vertex 17.085880279541016 -22.72256088256836 10
    endloop
  endfacet
  facet normal 0 1 0
    outer loop
      vertex 16.040199279785156 -22.72256088256836 10
      vertex 17.085880279541016 -22.72256088256836 9
      vertex 16.040199279785156 -22.72256088256836 9
    endloop
  endfacet
  facet normal -1 0 0
    outer loop
      vertex 17.085880279541016 -22.72256088256836 9
      vertex 17.085880279541016 -17.278579711914062 10
      vertex 17.085880279541016 -17.278579711914062 9
    endloop
  endfacet
  facet normal -1 0 0
    outer loop
      vertex 17.085880279541016 -17.278579711914062 10
      vertex 17.085880279541016 -22.72256088256836 9
      vertex 17.085880279541016 -22.72256088256836 10
    endloop
  endfacet
  facet normal 0 -1 0
    outer loop
      vertex 16.089038848876953 -17.278579711914062 9
      vertex 17.085880279541016 -17.278579711914062 10
      vertex 16.089038848876953 -17.278579711914062 10
    endloop
  endfacet
  facet normal 0 -1 0
    outer loop
      vertex 17.085880279541016 -17.278579711914062 10
      vertex 16.089038848876953 -17.278579711914062 9
      vertex 17.085880279541016 -17.278579711914062 9
    endloop
  endfacet
  facet normal 1 0 0
    outer loop
      vertex 16.089038848876953 -19.744220733642578 10
      vertex 16.089038848876953 -17.278579711914062 9
      vertex 16.089038848876953 -17.278579711914062 10
    endloop
  endfacet
  facet normal 1 0 0
    outer loop
      vertex 16.089038848876953 -17.278579711914062 9
      vertex 16.089038848876953 -19.744220733642578 10
      vertex 16.089038848876953 -19.744220733642578 9
    endloop
  endfacet
  facet normal 0.9999780105285698 0.006631625692345684 0
    outer loop
      vertex 16.09003448486328 -19.894351959228516 10
      vertex 16.089038848876953 -19.744220733642578 9
      vertex 16.089038848876953 -19.744220733642578 10
    endloop
  endfacet
  facet normal 0.9999780105285698 0.006631625692345684 0
    outer loop
      vertex 16.089038848876953 -19.744220733642578 9
      vertex 16.09003448486328 -19.894351959228516 10
      vertex 16.09003448486328 -19.894351959228516 9
    endloop
  endfacet
  facet normal 0.9998522117854807 0.017191701128232845 0
    outer loop
      vertex 16.093021392822266 -20.06806755065918 10
      vertex 16.09003448486328 -19.894351959228516 9
      vertex 16.09003448486328 -19.894351959228516 10
    endloop
  endfacet
  facet normal 0.9998522117854807 0.017191701128232845 0
    outer loop
      vertex 16.09003448486328 -19.894351959228516 9
      vertex 16.093021392822266 -20.06806755065918 10
      vertex 16.093021392822266 -20.06806755065918 9
    endloop
  endfacet
  facet normal 0.9996818245375408 0.02522399035231034 0
    outer loop
      vertex 16.097999572753906 -20.265363693237305 10
      vertex 16.093021392822266 -20.06806755065918 9
      vertex 16.093021392822266 -20.06806755065918 10
    endloop
  endfacet
  facet normal 0.9996818245375408 0.02522399035231034 0
    outer loop
      vertex 16.093021392822266 -20.06806755065918 9
      vertex 16.097999572753906 -20.265363693237305 10
      vertex 16.097999572753906 -20.265363693237305 9
    endloop
  endfacet
  facet normal 0.9995025570039904 0.03153789058394498 0
    outer loop
      vertex 16.104969024658203 -20.48624038696289 10
      vertex 16.097999572753906 -20.265363693237305 9
      vertex 16.097999572753906 -20.265363693237305 10
    endloop
  endfacet
  facet normal 0.9995025570039904 0.03153789058394498 0
    outer loop
      vertex 16.097999572753906 -20.265363693237305 9
      vertex 16.104969024658203 -20.48624038696289 10
      vertex 16.104969024658203 -20.48624038696289 9
    endloop
  endfacet
  facet normal 0.999329441391661 0.0366151275817897 0
    outer loop
      vertex 16.11392593383789 -20.73069953918457 10
      vertex 16.104969024658203 -20.48624038696289 9
      vertex 16.104969024658203 -20.48624038696289 10
    endloop
  endfacet
  facet normal 0.999329441391661 0.0366151275817897 0
    outer loop
      vertex 16.104969024658203 -20.48624038696289 9
      vertex 16.11392593383789 -20.73069953918457 10
      vertex 16.11392593383789 -20.73069953918457 9
    endloop
  endfacet
  facet normal 0.9991662783418663 0.04082582790910771 0
    outer loop
      vertex 16.1248779296875 -20.998737335205078 10
      vertex 16.11392593383789 -20.73069953918457 9
      vertex 16.11392593383789 -20.73069953918457 10
    endloop
  endfacet
  facet normal 0.9991662783418663 0.04082582790910771 0
    outer loop
      vertex 16.11392593383789 -20.73069953918457 9
      vertex 16.1248779296875 -20.998737335205078 10
      vertex 16.1248779296875 -20.998737335205078 9
    endloop
  endfacet
  facet normal 0.9990167862380961 0.044333517957705876 0
    outer loop
      vertex 16.137819290161133 -21.290359497070312 10
      vertex 16.1248779296875 -20.998737335205078 9
      vertex 16.1248779296875 -20.998737335205078 10
    endloop
  endfacet
  facet normal 0.9990167862380961 0.044333517957705876 0
    outer loop
      vertex 16.1248779296875 -20.998737335205078 9
      vertex 16.137819290161133 -21.290359497070312 10
      vertex 16.137819290161133 -21.290359497070312 9
    endloop
  endfacet
  facet normal 0 -1 0
    outer loop
      vertex 16.113399505615234 -21.290359497070312 9
      vertex 16.137819290161133 -21.290359497070312 10
      vertex 16.113399505615234 -21.290359497070312 10
    endloop
  endfacet
  facet normal 0 -1 0
    outer loop
      vertex 16.137819290161133 -21.290359497070312 10
      vertex 16.113399505615234 -21.290359497070312 9
      vertex 16.137819290161133 -21.290359497070312 9
    endloop
  endfacet
  facet normal -0.8656526939132874 -0.5006449974988948 0
    outer loop
      vertex 16.113399505615234 -21.290359497070312 9
      vertex 16.004291534423828 -21.101703643798828 10
      vertex 16.004291534423828 -21.101703643798828 9
    endloop
  endfacet
  facet normal -0.8656526939132874 -0.5006449974988948 0
    outer loop
      vertex 16.004291534423828 -21.101703643798828 10
      vertex 16.113399505615234 -21.290359497070312 9
      vertex 16.113399505615234 -21.290359497070312 10
    endloop
  endfacet
  facet normal -0.8569193363030637 -0.515450532126912 0
    outer loop
      vertex 16.004291534423828 -21.101703643798828 9
      vertex 15.88621711730957 -20.90540885925293 10
      vertex 15.88621711730957 -20.90540885925293 9
    endloop
  endfacet
  facet normal -0.8569193363030637 -0.515450532126912 0
    outer loop
      vertex 15.88621711730957 -20.90540885925293 10
      vertex 16.004291534423828 -21.101703643798828 9
      vertex 16.004291534423828 -21.101703643798828 10
    endloop
  endfacet
  facet normal -0.8487773964103522 -0.528750348787463 0
    outer loop
      vertex 15.88621711730957 -20.90540885925293 9
      vertex 15.759174346923828 -20.701473236083984 10
      vertex 15.759174346923828 -20.701473236083984 9
    endloop
  endfacet
  facet normal -0.8487773964103522 -0.528750348787463 0
    outer loop
      vertex 15.759174346923828 -20.701473236083984 10
      vertex 15.88621711730957 -20.90540885925293 9
      vertex 15.88621711730957 -20.90540885925293 10
    endloop
  endfacet
  facet normal -0.8411848813091167 -0.540747626399753 0
    outer loop
      vertex 15.759174346923828 -20.701473236083984 9
      vertex 15.623163223266602 -20.48989486694336 10
      vertex 15.623163223266602 -20.48989486694336 9
    endloop
  endfacet
  facet normal -0.8411848813091167 -0.540747626399753 0
    outer loop
      vertex 15.623163223266602 -20.48989486694336 10
      vertex 15.759174346923828 -20.701473236083984 9
      vertex 15.759174346923828 -20.701473236083984 10
    endloop
  endfacet
  facet normal -0.8340894907877928 -0.5516291520191443 0
    outer loop
      vertex 15.623163223266602 -20.48989486694336 9
      vertex 15.478182792663574 -20.27067756652832 10
      vertex 15.478182792663574 -20.27067756652832 9
    endloop
  endfacet
  facet normal -0.8340894907877928 -0.5516291520191443 0
    outer loop
      vertex 15.478182792663574 -20.27067756652832 10
      vertex 15.623163223266602 -20.48989486694336 9
      vertex 15.623163223266602 -20.48989486694336 10
    endloop
  endfacet
  facet normal -0.8274631907546817 -0.5615199621973217 0
    outer loop
      vertex 15.478182792663574 -20.27067756652832 9
      vertex 15.324235916137695 -20.043819427490234 10
      vertex 15.324235916137695 -20.043819427490234 9
    endloop
  endfacet
  facet normal -0.8274631907546817 -0.5615199621973217 0
    outer loop
      vertex 15.324235916137695 -20.043819427490234 10
      vertex 15.478182792663574 -20.27067756652832 9
      vertex 15.478182792663574 -20.27067756652832 10
    endloop
  endfacet
  facet normal -0.8212578080148037 -0.5705572826410331 0
    outer loop
      vertex 15.324235916137695 -20.043819427490234 9
      vertex 15.161319732666016 -19.80931854248047 10
      vertex 15.161319732666016 -19.80931854248047 9
    endloop
  endfacet
  facet normal -0.8212578080148037 -0.5705572826410331 0
    outer loop
      vertex 15.161319732666016 -19.80931854248047 10
      vertex 15.324235916137695 -20.043819427490234 9
      vertex 15.324235916137695 -20.043819427490234 10
    endloop
  endfacet
  facet normal -0.8163874301483345 -0.5775046007572566 0
    outer loop
      vertex 15.161319732666016 -19.80931854248047 9
      vertex 13.371099472045898 -17.278579711914062 10
      vertex 13.371099472045898 -17.278579711914062 9
    endloop
  endfacet
  facet normal -0.8163874301483345 -0.5775046007572566 0
    outer loop
      vertex 13.371099472045898 -17.278579711914062 10
      vertex 15.161319732666016 -19.80931854248047 9
      vertex 15.161319732666016 -19.80931854248047 10
    endloop
  endfacet
  facet normal 0 -1 0
    outer loop
      vertex 12.325419425964355 -17.278579711914062 9
      vertex 13.371099472045898 -17.278579711914062 10
      vertex 12.325419425964355 -17.278579711914062 10
    endloop
  endfacet
  facet normal 0 -1 0
    outer loop
      vertex 13.371099472045898 -17.278579711914062 10
      vertex 12.325419425964355 -17.278579711914062 9
      vertex 13.371099472045898 -17.278579711914062 9
    endloop
  endfacet
  facet normal 1 0 0
    outer loop
      vertex 12.325419425964355 -22.72256088256836 10
      vertex 12.325419425964355 -17.278579711914062 9
      vertex 12.325419425964355 -17.278579711914062 10
    endloop
  endfacet
  facet normal 1 0 0
    outer loop
      vertex 12.325419425964355 -17.278579711914062 9
      vertex 12.325419425964355 -22.72256088256836 10
      vertex 12.325419425964355 -22.72256088256836 9
    endloop
  endfacet
  facet normal 0 1 0
    outer loop
      vertex 13.322259902954102 -22.72256088256836 9
      vertex 12.325419425964355 -22.72256088256836 10
      vertex 13.322259902954102 -22.72256088256836 10
    endloop
  endfacet
  facet normal 0 1 0
    outer loop
      vertex 12.325419425964355 -22.72256088256836 10
      vertex 13.322259902954102 -22.72256088256836 9
      vertex 12.325419425964355 -22.72256088256836 9
    endloop
  endfacet
  facet normal -1 0 0
    outer loop
      vertex 13.322259902954102 -22.72256088256836 9
      vertex 13.322259902954102 -20.256919860839844 10
      vertex 13.322259902954102 -20.256919860839844 9
    endloop
  endfacet
  facet normal -1 0 0
    outer loop
      vertex 13.322259902954102 -20.256919860839844 10
      vertex 13.322259902954102 -22.72256088256836 9
      vertex 13.322259902954102 -22.72256088256836 10
    endloop
  endfacet
  facet normal 0 0 1
    outer loop
      vertex -10.118809700012207 -18.148378372192383 9
      vertex -9.84567928314209 -17.380279541015625 9
      vertex -9.91584300994873 -17.356407165527344 9
    endloop
  endfacet
  facet normal 0 0 1
    outer loop
      vertex -9.84567928314209 -17.380279541015625 9
      vertex -9.93647289276123 -18.198518753051758 9
      vertex -9.84567928314209 -18.226579666137695 9
    endloop
  endfacet
  facet normal 0 0 1
    outer loop
      vertex -10.118809700012207 -18.148378372192383 9
      vertex -9.91584300994873 -17.356407165527344 9
      vertex -9.991486549377441 -17.333616256713867 9
    endloop
  endfacet
  facet normal 0 0 1
    outer loop
      vertex -9.84567928314209 -17.380279541015625 9
      vertex -10.02751636505127 -18.17245101928711 9
      vertex -9.93647289276123 -18.198518753051758 9
    endloop
  endfacet
  facet normal 0 0 1
    outer loop
      vertex -10.210351943969727 -18.126298904418945 9
      vertex -9.991486549377441 -17.333616256713867 9
      vertex -10.072611808776855 -17.311904907226562 9
    endloop
  endfacet
  facet normal 0 0 1
    outer loop
      vertex -9.84567928314209 -17.380279541015625 9
      vertex -10.118809700012207 -18.148378372192383 9
      vertex -10.02751636505127 -18.17245101928711 9
    endloop
  endfacet
  facet normal 0 0 1
    outer loop
      vertex -10.302145004272461 -18.106212615966797 9
      vertex -10.072611808776855 -17.311904907226562 9
      vertex -10.159217834472656 -17.291275024414062 9
    endloop
  endfacet
  facet normal 0 0 1
    outer loop
      vertex -9.991486549377441 -17.333616256713867 9
      vertex -10.210351943969727 -18.126298904418945 9
      vertex -10.118809700012207 -18.148378372192383 9
    endloop
  endfacet
  facet normal 0 0 1
    outer loop
      vertex -10.394186973571777 -18.088119506835938 9
      vertex -10.159217834472656 -17.291275024414062 9
      vertex -10.251303672790527 -17.2717227935791 9
    endloop
  endfacet
  facet normal 0 0 1
    outer loop
      vertex -10.072611808776855 -17.311904907226562 9
      vertex -10.302145004272461 -18.106212615966797 9
      vertex -10.210351943969727 -18.126298904418945 9
    endloop
  endfacet
  facet normal 0 0 1
    outer loop
      vertex -10.486479759216309 -18.072019577026367 9
      vertex -10.251303672790527 -17.2717227935791 9
      vertex -10.348871231079102 -17.253250122070312 9
    endloop
  endfacet
  facet normal 0 0 1
    outer loop
      vertex -10.159217834472656 -17.291275024414062 9
      vertex -10.394186973571777 -18.088119506835938 9
      vertex -10.302145004272461 -18.106212615966797 9
    endloop
  endfacet
  facet normal 0 0 1
    outer loop
      vertex -10.486479759216309 -18.072019577026367 9
      vertex -10.348871231079102 -17.253250122070312 9
      vertex -10.451919555664062 -17.235858917236328 9
    endloop
  endfacet
  facet normal 0 0 1
    outer loop
      vertex -10.251303672790527 -17.2717227935791 9
      vertex -10.486479759216309 -18.072019577026367 9
      vertex -10.394186973571777 -18.088119506835938 9
    endloop
  endfacet
  facet normal 0 0 1
    outer loop
      vertex -10.579021453857422 -18.057979583740234 9
      vertex -10.451919555664062 -17.235858917236328 9
      vertex -10.558538436889648 -17.220211029052734 9
    endloop
  endfacet
  facet normal 0 0 1
    outer loop
      vertex -10.451919555664062 -17.235858917236328 9
      vertex -10.579021453857422 -18.057979583740234 9
      vertex -10.486479759216309 -18.072019577026367 9
    endloop
  endfacet
  facet normal 0 0 1
    outer loop
      vertex -10.671813011169434 -18.046100616455078 9
      vertex -10.558538436889648 -17.220211029052734 9
      vertex -10.666817665100098 -17.20697021484375 9
    endloop
  endfacet
  facet normal 0 0 1
    outer loop
      vertex -10.558538436889648 -17.220211029052734 9
      vertex -10.671813011169434 -18.046100616455078 9
      vertex -10.579021453857422 -18.057979583740234 9
    endloop
  endfacet
  facet normal 0 0 1
    outer loop
      vertex -10.666817665100098 -17.20697021484375 9
      vertex -10.76485538482666 -18.036380767822266 9
      vertex -10.671813011169434 -18.046100616455078 9
    endloop
  endfacet
  facet normal 0 0 1
    outer loop
      vertex -10.77675724029541 -17.196138381958008 9
      vertex -10.76485538482666 -18.036380767822266 9
      vertex -10.666817665100098 -17.20697021484375 9
    endloop
  endfacet
  facet normal 0 0 1
    outer loop
      vertex -10.77675724029541 -17.196138381958008 9
      vertex -10.858146667480469 -18.028820037841797 9
      vertex -10.76485538482666 -18.036380767822266 9
    endloop
  endfacet
  facet normal 0 0 1
    outer loop
      vertex -10.888357162475586 -17.187713623046875 9
      vertex -10.858146667480469 -18.028820037841797 9
      vertex -10.77675724029541 -17.196138381958008 9
    endloop
  endfacet
  facet normal 0 0 1
    outer loop
      vertex -10.888357162475586 -17.187713623046875 9
      vertex -10.951687812805176 -18.023418426513672 9
      vertex -10.858146667480469 -18.028820037841797 9
    endloop
  endfacet
  facet normal 0 0 1
    outer loop
      vertex -11.001617431640625 -17.18169403076172 9
      vertex -10.951687812805176 -18.023418426513672 9
      vertex -10.888357162475586 -17.187713623046875 9
    endloop
  endfacet
  facet normal 0 0 1
    outer loop
      vertex -11.001617431640625 -17.18169403076172 9
      vertex -11.045478820800781 -18.020179748535156 9
      vertex -10.951687812805176 -18.023418426513672 9
    endloop
  endfacet
  facet normal 0 0 1
    outer loop
      vertex -11.116538047790527 -17.178083419799805 9
      vertex -11.045478820800781 -18.020179748535156 9
      vertex -11.001617431640625 -17.18169403076172 9
    endloop
  endfacet
  facet normal 0 0 1
    outer loop
      vertex -11.116538047790527 -17.178083419799805 9
      vertex -11.139519691467285 -18.019100189208984 9
      vertex -11.045478820800781 -18.020179748535156 9
    endloop
  endfacet
  facet normal 0 0 1
    outer loop
      vertex -11.23311996459961 -17.1768798828125 9
      vertex -11.139519691467285 -18.019100189208984 9
      vertex -11.116538047790527 -17.178083419799805 9
    endloop
  endfacet
  facet normal 0 0 1
    outer loop
      vertex -11.23311996459961 -17.1768798828125 9
      vertex -11.265076637268066 -18.02179718017578 9
      vertex -11.139519691467285 -18.019100189208984 9
    endloop
  endfacet
  facet normal 0 0 1
    outer loop
      vertex -11.364445686340332 -17.178913116455078 9
      vertex -11.265076637268066 -18.02179718017578 9
      vertex -11.23311996459961 -17.1768798828125 9
    endloop
  endfacet
  facet normal 0 0 1
    outer loop
      vertex -11.364445686340332 -17.178913116455078 9
      vertex -11.388306617736816 -18.029895782470703 9
      vertex -11.265076637268066 -18.02179718017578 9
    endloop
  endfacet
  facet normal 0 0 1
    outer loop
      vertex -11.493362426757812 -17.185014724731445 9
      vertex -11.388306617736816 -18.029895782470703 9
      vertex -11.364445686340332 -17.178913116455078 9
    endloop
  endfacet
  facet normal 0 0 1
    outer loop
      vertex -11.493362426757812 -17.185014724731445 9
      vertex -11.509210586547852 -18.04338836669922 9
      vertex -11.388306617736816 -18.029895782470703 9
    endloop
  endfacet
  facet normal 0 0 1
    outer loop
      vertex -11.61987018585205 -17.1951847076416 9
      vertex -11.509210586547852 -18.04338836669922 9
      vertex -11.493362426757812 -17.185014724731445 9
    endloop
  endfacet
  facet normal 0 0 1
    outer loop
      vertex -11.61987018585205 -17.1951847076416 9
      vertex -11.627787590026855 -18.062278747558594 9
      vertex -11.509210586547852 -18.04338836669922 9
    endloop
  endfacet
  facet normal 0 0 1
    outer loop
      vertex -11.743967056274414 -17.209421157836914 9
      vertex -11.627787590026855 -18.062278747558594 9
      vertex -11.61987018585205 -17.1951847076416 9
    endloop
  endfacet
  facet normal 0 0 1
    outer loop
      vertex -11.865653991699219 -17.227725982666016 9
      vertex -11.627787590026855 -18.062278747558594 9
      vertex -11.743967056274414 -17.209421157836914 9
    endloop
  endfacet
  facet normal 0 0 1
    outer loop
      vertex -11.627787590026855 -18.062278747558594 9
      vertex -11.865653991699219 -17.227725982666016 9
      vertex -11.744037628173828 -18.08656883239746 9
    endloop
  endfacet
  facet normal 0 0 1
    outer loop
      vertex -11.984931945800781 -17.250099182128906 9
      vertex -11.744037628173828 -18.08656883239746 9
      vertex -11.865653991699219 -17.227725982666016 9
    endloop
  endfacet
  facet normal 0 0 1
    outer loop
      vertex -11.744037628173828 -18.08656883239746 9
      vertex -11.984931945800781 -17.250099182128906 9
      vertex -11.857961654663086 -18.116256713867188 9
    endloop
  endfacet
  facet normal 0 0 1
    outer loop
      vertex -12.101799964904785 -17.276538848876953 9
      vertex -11.857961654663086 -18.116256713867188 9
      vertex -11.984931945800781 -17.250099182128906 9
    endloop
  endfacet
  facet normal 0 0 1
    outer loop
      vertex -11.857961654663086 -18.116256713867188 9
      vertex -12.101799964904785 -17.276538848876953 9
      vertex -11.969559669494629 -18.15134048461914 9
    endloop
  endfacet
  facet normal 0 0 1
    outer loop
      vertex -12.216135025024414 -17.306800842285156 9
      vertex -11.969559669494629 -18.15134048461914 9
      vertex -12.101799964904785 -17.276538848876953 9
    endloop
  endfacet
  facet normal 0 0 1
    outer loop
      vertex -12.327816009521484 -17.340633392333984 9
      vertex -11.969559669494629 -18.15134048461914 9
      vertex -12.216135025024414 -17.306800842285156 9
    endloop
  endfacet
  facet normal 0 0 1
    outer loop
      vertex -11.969559669494629 -18.15134048461914 9
      vertex -12.327816009521484 -17.340633392333984 9
      vertex -12.077877044677734 -18.191696166992188 9
    endloop
  endfacet
  facet normal 0 0 1
    outer loop
      vertex -12.43684196472168 -17.378040313720703 9
      vertex -12.077877044677734 -18.191696166992188 9
      vertex -12.327816009521484 -17.340633392333984 9
    endloop
  endfacet
  facet normal 0 0 1
    outer loop
      vertex -12.077877044677734 -18.191696166992188 9
      vertex -12.43684196472168 -17.378040313720703 9
      vertex -12.18195915222168 -18.237201690673828 9
    endloop
  endfacet
  facet normal 0 0 1
    outer loop
      vertex -12.543213844299316 -17.419021606445312 9
      vertex -12.18195915222168 -18.237201690673828 9
      vertex -12.43684196472168 -17.378040313720703 9
    endloop
  endfacet
  facet normal 0 0 1
    outer loop
      vertex -12.646929740905762 -17.463573455810547 9
      vertex -12.18195915222168 -18.237201690673828 9
      vertex -12.543213844299316 -17.419021606445312 9
    endloop
  endfacet
  facet normal 0 0 1
    outer loop
      vertex -12.18195915222168 -18.237201690673828 9
      vertex -12.646929740905762 -17.463573455810547 9
      vertex -12.281807899475098 -18.287853240966797 9
    endloop
  endfacet
  facet normal 0 0 1
    outer loop
      vertex -12.747992515563965 -17.511699676513672 9
      vertex -12.281807899475098 -18.287853240966797 9
      vertex -12.646929740905762 -17.463573455810547 9
    endloop
  endfacet
  facet normal 0 0 1
    outer loop
      vertex -12.281807899475098 -18.287853240966797 9
      vertex -12.747992515563965 -17.511699676513672 9
      vertex -12.377422332763672 -18.343652725219727 9
    endloop
  endfacet
  facet normal 0 0 1
    outer loop
      vertex -12.846399307250977 -17.563400268554688 9
      vertex -12.377422332763672 -18.343652725219727 9
      vertex -12.747992515563965 -17.511699676513672 9
    endloop
  endfacet
  facet normal 0 0 1
    outer loop
      vertex -12.941926956176758 -17.618446350097656 9
      vertex -12.377422332763672 -18.343652725219727 9
      vertex -12.846399307250977 -17.563400268554688 9
    endloop
  endfacet
  facet normal 0 0 1
    outer loop
      vertex -12.377422332763672 -18.343652725219727 9
      vertex -12.941926956176758 -17.618446350097656 9
      vertex -12.468802452087402 -18.40460205078125 9
    endloop
  endfacet
  facet normal 0 0 1
    outer loop
      vertex -13.034382820129395 -17.676651000976562 9
      vertex -12.468802452087402 -18.40460205078125 9
      vertex -12.941926956176758 -17.618446350097656 9
    endloop
  endfacet
  facet normal 0 0 1
    outer loop
      vertex -12.468802452087402 -18.40460205078125 9
      vertex -13.034382820129395 -17.676651000976562 9
      vertex -12.555948257446289 -18.47069549560547 9
    endloop
  endfacet
  facet normal 0 0 1
    outer loop
      vertex -13.12376880645752 -17.73801040649414 9
      vertex -12.555948257446289 -18.47069549560547 9
      vertex -13.034382820129395 -17.676651000976562 9
    endloop
  endfacet
  facet normal 0 0 1
    outer loop
      vertex -13.2100830078125 -17.802528381347656 9
      vertex -12.555948257446289 -18.47069549560547 9
      vertex -13.12376880645752 -17.73801040649414 9
    endloop
  endfacet
  facet normal 0 0 1
    outer loop
      vertex -12.555948257446289 -18.47069549560547 9
      vertex -13.2100830078125 -17.802528381347656 9
      vertex -12.638859748840332 -18.54193878173828 9
    endloop
  endfacet
  facet normal 0 0 1
    outer loop
      vertex -13.293326377868652 -17.870201110839844 9
      vertex -12.638859748840332 -18.54193878173828 9
      vertex -13.2100830078125 -17.802528381347656 9
    endloop
  endfacet
  facet normal 0 0 1
    outer loop
      vertex -12.638859748840332 -18.54193878173828 9
      vertex -13.293326377868652 -17.870201110839844 9
      vertex -12.717205047607422 -18.618206024169922 9
    endloop
  endfacet
  facet normal 0 0 1
    outer loop
      vertex -13.37349796295166 -17.94103240966797 9
      vertex -12.717205047607422 -18.618206024169922 9
      vertex -13.293326377868652 -17.870201110839844 9
    endloop
  endfacet
  facet normal 0 0 1
    outer loop
      vertex -13.450599670410156 -18.015018463134766 9
      vertex -12.717205047607422 -18.618206024169922 9
      vertex -13.37349796295166 -17.94103240966797 9
    endloop
  endfacet
  facet normal 0 0 1
    outer loop
      vertex -12.717205047607422 -18.618206024169922 9
      vertex -13.450599670410156 -18.015018463134766 9
      vertex -12.79065227508545 -18.69937515258789 9
    endloop
  endfacet
  facet normal 0 0 1
    outer loop
      vertex -13.52454662322998 -18.091873168945312 9
      vertex -12.79065227508545 -18.69937515258789 9
      vertex -13.450599670410156 -18.015018463134766 9
    endloop
  endfacet
  facet normal 0 0 1
    outer loop
      vertex -12.79065227508545 -18.69937515258789 9
      vertex -13.52454662322998 -18.091873168945312 9
      vertex -12.859201431274414 -18.785442352294922 9
    endloop
  endfacet
  facet normal 0 0 1
    outer loop
      vertex -13.595255851745605 -18.17129898071289 9
      vertex -12.859201431274414 -18.785442352294922 9
      vertex -13.52454662322998 -18.091873168945312 9
    endloop
  endfacet
  facet normal 0 0 1
    outer loop
      vertex -13.662727355957031 -18.253299713134766 9
      vertex -12.859201431274414 -18.785442352294922 9
      vertex -13.595255851745605 -18.17129898071289 9
    endloop
  endfacet
  facet normal 0 0 1
    outer loop
      vertex -12.859201431274414 -18.785442352294922 9
      vertex -13.662727355957031 -18.253299713134766 9
      vertex -12.922853469848633 -18.87641143798828 9
    endloop
  endfacet
  facet normal 0 0 1
    outer loop
      vertex -13.726962089538574 -18.337873458862305 9
      vertex -12.922853469848633 -18.87641143798828 9
      vertex -13.662727355957031 -18.253299713134766 9
    endloop
  endfacet
  facet normal 0 0 1
    outer loop
      vertex -13.787959098815918 -18.42502212524414 9
      vertex -12.922853469848633 -18.87641143798828 9
      vertex -13.726962089538574 -18.337873458862305 9
    endloop
  endfacet
  facet normal 0 0 1
    outer loop
      vertex -12.922853469848633 -18.87641143798828 9
      vertex -13.787959098815918 -18.42502212524414 9
      vertex -12.981606483459473 -18.972280502319336 9
    endloop
  endfacet
  facet normal 0 0 1
    outer loop
      vertex -13.845717430114746 -18.51474380493164 9
      vertex -12.981606483459473 -18.972280502319336 9
      vertex -13.787959098815918 -18.42502212524414 9
    endloop
  endfacet
  facet normal 0 0 1
    outer loop
      vertex -12.981606483459473 -18.972280502319336 9
      vertex -13.845717430114746 -18.51474380493164 9
      vertex -13.035462379455566 -19.073049545288086 9
    endloop
  endfacet
  facet normal 0 0 1
    outer loop
      vertex -10.64721965789795 -20.64344024658203 9
      vertex -9.650379180908203 -22.55575942993164 9
      vertex -9.650379180908203 -19.80931854248047 9
    endloop
  endfacet
  facet normal 0 0 1
    outer loop
      vertex -10.64721965789795 -21.91693878173828 9
      vertex -9.650379180908203 -22.55575942993164 9
      vertex -10.64721965789795 -20.64344024658203 9
    endloop
  endfacet
  facet normal 0 0 1
    outer loop
      vertex -9.650379180908203 -22.55575942993164 9
      vertex -10.64721965789795 -21.91693878173828 9
      vertex -9.686619758605957 -22.56863021850586 9
    endloop
  endfacet
  facet normal 0 0 1
    outer loop
      vertex -9.686619758605957 -22.56863021850586 9
      vertex -10.64721965789795 -21.91693878173828 9
      vertex -9.725602149963379 -22.581668853759766 9
    endloop
  endfacet
  facet normal 0 0 1
    outer loop
      vertex -9.725602149963379 -22.581668853759766 9
      vertex -10.64721965789795 -21.91693878173828 9
      vertex -9.767328262329102 -22.59487533569336 9
    endloop
  endfacet
  facet normal 0 0 1
    outer loop
      vertex -9.767328262329102 -22.59487533569336 9
      vertex -10.64721965789795 -21.91693878173828 9
      vertex -9.811797142028809 -22.608245849609375 9
    endloop
  endfacet
  facet normal 0 0 1
    outer loop
      vertex -9.811797142028809 -22.608245849609375 9
      vertex -10.64721965789795 -21.91693878173828 9
      vertex -9.859007835388184 -22.621784210205078 9
    endloop
  endfacet
  facet normal 0 0 1
    outer loop
      vertex -9.90896224975586 -22.635488510131836 9
      vertex -10.64721965789795 -21.91693878173828 9
      vertex -9.96165943145752 -22.64936065673828 9
    endloop
  endfacet
  facet normal 0 0 1
    outer loop
      vertex -9.96165943145752 -22.64936065673828 9
      vertex -10.64721965789795 -21.91693878173828 9
      vertex -10.016624450683594 -22.663089752197266 9
    endloop
  endfacet
  facet normal 0 0 1
    outer loop
      vertex -10.016624450683594 -22.663089752197266 9
      vertex -10.64721965789795 -21.91693878173828 9
      vertex -10.073416709899902 -22.676406860351562 9
    endloop
  endfacet
  facet normal 0 0 1
    outer loop
      vertex -10.073416709899902 -22.676406860351562 9
      vertex -10.64721965789795 -21.91693878173828 9
      vertex -10.132035255432129 -22.689308166503906 9
    endloop
  endfacet
  facet normal 0 0 1
    outer loop
      vertex -10.132035255432129 -22.689308166503906 9
      vertex -10.64721965789795 -21.91693878173828 9
      vertex -10.19248104095459 -22.701797485351562 9
    endloop
  endfacet
  facet normal 0 0 1
    outer loop
      vertex -10.19248104095459 -22.701797485351562 9
      vertex -10.64721965789795 -21.91693878173828 9
      vertex -10.254753112792969 -22.713871002197266 9
    endloop
  endfacet
  facet normal 0 0 1
    outer loop
      vertex -10.254753112792969 -22.713871002197266 9
      vertex -10.64721965789795 -21.91693878173828 9
      vertex -10.318853378295898 -22.72553253173828 9
    endloop
  endfacet
  facet normal 0 0 1
    outer loop
      vertex -10.318853378295898 -22.72553253173828 9
      vertex -10.64721965789795 -21.91693878173828 9
      vertex -10.384779930114746 -22.736778259277344 9
    endloop
  endfacet
  facet normal 0 0 1
    outer loop
      vertex -10.384779930114746 -22.736778259277344 9
      vertex -10.64721965789795 -21.91693878173828 9
      vertex -10.451910972595215 -22.747543334960938 9
    endloop
  endfacet
  facet normal 0 0 1
    outer loop
      vertex -10.451910972595215 -22.747543334960938 9
      vertex -10.64721965789795 -21.91693878173828 9
      vertex -10.519625663757324 -22.757722854614258 9
    endloop
  endfacet
  facet normal 0 0 1
    outer loop
      vertex -9.859007835388184 -22.621784210205078 9
      vertex -10.64721965789795 -21.91693878173828 9
      vertex -9.90896224975586 -22.635488510131836 9
    endloop
  endfacet
  facet normal 0 0 1
    outer loop
      vertex -11.867859840393066 -19.80931854248047 9
      vertex -10.64721965789795 -20.64344024658203 9
      vertex -9.650379180908203 -19.80931854248047 9
    endloop
  endfacet
  facet normal 0 0 1
    outer loop
      vertex -10.64721965789795 -20.64344024658203 9
      vertex -11.867859840393066 -19.80931854248047 9
      vertex -11.867859840393066 -20.64344024658203 9
    endloop
  endfacet
  facet normal 0 0 1
    outer loop
      vertex -10.687664031982422 -21.92487335205078 9
      vertex -10.519625663757324 -22.757722854614258 9
      vertex -10.64721965789795 -21.91693878173828 9
    endloop
  endfacet
  facet normal 0 0 1
    outer loop
      vertex -10.519625663757324 -22.757722854614258 9
      vertex -10.687664031982422 -21.92487335205078 9
      vertex -10.587922096252441 -22.767316818237305 9
    endloop
  endfacet
  facet normal 0 0 1
    outer loop
      vertex -10.729936599731445 -21.932392120361328 9
      vertex -10.587922096252441 -22.767316818237305 9
      vertex -10.687664031982422 -21.92487335205078 9
    endloop
  endfacet
  facet normal 0 0 1
    outer loop
      vertex -10.587922096252441 -22.767316818237305 9
      vertex -10.729936599731445 -21.932392120361328 9
      vertex -10.6568021774292 -22.776325225830078 9
    endloop
  endfacet
  facet normal 0 0 1
    outer loop
      vertex -10.774035453796387 -21.939495086669922 9
      vertex -10.6568021774292 -22.776325225830078 9
      vertex -10.729936599731445 -21.932392120361328 9
    endloop
  endfacet
  facet normal 0 0 1
    outer loop
      vertex -10.819960594177246 -21.94618034362793 9
      vertex -10.6568021774292 -22.776325225830078 9
      vertex -10.774035453796387 -21.939495086669922 9
    endloop
  endfacet
  facet normal 0 0 1
    outer loop
      vertex -10.6568021774292 -22.776325225830078 9
      vertex -10.819960594177246 -21.94618034362793 9
      vertex -10.726264953613281 -22.784748077392578 9
    endloop
  endfacet
  facet normal 0 0 1
    outer loop
      vertex -10.86771297454834 -21.952449798583984 9
      vertex -10.726264953613281 -22.784748077392578 9
      vertex -10.819960594177246 -21.94618034362793 9
    endloop
  endfacet
  facet normal 0 0 1
    outer loop
      vertex -10.726264953613281 -22.784748077392578 9
      vertex -10.86771297454834 -21.952449798583984 9
      vertex -10.796311378479004 -22.792587280273438 9
    endloop
  endfacet
  facet normal 0 0 1
    outer loop
      vertex -10.917292594909668 -21.958301544189453 9
      vertex -10.796311378479004 -22.792587280273438 9
      vertex -10.86771297454834 -21.952449798583984 9
    endloop
  endfacet
  facet normal 0 0 1
    outer loop
      vertex -10.796311378479004 -22.792587280273438 9
      vertex -10.917292594909668 -21.958301544189453 9
      vertex -10.866939544677734 -22.79983901977539 9
    endloop
  endfacet
  facet normal 0 0 1
    outer loop
      vertex -10.96869945526123 -21.9637393951416 9
      vertex -10.866939544677734 -22.79983901977539 9
      vertex -10.917292594909668 -21.958301544189453 9
    endloop
  endfacet
  facet normal 0 0 1
    outer loop
      vertex -10.866939544677734 -22.79983901977539 9
      vertex -10.96869945526123 -21.9637393951416 9
      vertex -10.937760353088379 -22.806318283081055 9
    endloop
  endfacet
  facet normal 0 0 1
    outer loop
      vertex -11.020753860473633 -21.96859359741211 9
      vertex -10.937760353088379 -22.806318283081055 9
      vertex -10.96869945526123 -21.9637393951416 9
    endloop
  endfacet
  facet normal 0 0 1
    outer loop
      vertex -10.937760353088379 -22.806318283081055 9
      vertex -11.020753860473633 -21.96859359741211 9
      vertex -11.008417129516602 -22.811800003051758 9
    endloop
  endfacet
  facet normal 0 0 1
    outer loop
      vertex -11.072311401367188 -21.972702026367188 9
      vertex -11.008417129516602 -22.811800003051758 9
      vertex -11.020753860473633 -21.96859359741211 9
    endloop
  endfacet
  facet normal 0 0 1
    outer loop
      vertex -11.072311401367188 -21.972702026367188 9
      vertex -11.078909873962402 -22.816286087036133 9
      vertex -11.008417129516602 -22.811800003051758 9
    endloop
  endfacet
  facet normal 0 0 1
    outer loop
      vertex -11.123371124267578 -21.976062774658203 9
      vertex -11.078909873962402 -22.816286087036133 9
      vertex -11.072311401367188 -21.972702026367188 9
    endloop
  endfacet
  facet normal 0 0 1
    outer loop
      vertex -11.173933982849121 -21.978679656982422 9
      vertex -11.078909873962402 -22.816286087036133 9
      vertex -11.123371124267578 -21.976062774658203 9
    endloop
  endfacet
  facet normal 0 0 1
    outer loop
      vertex -11.078909873962402 -22.816286087036133 9
      vertex -11.173933982849121 -21.978679656982422 9
      vertex -11.149238586425781 -22.819774627685547 9
    endloop
  endfacet
  facet normal 0 0 1
    outer loop
      vertex -11.223999977111816 -21.980545043945312 9
      vertex -11.149238586425781 -22.819774627685547 9
      vertex -11.173933982849121 -21.978679656982422 9
    endloop
  endfacet
  facet normal 0 0 1
    outer loop
      vertex -11.149238586425781 -22.819774627685547 9
      vertex -11.223999977111816 -21.980545043945312 9
      vertex -11.219403266906738 -22.822265625 9
    endloop
  endfacet
  facet normal 0 0 1
    outer loop
      vertex -11.273568153381348 -21.981666564941406 9
      vertex -11.219403266906738 -22.822265625 9
      vertex -11.223999977111816 -21.980545043945312 9
    endloop
  endfacet
  facet normal 0 0 1
    outer loop
      vertex -11.273568153381348 -21.981666564941406 9
      vertex -11.289402961730957 -22.823760986328125 9
      vertex -11.219403266906738 -22.822265625 9
    endloop
  endfacet
  facet normal 0 0 1
    outer loop
      vertex -11.322639465332031 -21.982040405273438 9
      vertex -11.289402961730957 -22.823760986328125 9
      vertex -11.273568153381348 -21.981666564941406 9
    endloop
  endfacet
  facet normal 0 0 1
    outer loop
      vertex -11.322639465332031 -21.982040405273438 9
      vertex -11.35923957824707 -22.824260711669922 9
      vertex -11.289402961730957 -22.823760986328125 9
    endloop
  endfacet
  facet normal 0 0 1
    outer loop
      vertex -11.322639465332031 -21.982040405273438 9
      vertex -11.56470775604248 -22.820232391357422 9
      vertex -11.35923957824707 -22.824260711669922 9
    endloop
  endfacet
  facet normal 0 0 1
    outer loop
      vertex -11.576802253723145 -21.972200393676758 9
      vertex -11.56470775604248 -22.820232391357422 9
      vertex -11.322639465332031 -21.982040405273438 9
    endloop
  endfacet
  facet normal 0 0 1
    outer loop
      vertex -11.576802253723145 -21.972200393676758 9
      vertex -11.76262092590332 -22.808151245117188 9
      vertex -11.56470775604248 -22.820232391357422 9
    endloop
  endfacet
  facet normal 0 0 1
    outer loop
      vertex -11.813860893249512 -21.942684173583984 9
      vertex -11.76262092590332 -22.808151245117188 9
      vertex -11.576802253723145 -21.972200393676758 9
    endloop
  endfacet
  facet normal 0 0 1
    outer loop
      vertex -11.813860893249512 -21.942684173583984 9
      vertex -11.95297908782959 -22.788013458251953 9
      vertex -11.76262092590332 -22.808151245117188 9
    endloop
  endfacet
  facet normal 0 0 1
    outer loop
      vertex -12.135781288146973 -22.759822845458984 9
      vertex -11.813860893249512 -21.942684173583984 9
      vertex -12.033815383911133 -21.893489837646484 9
    endloop
  endfacet
  facet normal 0 0 1
    outer loop
      vertex -11.813860893249512 -21.942684173583984 9
      vertex -12.135781288146973 -22.759822845458984 9
      vertex -11.95297908782959 -22.788013458251953 9
    endloop
  endfacet
  facet normal 0 0 1
    outer loop
      vertex -12.311029434204102 -22.723575592041016 9
      vertex -12.033815383911133 -21.893489837646484 9
      vertex -12.23666763305664 -21.82461929321289 9
    endloop
  endfacet
  facet normal 0 0 1
    outer loop
      vertex -12.033815383911133 -21.893489837646484 9
      vertex -12.311029434204102 -22.723575592041016 9
      vertex -12.135781288146973 -22.759822845458984 9
    endloop
  endfacet
  facet normal 0 0 1
    outer loop
      vertex -12.638859748840332 -22.62691879272461 9
      vertex -12.23666763305664 -21.82461929321289 9
      vertex -12.422414779663086 -21.736068725585938 9
    endloop
  endfacet
  facet normal 0 0 1
    outer loop
      vertex -12.23666763305664 -21.82461929321289 9
      vertex -12.478721618652344 -22.679275512695312 9
      vertex -12.311029434204102 -22.723575592041016 9
    endloop
  endfacet
  facet normal 0 0 1
    outer loop
      vertex -12.936631202697754 -22.50103759765625 9
      vertex -12.422414779663086 -21.736068725585938 9
      vertex -12.591058731079102 -21.627843856811523 9
    endloop
  endfacet
  facet normal 0 0 1
    outer loop
      vertex -12.23666763305664 -21.82461929321289 9
      vertex -12.638859748840332 -22.62691879272461 9
      vertex -12.478721618652344 -22.679275512695312 9
    endloop
  endfacet
  facet normal 0 0 1
    outer loop
      vertex -13.20450496673584 -22.348920822143555 9
      vertex -12.591058731079102 -21.627843856811523 9
      vertex -12.742599487304688 -21.49993896484375 9
    endloop
  endfacet
  facet normal 0 0 1
    outer loop
      vertex -12.422414779663086 -21.736068725585938 9
      vertex -12.791481971740723 -22.567256927490234 9
      vertex -12.638859748840332 -22.62691879272461 9
    endloop
  endfacet
  facet normal 0 0 1
    outer loop
      vertex -13.550259590148926 -22.07155990600586 9
      vertex -12.742599487304688 -21.49993896484375 9
      vertex -12.875457763671875 -21.352340698242188 9
    endloop
  endfacet
  facet normal 0 0 1
    outer loop
      vertex -12.422414779663086 -21.736068725585938 9
      vertex -12.936631202697754 -22.50103759765625 9
      vertex -12.791481971740723 -22.567256927490234 9
    endloop
  endfacet
  facet normal 0 0 1
    outer loop
      vertex -13.743395805358887 -21.855819702148438 9
      vertex -12.875457763671875 -21.352340698242188 9
      vertex -12.988056182861328 -21.18505859375 9
    endloop
  endfacet
  facet normal 0 0 1
    outer loop
      vertex -12.591058731079102 -21.627843856811523 9
      vertex -13.074305534362793 -22.42825698852539 9
      vertex -12.936631202697754 -22.50103759765625 9
    endloop
  endfacet
  facet normal 0 0 1
    outer loop
      vertex -13.906644821166992 -21.61783218383789 9
      vertex -12.988056182861328 -21.18505859375 9
      vertex -13.08039379119873 -20.99810028076172 9
    endloop
  endfacet
  facet normal 0 0 1
    outer loop
      vertex -14.095479965209961 -21.219139099121094 9
      vertex -13.08039379119873 -20.99810028076172 9
      vertex -13.152470588684082 -20.791458129882812 9
    endloop
  endfacet
  facet normal 0 0 1
    outer loop
      vertex -14.184171676635742 -20.928192138671875 9
      vertex -13.152470588684082 -20.791458129882812 9
      vertex -13.2042875289917 -20.565139770507812 9
    endloop
  endfacet
  facet normal 0 0 1
    outer loop
      vertex -12.591058731079102 -21.627843856811523 9
      vertex -13.20450496673584 -22.348920822143555 9
      vertex -13.074305534362793 -22.42825698852539 9
    endloop
  endfacet
  facet normal 0 0 1
    outer loop
      vertex -14.24329948425293 -20.620304107666016 9
      vertex -13.2042875289917 -20.565139770507812 9
      vertex -13.235843658447266 -20.31913948059082 9
    endloop
  endfacet
  facet normal 0 0 1
    outer loop
      vertex -14.27286434173584 -20.295482635498047 9
      vertex -13.235843658447266 -20.31913948059082 9
      vertex -13.247139930725098 -20.05345916748047 9
    endloop
  endfacet
  facet normal 0 0 1
    outer loop
      vertex -13.900239944458008 -18.607040405273438 9
      vertex -13.035462379455566 -19.073049545288086 9
      vertex -13.845717430114746 -18.51474380493164 9
    endloop
  endfacet
  facet normal 0 0 1
    outer loop
      vertex -13.951299667358398 -18.701784133911133 9
      vertex -13.035462379455566 -19.073049545288086 9
      vertex -13.900239944458008 -18.607040405273438 9
    endloop
  endfacet
  facet normal 0 0 1
    outer loop
      vertex -13.035462379455566 -19.073049545288086 9
      vertex -13.951299667358398 -18.701784133911133 9
      vertex -13.084419250488281 -19.17871856689453 9
    endloop
  endfacet
  facet normal 0 0 1
    outer loop
      vertex -13.99870777130127 -18.79885482788086 9
      vertex -13.084419250488281 -19.17871856689453 9
      vertex -13.951299667358398 -18.701784133911133 9
    endloop
  endfacet
  facet normal 0 0 1
    outer loop
      vertex -14.042465209960938 -18.89824676513672 9
      vertex -13.084419250488281 -19.17871856689453 9
      vertex -13.99870777130127 -18.79885482788086 9
    endloop
  endfacet
  facet normal 0 0 1
    outer loop
      vertex -13.084419250488281 -19.17871856689453 9
      vertex -14.042465209960938 -18.89824676513672 9
      vertex -13.12759017944336 -19.289230346679688 9
    endloop
  endfacet
  facet normal 0 0 1
    outer loop
      vertex -14.082571029663086 -18.999963760375977 9
      vertex -13.12759017944336 -19.289230346679688 9
      vertex -14.042465209960938 -18.89824676513672 9
    endloop
  endfacet
  facet normal 0 0 1
    outer loop
      vertex -13.12759017944336 -19.289230346679688 9
      vertex -14.082571029663086 -18.999963760375977 9
      vertex -13.164118766784668 -19.404560089111328 9
    endloop
  endfacet
  facet normal 0 0 1
    outer loop
      vertex -14.119025230407715 -19.10400390625 9
      vertex -13.164118766784668 -19.404560089111328 9
      vertex -14.082571029663086 -18.999963760375977 9
    endloop
  endfacet
  facet normal 0 0 1
    outer loop
      vertex -14.151827812194824 -19.210369110107422 9
      vertex -13.164118766784668 -19.404560089111328 9
      vertex -14.119025230407715 -19.10400390625 9
    endloop
  endfacet
  facet normal 0 0 1
    outer loop
      vertex -13.164118766784668 -19.404560089111328 9
      vertex -14.151827812194824 -19.210369110107422 9
      vertex -13.19400691986084 -19.524703979492188 9
    endloop
  endfacet
  facet normal 0 0 1
    outer loop
      vertex -14.18097972869873 -19.319059371948242 9
      vertex -13.19400691986084 -19.524703979492188 9
      vertex -14.151827812194824 -19.210369110107422 9
    endloop
  endfacet
  facet normal 0 0 1
    outer loop
      vertex -14.206337928771973 -19.42970085144043 9
      vertex -13.19400691986084 -19.524703979492188 9
      vertex -14.18097972869873 -19.319059371948242 9
    endloop
  endfacet
  facet normal 0 0 1
    outer loop
      vertex -13.19400691986084 -19.524703979492188 9
      vertex -14.206337928771973 -19.42970085144043 9
      vertex -13.217251777648926 -19.649667739868164 9
    endloop
  endfacet
  facet normal 0 0 1
    outer loop
      vertex -14.227794647216797 -19.541921615600586 9
      vertex -13.217251777648926 -19.649667739868164 9
      vertex -14.206337928771973 -19.42970085144043 9
    endloop
  endfacet
  facet normal 0 0 1
    outer loop
      vertex -13.217251777648926 -19.649667739868164 9
      vertex -14.227794647216797 -19.541921615600586 9
      vertex -13.233856201171875 -19.779449462890625 9
    endloop
  endfacet
  facet normal 0 0 1
    outer loop
      vertex -14.245349884033203 -19.65572166442871 9
      vertex -13.233856201171875 -19.779449462890625 9
      vertex -14.227794647216797 -19.541921615600586 9
    endloop
  endfacet
  facet normal 0 0 1
    outer loop
      vertex -14.259003639221191 -19.771102905273438 9
      vertex -13.233856201171875 -19.779449462890625 9
      vertex -14.245349884033203 -19.65572166442871 9
    endloop
  endfacet
  facet normal 0 0 1
    outer loop
      vertex -13.233856201171875 -19.779449462890625 9
      vertex -14.259003639221191 -19.771102905273438 9
      vertex -13.243818283081055 -19.914045333862305 9
    endloop
  endfacet
  facet normal 0 0 1
    outer loop
      vertex -14.268756866455078 -19.8880615234375 9
      vertex -13.243818283081055 -19.914045333862305 9
      vertex -14.259003639221191 -19.771102905273438 9
    endloop
  endfacet
  facet normal 0 0 1
    outer loop
      vertex -13.243818283081055 -19.914045333862305 9
      vertex -14.268756866455078 -19.8880615234375 9
      vertex -13.247139930725098 -20.05345916748047 9
    endloop
  endfacet
  facet normal 0 0 1
    outer loop
      vertex -14.274608612060547 -20.00659942626953 9
      vertex -13.247139930725098 -20.05345916748047 9
      vertex -14.268756866455078 -19.8880615234375 9
    endloop
  endfacet
  facet normal 0 0 1
    outer loop
      vertex -14.276559829711914 -20.126720428466797 9
      vertex -13.247139930725098 -20.05345916748047 9
      vertex -14.274608612060547 -20.00659942626953 9
    endloop
  endfacet
  facet normal 0 0 1
    outer loop
      vertex -14.27286434173584 -20.295482635498047 9
      vertex -13.247139930725098 -20.05345916748047 9
      vertex -14.276559829711914 -20.126720428466797 9
    endloop
  endfacet
  facet normal 0 0 1
    outer loop
      vertex -13.235843658447266 -20.31913948059082 9
      vertex -14.27286434173584 -20.295482635498047 9
      vertex -14.261777877807617 -20.460010528564453 9
    endloop
  endfacet
  facet normal 0 0 1
    outer loop
      vertex -13.08039379119873 -20.99810028076172 9
      vertex -14.095479965209961 -21.219139099121094 9
      vertex -14.040006637573242 -21.35759735107422 9
    endloop
  endfacet
  facet normal 0 0 1
    outer loop
      vertex -13.235843658447266 -20.31913948059082 9
      vertex -14.261777877807617 -20.460010528564453 9
      vertex -14.24329948425293 -20.620304107666016 9
    endloop
  endfacet
  facet normal 0 0 1
    outer loop
      vertex -13.2042875289917 -20.565139770507812 9
      vertex -14.24329948425293 -20.620304107666016 9
      vertex -14.21743106842041 -20.776365280151367 9
    endloop
  endfacet
  facet normal 0 0 1
    outer loop
      vertex -13.152470588684082 -20.791458129882812 9
      vertex -14.143521308898926 -21.075782775878906 9
      vertex -14.095479965209961 -21.219139099121094 9
    endloop
  endfacet
  facet normal 0 0 1
    outer loop
      vertex -13.2042875289917 -20.565139770507812 9
      vertex -14.21743106842041 -20.776365280151367 9
      vertex -14.184171676635742 -20.928192138671875 9
    endloop
  endfacet
  facet normal 0 0 1
    outer loop
      vertex -13.152470588684082 -20.791458129882812 9
      vertex -14.184171676635742 -20.928192138671875 9
      vertex -14.143521308898926 -21.075782775878906 9
    endloop
  endfacet
  facet normal 0 0 1
    outer loop
      vertex -12.742599487304688 -21.49993896484375 9
      vertex -13.550259590148926 -22.07155990600586 9
      vertex -13.442481994628906 -22.170570373535156 9
    endloop
  endfacet
  facet normal 0 0 1
    outer loop
      vertex -13.08039379119873 -20.99810028076172 9
      vertex -14.040006637573242 -21.35759735107422 9
      vertex -13.97706127166748 -21.490497589111328 9
    endloop
  endfacet
  facet normal 0 0 1
    outer loop
      vertex -12.875457763671875 -21.352340698242188 9
      vertex -13.65056324005127 -21.966468811035156 9
      vertex -13.550259590148926 -22.07155990600586 9
    endloop
  endfacet
  facet normal 0 0 1
    outer loop
      vertex -12.988056182861328 -21.18505859375 9
      vertex -13.906644821166992 -21.61783218383789 9
      vertex -13.828756332397461 -21.739606857299805 9
    endloop
  endfacet
  facet normal 0 0 1
    outer loop
      vertex -13.08039379119873 -20.99810028076172 9
      vertex -13.97706127166748 -21.490497589111328 9
      vertex -13.906644821166992 -21.61783218383789 9
    endloop
  endfacet
  facet normal 0 0 1
    outer loop
      vertex -12.875457763671875 -21.352340698242188 9
      vertex -13.743395805358887 -21.855819702148438 9
      vertex -13.65056324005127 -21.966468811035156 9
    endloop
  endfacet
  facet normal 0 0 1
    outer loop
      vertex -12.988056182861328 -21.18505859375 9
      vertex -13.828756332397461 -21.739606857299805 9
      vertex -13.743395805358887 -21.855819702148438 9
    endloop
  endfacet
  facet normal 0 0 1
    outer loop
      vertex -12.742599487304688 -21.49993896484375 9
      vertex -13.442481994628906 -22.170570373535156 9
      vertex -13.327231407165527 -22.263025283813477 9
    endloop
  endfacet
  facet normal 0 0 1
    outer loop
      vertex -12.742599487304688 -21.49993896484375 9
      vertex -13.327231407165527 -22.263025283813477 9
      vertex -13.20450496673584 -22.348920822143555 9
    endloop
  endfacet
  facet normal 0 0 1
    outer loop
      vertex 6.380319595336914 -17.278579711914062 9
      vertex 3.910599708557129 -18.112640380859375 9
      vertex 6.380319595336914 -18.112640380859375 9
    endloop
  endfacet
  facet normal 0 0 1
    outer loop
      vertex 2.913759231567383 -17.278579711914062 9
      vertex 3.910599708557129 -19.520479202270508 9
      vertex 3.910599708557129 -18.112640380859375 9
    endloop
  endfacet
  facet normal 0 0 1
    outer loop
      vertex 3.910599708557129 -19.520479202270508 9
      vertex 2.913759231567383 -17.278579711914062 9
      vertex 3.910599708557129 -20.35453987121582 9
    endloop
  endfacet
  facet normal 0 0 1
    outer loop
      vertex 2.913759231567383 -17.278579711914062 9
      vertex 3.910599708557129 -18.112640380859375 9
      vertex 6.380319595336914 -17.278579711914062 9
    endloop
  endfacet
  facet normal 0 0 1
    outer loop
      vertex 3.910599708557129 -20.35453987121582 9
      vertex 2.913759231567383 -17.278579711914062 9
      vertex 2.913759231567383 -22.72256088256836 9
    endloop
  endfacet
  facet normal 0 0 1
    outer loop
      vertex 3.910599708557129 -20.35453987121582 9
      vertex 2.913759231567383 -22.72256088256836 9
      vertex 3.910599708557129 -22.72256088256836 9
    endloop
  endfacet
  facet normal 0 0 1
    outer loop
      vertex 3.910599708557129 -19.520479202270508 9
      vertex 6.022299766540527 -20.35453987121582 9
      vertex 6.022299766540527 -19.520479202270508 9
    endloop
  endfacet
  facet normal 0 0 1
    outer loop
      vertex 6.022299766540527 -20.35453987121582 9
      vertex 3.910599708557129 -19.520479202270508 9
      vertex 3.910599708557129 -20.35453987121582 9
    endloop
  endfacet
  facet normal 0 0 1
    outer loop
      vertex -16.331439971923828 -17.278579711914062 9
      vertex -15.334599494934082 -22.72256088256836 9
      vertex -15.334599494934082 -17.278579711914062 9
    endloop
  endfacet
  facet normal 0 0 1
    outer loop
      vertex -15.334599494934082 -22.72256088256836 9
      vertex -16.331439971923828 -17.278579711914062 9
      vertex -16.331439971923828 -22.72256088256836 9
    endloop
  endfacet
  facet normal 0 0 1
    outer loop
      vertex -4.661777496337891 -20.06806755065918 9
      vertex -3.668919563293457 -22.72256088256836 9
      vertex -3.668919563293457 -17.278579711914062 9
    endloop
  endfacet
  facet normal 0 0 1
    outer loop
      vertex -3.668919563293457 -22.72256088256836 9
      vertex -4.629920959472656 -20.998737335205078 9
      vertex -4.616979598999023 -21.290359497070312 9
    endloop
  endfacet
  facet normal 0 0 1
    outer loop
      vertex -3.668919563293457 -22.72256088256836 9
      vertex -4.640872001647949 -20.73069953918457 9
      vertex -4.629920959472656 -20.998737335205078 9
    endloop
  endfacet
  facet normal 0 0 1
    outer loop
      vertex -3.668919563293457 -22.72256088256836 9
      vertex -4.649831771850586 -20.48624038696289 9
      vertex -4.640872001647949 -20.73069953918457 9
    endloop
  endfacet
  facet normal 0 0 1
    outer loop
      vertex -3.668919563293457 -22.72256088256836 9
      vertex -4.656800270080566 -20.265363693237305 9
      vertex -4.649831771850586 -20.48624038696289 9
    endloop
  endfacet
  facet normal 0 0 1
    outer loop
      vertex -3.668919563293457 -22.72256088256836 9
      vertex -4.661777496337891 -20.06806755065918 9
      vertex -4.656800270080566 -20.265363693237305 9
    endloop
  endfacet
  facet normal 0 0 1
    outer loop
      vertex -3.668919563293457 -17.278579711914062 9
      vertex -4.664764404296875 -19.894351959228516 9
      vertex -4.661777496337891 -20.06806755065918 9
    endloop
  endfacet
  facet normal 0 0 1
    outer loop
      vertex -4.665759086608887 -19.744220733642578 9
      vertex -3.668919563293457 -17.278579711914062 9
      vertex -4.665759086608887 -17.278579711914062 9
    endloop
  endfacet
  facet normal 0 0 1
    outer loop
      vertex -3.668919563293457 -17.278579711914062 9
      vertex -4.665759086608887 -19.744220733642578 9
      vertex -4.664764404296875 -19.894351959228516 9
    endloop
  endfacet
  facet normal 0 0 1
    outer loop
      vertex -4.714599609375 -22.72256088256836 9
      vertex -4.616979598999023 -21.290359497070312 9
      vertex -4.641399383544922 -21.290359497070312 9
    endloop
  endfacet
  facet normal 0 0 1
    outer loop
      vertex -4.616979598999023 -21.290359497070312 9
      vertex -4.714599609375 -22.72256088256836 9
      vertex -3.668919563293457 -22.72256088256836 9
    endloop
  endfacet
  facet normal 0 0 1
    outer loop
      vertex -4.750506401062012 -21.101703643798828 9
      vertex -4.714599609375 -22.72256088256836 9
      vertex -4.641399383544922 -21.290359497070312 9
    endloop
  endfacet
  facet normal 0 0 1
    outer loop
      vertex -6.488559722900391 -20.21617889404297 9
      vertex -4.750506401062012 -21.101703643798828 9
      vertex -4.868581771850586 -20.90540885925293 9
    endloop
  endfacet
  facet normal 0 0 1
    outer loop
      vertex -6.488559722900391 -20.21617889404297 9
      vertex -4.868581771850586 -20.90540885925293 9
      vertex -4.995624542236328 -20.701473236083984 9
    endloop
  endfacet
  facet normal 0 0 1
    outer loop
      vertex -6.488559722900391 -20.21617889404297 9
      vertex -4.995624542236328 -20.701473236083984 9
      vertex -5.131636619567871 -20.48989486694336 9
    endloop
  endfacet
  facet normal 0 0 1
    outer loop
      vertex -6.488559722900391 -20.21617889404297 9
      vertex -5.131636619567871 -20.48989486694336 9
      vertex -5.276616096496582 -20.27067756652832 9
    endloop
  endfacet
  facet normal 0 0 1
    outer loop
      vertex -6.488559722900391 -20.21617889404297 9
      vertex -5.276616096496582 -20.27067756652832 9
      vertex -5.430563926696777 -20.043819427490234 9
    endloop
  endfacet
  facet normal 0 0 1
    outer loop
      vertex -6.488559722900391 -20.21617889404297 9
      vertex -5.430563926696777 -20.043819427490234 9
      vertex -5.593479156494141 -19.80931854248047 9
    endloop
  endfacet
  facet normal 0 0 1
    outer loop
      vertex -4.750506401062012 -21.101703643798828 9
      vertex -6.488559722900391 -20.21617889404297 9
      vertex -4.714599609375 -22.72256088256836 9
    endloop
  endfacet
  facet normal 0 0 1
    outer loop
      vertex -5.593479156494141 -19.80931854248047 9
      vertex -6.622920036315918 -20.02594566345215 9
      vertex -6.488559722900391 -20.21617889404297 9
    endloop
  endfacet
  facet normal 0 0 1
    outer loop
      vertex -5.593479156494141 -19.80931854248047 9
      vertex -6.758608818054199 -19.82724380493164 9
      vertex -6.622920036315918 -20.02594566345215 9
    endloop
  endfacet
  facet normal 0 0 1
    outer loop
      vertex -5.593479156494141 -19.80931854248047 9
      vertex -6.895624160766602 -19.620071411132812 9
      vertex -6.758608818054199 -19.82724380493164 9
    endloop
  endfacet
  facet normal 0 0 1
    outer loop
      vertex -5.593479156494141 -19.80931854248047 9
      vertex -7.033967018127441 -19.404430389404297 9
      vertex -6.895624160766602 -19.620071411132812 9
    endloop
  endfacet
  facet normal 0 0 1
    outer loop
      vertex -5.593479156494141 -19.80931854248047 9
      vertex -7.173637390136719 -19.180322647094727 9
      vertex -7.033967018127441 -19.404430389404297 9
    endloop
  endfacet
  facet normal 0 0 1
    outer loop
      vertex -5.593479156494141 -19.80931854248047 9
      vertex -7.314634323120117 -18.94774627685547 9
      vertex -7.173637390136719 -19.180322647094727 9
    endloop
  endfacet
  facet normal 0 0 1
    outer loop
      vertex -7.383699417114258 -17.278579711914062 9
      vertex -7.314634323120117 -18.94774627685547 9
      vertex -5.593479156494141 -19.80931854248047 9
    endloop
  endfacet
  facet normal 0 0 1
    outer loop
      vertex -7.383699417114258 -17.278579711914062 9
      vertex -7.4569597244262695 -18.70669937133789 9
      vertex -7.314634323120117 -18.94774627685547 9
    endloop
  endfacet
  facet normal 0 0 1
    outer loop
      vertex -7.383699417114258 -17.278579711914062 9
      vertex -7.481379508972168 -18.70669937133789 9
      vertex -7.4569597244262695 -18.70669937133789 9
    endloop
  endfacet
  facet normal 0 0 1
    outer loop
      vertex -7.481379508972168 -18.70669937133789 9
      vertex -7.383699417114258 -17.278579711914062 9
      vertex -8.4293794631958 -17.278579711914062 9
    endloop
  endfacet
  facet normal 0 0 1
    outer loop
      vertex -8.4293794631958 -22.72256088256836 9
      vertex -7.432539939880371 -20.256919860839844 9
      vertex -7.433536529541016 -20.09075927734375 9
    endloop
  endfacet
  facet normal 0 0 1
    outer loop
      vertex -8.4293794631958 -22.72256088256836 9
      vertex -7.433536529541016 -20.09075927734375 9
      vertex -7.436526298522949 -19.906166076660156 9
    endloop
  endfacet
  facet normal 0 0 1
    outer loop
      vertex -8.4293794631958 -17.278579711914062 9
      vertex -7.436526298522949 -19.906166076660156 9
      vertex -7.441510200500488 -19.703140258789062 9
    endloop
  endfacet
  facet normal 0 0 1
    outer loop
      vertex -8.4293794631958 -17.278579711914062 9
      vertex -7.441510200500488 -19.703140258789062 9
      vertex -7.448487281799316 -19.481679916381836 9
    endloop
  endfacet
  facet normal 0 0 1
    outer loop
      vertex -8.4293794631958 -17.278579711914062 9
      vertex -7.448487281799316 -19.481679916381836 9
      vertex -7.457457542419434 -19.24178695678711 9
    endloop
  endfacet
  facet normal 0 0 1
    outer loop
      vertex -8.4293794631958 -17.278579711914062 9
      vertex -7.457457542419434 -19.24178695678711 9
      vertex -7.468421936035156 -18.98345947265625 9
    endloop
  endfacet
  facet normal 0 0 1
    outer loop
      vertex -8.4293794631958 -17.278579711914062 9
      vertex -7.468421936035156 -18.98345947265625 9
      vertex -7.481379508972168 -18.70669937133789 9
    endloop
  endfacet
  facet normal 0 0 1
    outer loop
      vertex -7.436526298522949 -19.906166076660156 9
      vertex -8.4293794631958 -17.278579711914062 9
      vertex -8.4293794631958 -22.72256088256836 9
    endloop
  endfacet
  facet normal 0 0 1
    outer loop
      vertex -7.432539939880371 -20.256919860839844 9
      vertex -8.4293794631958 -22.72256088256836 9
      vertex -7.432539939880371 -22.72256088256836 9
    endloop
  endfacet
  facet normal 0 0 1
    outer loop
      vertex 11.551959991455078 -22.72256088256836 9
      vertex 9.965139389038086 -21.335119247436523 9
      vertex 10.49817943572998 -22.72256088256836 9
    endloop
  endfacet
  facet normal 0 0 1
    outer loop
      vertex 11.551959991455078 -22.72256088256836 9
      vertex 9.643719673156738 -20.500999450683594 9
      vertex 9.965139389038086 -21.335119247436523 9
    endloop
  endfacet
  facet normal 0 0 1
    outer loop
      vertex 9.3914794921875 -17.278579711914062 9
      vertex 9.643719673156738 -20.500999450683594 9
      vertex 11.551959991455078 -22.72256088256836 9
    endloop
  endfacet
  facet normal 0 0 1
    outer loop
      vertex 9.643719673156738 -20.500999450683594 9
      vertex 9.3914794921875 -17.278579711914062 9
      vertex 9.456579208374023 -20.01685905456543 9
    endloop
  endfacet
  facet normal 0 0 1
    outer loop
      vertex 9.3914794921875 -17.278579711914062 9
      vertex 9.39139175415039 -19.846210479736328 9
      vertex 9.456579208374023 -20.01685905456543 9
    endloop
  endfacet
  facet normal 0 0 1
    outer loop
      vertex 9.3914794921875 -17.278579711914062 9
      vertex 9.323712348937988 -19.66443634033203 9
      vertex 9.39139175415039 -19.846210479736328 9
    endloop
  endfacet
  facet normal 0 0 1
    outer loop
      vertex 9.3914794921875 -17.278579711914062 9
      vertex 9.25354290008545 -19.47153663635254 9
      vertex 9.323712348937988 -19.66443634033203 9
    endloop
  endfacet
  facet normal 0 0 1
    outer loop
      vertex 9.3914794921875 -17.278579711914062 9
      vertex 9.180883407592773 -19.26751136779785 9
      vertex 9.25354290008545 -19.47153663635254 9
    endloop
  endfacet
  facet normal 0 0 1
    outer loop
      vertex 9.3914794921875 -17.278579711914062 9
      vertex 9.105732917785645 -19.05236053466797 9
      vertex 9.180883407592773 -19.26751136779785 9
    endloop
  endfacet
  facet normal 0 0 1
    outer loop
      vertex 9.3914794921875 -17.278579711914062 9
      vertex 9.028091430664062 -18.826082229614258 9
      vertex 9.105732917785645 -19.05236053466797 9
    endloop
  endfacet
  facet normal 0 0 1
    outer loop
      vertex 9.3914794921875 -17.278579711914062 9
      vertex 8.947959899902344 -18.588680267333984 9
      vertex 9.028091430664062 -18.826082229614258 9
    endloop
  endfacet
  facet normal 0 0 1
    outer loop
      vertex 9.3914794921875 -17.278579711914062 9
      vertex 8.931699752807617 -18.588680267333984 9
      vertex 8.947959899902344 -18.588680267333984 9
    endloop
  endfacet
  facet normal 0 0 1
    outer loop
      vertex 8.480079650878906 -17.278579711914062 9
      vertex 8.851567268371582 -18.82708168029785 9
      vertex 8.931699752807617 -18.588680267333984 9
    endloop
  endfacet
  facet normal 0 0 1
    outer loop
      vertex 8.851567268371582 -18.82708168029785 9
      vertex 8.480079650878906 -17.278579711914062 9
      vertex 8.773926734924316 -19.05402374267578 9
    endloop
  endfacet
  facet normal 0 0 1
    outer loop
      vertex 8.773926734924316 -19.05402374267578 9
      vertex 8.480079650878906 -17.278579711914062 9
      vertex 8.698776245117188 -19.269508361816406 9
    endloop
  endfacet
  facet normal 0 0 1
    outer loop
      vertex 8.698776245117188 -19.269508361816406 9
      vertex 8.480079650878906 -17.278579711914062 9
      vertex 8.626115798950195 -19.473533630371094 9
    endloop
  endfacet
  facet normal 0 0 1
    outer loop
      vertex 8.626115798950195 -19.473533630371094 9
      vertex 8.480079650878906 -17.278579711914062 9
      vertex 8.555946350097656 -19.66610336303711 9
    endloop
  endfacet
  facet normal 0 0 1
    outer loop
      vertex 8.480079650878906 -17.278579711914062 9
      vertex 8.931699752807617 -18.588680267333984 9
      vertex 9.3914794921875 -17.278579711914062 9
    endloop
  endfacet
  facet normal 0 0 1
    outer loop
      vertex 8.555946350097656 -19.66610336303711 9
      vertex 8.480079650878906 -17.278579711914062 9
      vertex 8.48826789855957 -19.847209930419922 9
    endloop
  endfacet
  facet normal 0 0 1
    outer loop
      vertex 8.480079650878906 -17.278579711914062 9
      vertex 8.423079490661621 -20.01685905456543 9
      vertex 8.48826789855957 -19.847209930419922 9
    endloop
  endfacet
  facet normal 0 0 1
    outer loop
      vertex 8.480079650878906 -17.278579711914062 9
      vertex 8.235939979553223 -20.500999450683594 9
      vertex 8.423079490661621 -20.01685905456543 9
    endloop
  endfacet
  facet normal 0 0 1
    outer loop
      vertex 6.3195390701293945 -22.72256088256836 9
      vertex 8.235939979553223 -20.500999450683594 9
      vertex 8.480079650878906 -17.278579711914062 9
    endloop
  endfacet
  facet normal 0 0 1
    outer loop
      vertex 8.235939979553223 -20.500999450683594 9
      vertex 6.3195390701293945 -22.72256088256836 9
      vertex 7.914519309997559 -21.335119247436523 9
    endloop
  endfacet
  facet normal 0 0 1
    outer loop
      vertex 7.914519309997559 -21.335119247436523 9
      vertex 6.3195390701293945 -22.72256088256836 9
      vertex 7.381479263305664 -22.72256088256836 9
    endloop
  endfacet
  facet normal 0 0 1
    outer loop
      vertex 8.235939979553223 -20.500999450683594 9
      vertex 9.965139389038086 -21.335119247436523 9
      vertex 9.643719673156738 -20.500999450683594 9
    endloop
  endfacet
  facet normal 0 0 1
    outer loop
      vertex 9.965139389038086 -21.335119247436523 9
      vertex 8.235939979553223 -20.500999450683594 9
      vertex 7.914519309997559 -21.335119247436523 9
    endloop
  endfacet
  facet normal 0 0 1
    outer loop
      vertex 16.093021392822266 -20.06806755065918 9
      vertex 17.085880279541016 -22.72256088256836 9
      vertex 17.085880279541016 -17.278579711914062 9
    endloop
  endfacet
  facet normal 0 0 1
    outer loop
      vertex 17.085880279541016 -22.72256088256836 9
      vertex 16.1248779296875 -20.998737335205078 9
      vertex 16.137819290161133 -21.290359497070312 9
    endloop
  endfacet
  facet normal 0 0 1
    outer loop
      vertex 17.085880279541016 -22.72256088256836 9
      vertex 16.11392593383789 -20.73069953918457 9
      vertex 16.1248779296875 -20.998737335205078 9
    endloop
  endfacet
  facet normal 0 0 1
    outer loop
      vertex 17.085880279541016 -22.72256088256836 9
      vertex 16.104969024658203 -20.48624038696289 9
      vertex 16.11392593383789 -20.73069953918457 9
    endloop
  endfacet
  facet normal 0 0 1
    outer loop
      vertex 17.085880279541016 -22.72256088256836 9
      vertex 16.097999572753906 -20.265363693237305 9
      vertex 16.104969024658203 -20.48624038696289 9
    endloop
  endfacet
  facet normal 0 0 1
    outer loop
      vertex 17.085880279541016 -22.72256088256836 9
      vertex 16.093021392822266 -20.06806755065918 9
      vertex 16.097999572753906 -20.265363693237305 9
    endloop
  endfacet
  facet normal 0 0 1
    outer loop
      vertex 17.085880279541016 -17.278579711914062 9
      vertex 16.09003448486328 -19.894351959228516 9
      vertex 16.093021392822266 -20.06806755065918 9
    endloop
  endfacet
  facet normal 0 0 1
    outer loop
      vertex 16.089038848876953 -19.744220733642578 9
      vertex 17.085880279541016 -17.278579711914062 9
      vertex 16.089038848876953 -17.278579711914062 9
    endloop
  endfacet
  facet normal 0 0 1
    outer loop
      vertex 17.085880279541016 -17.278579711914062 9
      vertex 16.089038848876953 -19.744220733642578 9
      vertex 16.09003448486328 -19.894351959228516 9
    endloop
  endfacet
  facet normal 0 0 1
    outer loop
      vertex 16.040199279785156 -22.72256088256836 9
      vertex 16.137819290161133 -21.290359497070312 9
      vertex 16.113399505615234 -21.290359497070312 9
    endloop
  endfacet
  facet normal 0 0 1
    outer loop
      vertex 16.137819290161133 -21.290359497070312 9
      vertex 16.040199279785156 -22.72256088256836 9
      vertex 17.085880279541016 -22.72256088256836 9
    endloop
  endfacet
  facet normal 0 0 1
    outer loop
      vertex 16.004291534423828 -21.101703643798828 9
      vertex 16.040199279785156 -22.72256088256836 9
      vertex 16.113399505615234 -21.290359497070312 9
    endloop
  endfacet
  facet normal 0 0 1
    outer loop
      vertex 14.266239166259766 -20.21617889404297 9
      vertex 16.004291534423828 -21.101703643798828 9
      vertex 15.88621711730957 -20.90540885925293 9
    endloop
  endfacet
  facet normal 0 0 1
    outer loop
      vertex 14.266239166259766 -20.21617889404297 9
      vertex 15.88621711730957 -20.90540885925293 9
      vertex 15.759174346923828 -20.701473236083984 9
    endloop
  endfacet
  facet normal 0 0 1
    outer loop
      vertex 14.266239166259766 -20.21617889404297 9
      vertex 15.759174346923828 -20.701473236083984 9
      vertex 15.623163223266602 -20.48989486694336 9
    endloop
  endfacet
  facet normal 0 0 1
    outer loop
      vertex 14.266239166259766 -20.21617889404297 9
      vertex 15.623163223266602 -20.48989486694336 9
      vertex 15.478182792663574 -20.27067756652832 9
    endloop
  endfacet
  facet normal 0 0 1
    outer loop
      vertex 14.266239166259766 -20.21617889404297 9
      vertex 15.478182792663574 -20.27067756652832 9
      vertex 15.324235916137695 -20.043819427490234 9
    endloop
  endfacet
  facet normal 0 0 1
    outer loop
      vertex 14.266239166259766 -20.21617889404297 9
      vertex 15.324235916137695 -20.043819427490234 9
      vertex 15.161319732666016 -19.80931854248047 9
    endloop
  endfacet
  facet normal 0 0 1
    outer loop
      vertex 16.004291534423828 -21.101703643798828 9
      vertex 14.266239166259766 -20.21617889404297 9
      vertex 16.040199279785156 -22.72256088256836 9
    endloop
  endfacet
  facet normal 0 0 1
    outer loop
      vertex 15.161319732666016 -19.80931854248047 9
      vertex 14.131878852844238 -20.02594566345215 9
      vertex 14.266239166259766 -20.21617889404297 9
    endloop
  endfacet
  facet normal 0 0 1
    outer loop
      vertex 15.161319732666016 -19.80931854248047 9
      vertex 13.996190071105957 -19.82724380493164 9
      vertex 14.131878852844238 -20.02594566345215 9
    endloop
  endfacet
  facet normal 0 0 1
    outer loop
      vertex 15.161319732666016 -19.80931854248047 9
      vertex 13.859174728393555 -19.620071411132812 9
      vertex 13.996190071105957 -19.82724380493164 9
    endloop
  endfacet
  facet normal 0 0 1
    outer loop
      vertex 15.161319732666016 -19.80931854248047 9
      vertex 13.720831871032715 -19.404430389404297 9
      vertex 13.859174728393555 -19.620071411132812 9
    endloop
  endfacet
  facet normal 0 0 1
    outer loop
      vertex 15.161319732666016 -19.80931854248047 9
      vertex 13.581162452697754 -19.180322647094727 9
      vertex 13.720831871032715 -19.404430389404297 9
    endloop
  endfacet
  facet normal 0 0 1
    outer loop
      vertex 15.161319732666016 -19.80931854248047 9
      vertex 13.440164566040039 -18.94774627685547 9
      vertex 13.581162452697754 -19.180322647094727 9
    endloop
  endfacet
  facet normal 0 0 1
    outer loop
      vertex 13.371099472045898 -17.278579711914062 9
      vertex 13.440164566040039 -18.94774627685547 9
      vertex 15.161319732666016 -19.80931854248047 9
    endloop
  endfacet
  facet normal 0 0 1
    outer loop
      vertex 13.371099472045898 -17.278579711914062 9
      vertex 13.297839164733887 -18.70669937133789 9
      vertex 13.440164566040039 -18.94774627685547 9
    endloop
  endfacet
  facet normal 0 0 1
    outer loop
      vertex 13.371099472045898 -17.278579711914062 9
      vertex 13.273419380187988 -18.70669937133789 9
      vertex 13.297839164733887 -18.70669937133789 9
    endloop
  endfacet
  facet normal 0 0 1
    outer loop
      vertex 13.273419380187988 -18.70669937133789 9
      vertex 13.371099472045898 -17.278579711914062 9
      vertex 12.325419425964355 -17.278579711914062 9
    endloop
  endfacet
  facet normal 0 0 1
    outer loop
      vertex 12.325419425964355 -22.72256088256836 9
      vertex 13.322259902954102 -20.256919860839844 9
      vertex 13.32126235961914 -20.09075927734375 9
    endloop
  endfacet
  facet normal 0 0 1
    outer loop
      vertex 12.325419425964355 -22.72256088256836 9
      vertex 13.32126235961914 -20.09075927734375 9
      vertex 13.318272590637207 -19.906166076660156 9
    endloop
  endfacet
  facet normal 0 0 1
    outer loop
      vertex 12.325419425964355 -17.278579711914062 9
      vertex 13.318272590637207 -19.906166076660156 9
      vertex 13.313288688659668 -19.703140258789062 9
    endloop
  endfacet
  facet normal 0 0 1
    outer loop
      vertex 12.325419425964355 -17.278579711914062 9
      vertex 13.313288688659668 -19.703140258789062 9
      vertex 13.30631160736084 -19.481679916381836 9
    endloop
  endfacet
  facet normal 0 0 1
    outer loop
      vertex 12.325419425964355 -17.278579711914062 9
      vertex 13.30631160736084 -19.481679916381836 9
      vertex 13.297341346740723 -19.24178695678711 9
    endloop
  endfacet
  facet normal 0 0 1
    outer loop
      vertex 12.325419425964355 -17.278579711914062 9
      vertex 13.297341346740723 -19.24178695678711 9
      vertex 13.286376953125 -18.98345947265625 9
    endloop
  endfacet
  facet normal 0 0 1
    outer loop
      vertex 12.325419425964355 -17.278579711914062 9
      vertex 13.286376953125 -18.98345947265625 9
      vertex 13.273419380187988 -18.70669937133789 9
    endloop
  endfacet
  facet normal 0 0 1
    outer loop
      vertex 13.318272590637207 -19.906166076660156 9
      vertex 12.325419425964355 -17.278579711914062 9
      vertex 12.325419425964355 -22.72256088256836 9
    endloop
  endfacet
  facet normal 0 0 1
    outer loop
      vertex 13.322259902954102 -20.256919860839844 9
      vertex 12.325419425964355 -22.72256088256836 9
      vertex 13.322259902954102 -22.72256088256836 9
    endloop
  endfacet
endsolid OpenSCAD_Model
